대학ID,학년도,모집단위,전형명,전형유형,모집인원,지원자수
1,2024,경영학부,학생부교과(학생부우수자),학생부교과,9,185
1,2024,경영학부,학생부교과(지역균형),학생부교과,12,128
1,2024,경영학부,학생부종합(가천바람개비),학생부종합,22,500
1,2024,경영학부,학생부종합(기회균형),학생부종합,1,8
1,2024,미디어커뮤니케이션학과,학생부교과(학생부우수자),학생부교과,5,56
1,2024,미디어커뮤니케이션학과,학생부교과(지역균형),학생부교과,9,110
1,2024,미디어커뮤니케이션학과,학생부종합(가천바람개비),학생부종합,21,412
1,2024,미디어커뮤니케이션학과,논술(논술전형),논술,13,1061
1,2024,미디어커뮤니케이션학과,학생부종합(기회균형),학생부종합,4,52
1,2024,관광경영학과,학생부교과(학생부우수자),학생부교과,5,77
1,2024,관광경영학과,학생부종합(가천바람개비),학생부종합,20,330
1,2024,관광경영학과,논술(논술전형),논술,12,462
1,2024,관광경영학과,학생부종합(기회균형),학생부종합,4,37
1,2024,경제학과,학생부교과(학생부우수자),학생부교과,17,356
1,2024,경제학과,학생부교과(지역균형),학생부교과,10,132
1,2024,경제학과,학생부종합(가천바람개비),학생부종합,19,252
1,2024,경제학과,학생부종합(기회균형),학생부종합,1,9
1,2024,의료산업경영학과,학생부교과(학생부우수자),학생부교과,7,131
1,2024,의료산업경영학과,학생부종합(가천바람개비),학생부종합,17,427
1,2024,의료산업경영학과,논술(논술전형),논술,14,458
1,2024,의료산업경영학과,학생부종합(기회균형),학생부종합,2,20
1,2024,응용통계학과,학생부교과(학생부우수자),학생부교과,7,52
1,2024,응용통계학과,학생부교과(지역균형),학생부교과,11,81
1,2024,응용통계학과,학생부종합(가천바람개비),학생부종합,8,128
1,2024,응용통계학과,논술(논술전형),논술,13,1028
1,2024,사회복지학과,학생부교과(학생부우수자),학생부교과,10,99
1,2024,사회복지학과,학생부종합(가천바람개비),학생부종합,11,166
1,2024,사회복지학과,논술(논술전형),논술,12,726
1,2024,사회복지학과,학생부종합(기회균형),학생부종합,4,30
1,2024,유아교육학과,학생부교과(학생부우수자),학생부교과,19,257
1,2024,유아교육학과,학생부교과(지역균형),학생부교과,7,90
1,2024,유아교육학과,학생부종합(가천바람개비),학생부종합,18,426
1,2024,행정학과,학생부교과(학생부우수자),학생부교과,5,99
1,2024,행정학과,학생부종합(가천바람개비),학생부종합,15,326
1,2024,행정학과,논술(논술전형),논술,14,976
1,2024,행정학과,학생부종합(기회균형),학생부종합,1,6
1,2024,법학과,학생부교과(학생부우수자),학생부교과,7,88
1,2024,법학과,학생부종합(가천바람개비),학생부종합,16,286
1,2024,법학과,학생부종합(기회균형),학생부종합,2,9
1,2024,경찰행정학과,학생부교과(학생부우수자),학생부교과,9,157
1,2024,경찰행정학과,학생부교과(지역균형),학생부교과,9,203
1,2024,경찰행정학과,학생부종합(가천바람개비),학생부종합,14,395
1,2024,경찰행정학과,학생부종합(기회균형),학생부종합,4,43
1,2024,한국어문학과,학생부교과(학생부우수자),학생부교과,11,92
1,2024,한국어문학과,학생부종합(가천바람개비),학생부종합,9,104
1,2024,한국어문학과,논술(논술전형),논술,5,237
1,2024,한국어문학과,학생부종합(기회균형),학생부종합,4,31
1,2024,영미어문학과,학생부종합(가천바람개비),학생부종합,5,41
1,2024,영미어문학과,논술(논술전형),논술,10,353
1,2024,동양어문학과,학생부교과(학생부우수자),학생부교과,7,71
1,2024,동양어문학과,학생부종합(가천바람개비),학생부종합,5,52
1,2024,동양어문학과,논술(논술전형),논술,5,302
1,2024,동양어문학과,학생부종합(기회균형),학생부종합,2,15
1,2024,컴퓨터공학부,학생부교과(학생부우수자),학생부교과,13,214
1,2024,컴퓨터공학부,학생부교과(지역균형),학생부교과,15,298
1,2024,컴퓨터공학부,학생부종합(가천바람개비),학생부종합,11,160
1,2024,컴퓨터공학부,논술(논술전형),논술,9,437
1,2024,컴퓨터공학부,학생부종합(기회균형),학생부종합,3,29
1,2024,인공지능학과,학생부교과(학생부우수자),학생부교과,12,169
1,2024,인공지능학과,학생부교과(지역균형),학생부교과,13,309
1,2024,인공지능학과,학생부종합(가천바람개비),학생부종합,22,255
1,2024,인공지능학과,논술(논술전형),논술,9,437
1,2024,인공지능학과,학생부종합(기회균형),학생부종합,4,42
1,2024,소프트웨어학과,학생부교과(학생부우수자),학생부교과,9,191
1,2024,소프트웨어학과,학생부교과(지역균형),학생부교과,11,188
1,2024,소프트웨어학과,학생부종합(가천바람개비),학생부종합,12,317
1,2024,전자공학부,학생부교과(지역균형),학생부교과,13,109
1,2024,전자공학부,학생부종합(가천바람개비),학생부종합,9,137
1,2024,전기공학과,학생부교과(학생부우수자),학생부교과,10,87
1,2024,전기공학과,학생부교과(지역균형),학생부교과,6,103
1,2024,전기공학과,학생부종합(가천바람개비),학생부종합,9,157
1,2024,전기공학과,학생부종합(기회균형),학생부종합,2,17
1,2024,기계공학과,학생부교과(학생부우수자),학생부교과,11,154
1,2024,기계공학과,학생부교과(지역균형),학생부교과,10,72
1,2024,기계공학과,학생부종합(가천바람개비),학생부종합,22,417
1,2024,기계공학과,논술(논술전형),논술,9,443
1,2024,기계공학과,학생부종합(기회균형),학생부종합,3,31
1,2024,화공생명공학과,학생부교과(학생부우수자),학생부교과,10,145
1,2024,화공생명공학과,학생부종합(가천바람개비),학생부종합,15,222
1,2024,화공생명공학과,논술(논술전형),논술,6,277
1,2024,화공생명공학과,학생부종합(기회균형),학생부종합,1,7
1,2024,건축학부,학생부교과(학생부우수자),학생부교과,17,257
1,2024,건축학부,학생부종합(가천바람개비),학생부종합,8,86
1,2024,건축학부,논술(논술전형),논술,3,166
1,2024,건축학부,학생부종합(기회균형),학생부종합,3,25
1,2024,도시계획·조경학부,학생부교과(학생부우수자),학생부교과,19,255
1,2024,도시계획·조경학부,학생부종합(가천바람개비),학생부종합,14,316
1,2024,도시계획·조경학부,논술(논술전형),논술,3,220
1,2024,도시계획·조경학부,학생부종합(기회균형),학생부종합,3,32
1,2024,바이오나노학과,학생부교과(학생부우수자),학생부교과,16,332
1,2024,바이오나노학과,학생부교과(지역균형),학생부교과,12,209
1,2024,바이오나노학과,학생부종합(가천바람개비),학생부종합,21,483
1,2024,식품생명공학과,학생부종합(가천바람개비),학생부종합,12,239
1,2024,식품생명공학과,논술(논술전형),논술,7,277
1,2024,간호학과,학생부교과(학생부우수자),학생부교과,8,128
1,2024,간호학과,학생부교과(지역균형),학생부교과,6,92
1,2024,간호학과,학생부종합(가천바람개비),학생부종합,8,278
1,2024,간호학과,논술(논술전형),논술,3,152
1,2024,약학과,학생부교과(학생부우수자),학생부교과,5,135
1,2024,약학과,학생부교과(지역균형),학생부교과,5,79
1,2024,약학과,학생부종합(가천바람개비),학생부종합,12,288
1,2024,약학과,논술(논술전형),논술,9,869
1,2024,약학과,학생부종합(기회균형),학생부종합,2,33
1,2024,의예과,학생부교과(학생부우수자),학생부교과,13,495
1,2024,의예과,학생부교과(지역균형),학생부교과,13,448
1,2024,의예과,학생부종합(가천바람개비),학생부종합,8,461
1,2024,의예과,논술(논술전형),논술,10,1054
1,2024,한의예과,학생부교과(학생부우수자),학생부교과,10,207
1,2024,한의예과,학생부종합(가천바람개비),학생부종합,6,248
1,2024,한의예과,논술(논술전형),논술,6,507
1,2024,한의예과,학생부종합(기회균형),학생부종합,2,20
1,2024,시각디자인학과,실기/실적(실기우수자),실기/실적,27,299
1,2024,체육학부,실기/실적(실기우수자),실기/실적,25,435
1,2024,음악학부,실기/실적(실기우수자),실기/실적,11,133
1,2025,경영학부,학생부교과(학생부우수자),학생부교과,9,146
1,2025,경영학부,학생부교과(지역균형),학생부교과,12,160
1,2025,경영학부,학생부종합(가천바람개비),학생부종합,18,345
1,2025,경영학부,학생부종합(기회균형),학생부종합,1,10
1,2025,미디어커뮤니케이션학과,학생부교과(학생부우수자),학생부교과,5,56
1,2025,미디어커뮤니케이션학과,학생부교과(지역균형),학생부교과,10,107
1,2025,미디어커뮤니케이션학과,학생부종합(가천바람개비),학생부종합,17,377
1,2025,미디어커뮤니케이션학과,논술(논술전형),논술,15,849
1,2025,미디어커뮤니케이션학과,학생부종합(기회균형),학생부종합,4,48
1,2025,관광경영학과,학생부교과(학생부우수자),학생부교과,5,53
1,2025,관광경영학과,학생부종합(가천바람개비),학생부종합,18,241
1,2025,관광경영학과,논술(논술전형),논술,13,403
1,2025,관광경영학과,학생부종합(기회균형),학생부종합,3,35
1,2025,경제학과,학생부교과(학생부우수자),학생부교과,17,223
1,2025,경제학과,학생부교과(지역균형),학생부교과,12,121
1,2025,경제학과,학생부종합(가천바람개비),학생부종합,19,172
1,2025,경제학과,학생부종합(기회균형),학생부종합,1,8
1,2025,의료산업경영학과,학생부교과(학생부우수자),학생부교과,7,85
1,2025,의료산업경영학과,학생부종합(가천바람개비),학생부종합,17,355
1,2025,의료산업경영학과,논술(논술전형),논술,17,498
1,2025,의료산업경영학과,학생부종합(기회균형),학생부종합,1,8
1,2025,응용통계학과,학생부교과(학생부우수자),학생부교과,7,55
1,2025,응용통계학과,학생부교과(지역균형),학생부교과,10,62
1,2025,응용통계학과,학생부종합(가천바람개비),학생부종합,6,114
1,2025,응용통계학과,논술(논술전형),논술,15,1077
1,2025,사회복지학과,학생부교과(학생부우수자),학생부교과,11,123
1,2025,사회복지학과,학생부종합(가천바람개비),학생부종합,11,122
1,2025,사회복지학과,논술(논술전형),논술,12,869
1,2025,사회복지학과,학생부종합(기회균형),학생부종합,3,22
1,2025,유아교육학과,학생부교과(학생부우수자),학생부교과,19,171
1,2025,유아교육학과,학생부교과(지역균형),학생부교과,7,87
1,2025,유아교육학과,학생부종합(가천바람개비),학생부종합,14,350
1,2025,행정학과,학생부교과(학생부우수자),학생부교과,6,106
1,2025,행정학과,학생부종합(가천바람개비),학생부종합,15,248
1,2025,행정학과,논술(논술전형),논술,14,880
1,2025,행정학과,학생부종합(기회균형),학생부종합,1,7
1,2025,법학과,학생부교과(학생부우수자),학생부교과,8,73
1,2025,법학과,학생부종합(가천바람개비),학생부종합,19,310
1,2025,법학과,학생부종합(기회균형),학생부종합,2,12
1,2025,경찰행정학과,학생부교과(학생부우수자),학생부교과,10,165
1,2025,경찰행정학과,학생부교과(지역균형),학생부교과,9,173
1,2025,경찰행정학과,학생부종합(가천바람개비),학생부종합,14,343
1,2025,경찰행정학과,학생부종합(기회균형),학생부종합,4,36
1,2025,한국어문학과,학생부교과(학생부우수자),학생부교과,10,74
1,2025,한국어문학과,학생부종합(가천바람개비),학생부종합,9,83
1,2025,한국어문학과,논술(논술전형),논술,5,262
1,2025,한국어문학과,학생부종합(기회균형),학생부종합,4,27
1,2025,영미어문학과,학생부종합(가천바람개비),학생부종합,5,52
1,2025,영미어문학과,논술(논술전형),논술,11,428
1,2025,동양어문학과,학생부교과(학생부우수자),학생부교과,6,51
1,2025,동양어문학과,학생부종합(가천바람개비),학생부종합,4,39
1,2025,동양어문학과,논술(논술전형),논술,6,320
1,2025,동양어문학과,학생부종합(기회균형),학생부종합,2,13
1,2025,컴퓨터공학부,학생부교과(학생부우수자),학생부교과,16,274
1,2025,컴퓨터공학부,학생부교과(지역균형),학생부교과,15,326
1,2025,컴퓨터공학부,학생부종합(가천바람개비),학생부종합,11,147
1,2025,컴퓨터공학부,논술(논술전형),논술,9,413
1,2025,컴퓨터공학부,학생부종합(기회균형),학생부종합,3,27
1,2025,인공지능학과,학생부교과(학생부우수자),학생부교과,13,198
1,2025,인공지능학과,학생부교과(지역균형),학생부교과,13,235
1,2025,인공지능학과,학생부종합(가천바람개비),학생부종합,22,269
1,2025,인공지능학과,논술(논술전형),논술,9,431
1,2025,인공지능학과,학생부종합(기회균형),학생부종합,4,44
1,2025,소프트웨어학과,학생부교과(학생부우수자),학생부교과,9,162
1,2025,소프트웨어학과,학생부교과(지역균형),학생부교과,11,232
1,2025,소프트웨어학과,학생부종합(가천바람개비),학생부종합,12,291
1,2025,소프트웨어학과,학생부종합(기회균형),학생부종합,3,16
1,2025,전자공학부,학생부교과(지역균형),학생부교과,12,85
1,2025,전자공학부,학생부종합(가천바람개비),학생부종합,11,220
1,2025,전기공학과,학생부교과(학생부우수자),학생부교과,10,70
1,2025,전기공학과,학생부교과(지역균형),학생부교과,5,74
1,2025,전기공학과,학생부종합(가천바람개비),학생부종합,7,138
1,2025,전기공학과,학생부종합(기회균형),학생부종합,2,17
1,2025,기계공학과,학생부교과(학생부우수자),학생부교과,10,142
1,2025,기계공학과,학생부교과(지역균형),학생부교과,8,57
1,2025,기계공학과,학생부종합(가천바람개비),학생부종합,22,466
1,2025,기계공학과,논술(논술전형),논술,9,291
1,2025,기계공학과,학생부종합(기회균형),학생부종합,3,33
1,2025,화공생명공학과,학생부교과(학생부우수자),학생부교과,10,158
1,2025,화공생명공학과,학생부종합(가천바람개비),학생부종합,15,261
1,2025,화공생명공학과,논술(논술전형),논술,6,236
1,2025,화공생명공학과,학생부종합(기회균형),학생부종합,2,13
1,2025,건축학부,학생부교과(학생부우수자),학생부교과,17,261
1,2025,건축학부,학생부종합(가천바람개비),학생부종합,7,69
1,2025,건축학부,논술(논술전형),논술,3,139
1,2025,건축학부,학생부종합(기회균형),학생부종합,3,23
1,2025,도시계획·조경학부,학생부교과(학생부우수자),학생부교과,20,206
1,2025,도시계획·조경학부,학생부종합(가천바람개비),학생부종합,14,291
1,2025,도시계획·조경학부,논술(논술전형),논술,3,249
1,2025,도시계획·조경학부,학생부종합(기회균형),학생부종합,3,31
1,2025,바이오나노학과,학생부교과(학생부우수자),학생부교과,16,247
1,2025,바이오나노학과,학생부교과(지역균형),학생부교과,12,198
1,2025,바이오나노학과,학생부종합(가천바람개비),학생부종합,20,443
1,2025,식품생명공학과,학생부종합(가천바람개비),학생부종합,12,225
1,2025,식품생명공학과,논술(논술전형),논술,7,313
1,2025,식품생명공학과,학생부종합(기회균형),학생부종합,3,19
1,2025,간호학과,학생부교과(학생부우수자),학생부교과,8,134
1,2025,간호학과,학생부교과(지역균형),학생부교과,6,66
1,2025,간호학과,학생부종합(가천바람개비),학생부종합,8,231
1,2025,간호학과,논술(논술전형),논술,3,185
1,2025,약학과,학생부교과(학생부우수자),학생부교과,6,143
1,2025,약학과,학생부교과(지역균형),학생부교과,5,98
1,2025,약학과,학생부종합(가천바람개비),학생부종합,12,382
1,2025,약학과,논술(논술전형),논술,7,830
1,2025,약학과,학생부종합(기회균형),학생부종합,3,31
1,2025,의예과,학생부교과(학생부우수자),학생부교과,13,499
1,2025,의예과,학생부교과(지역균형),학생부교과,13,655
1,2025,의예과,학생부종합(가천바람개비),학생부종합,8,414
1,2025,의예과,논술(논술전형),논술,10,1191
1,2025,한의예과,학생부교과(학생부우수자),학생부교과,10,194
1,2025,한의예과,학생부종합(가천바람개비),학생부종합,6,256
1,2025,한의예과,논술(논술전형),논술,5,348
1,2025,한의예과,학생부종합(기회균형),학생부종합,1,11
1,2025,시각디자인학과,실기/실적(실기우수자),실기/실적,27,414
1,2025,체육학부,실기/실적(실기우수자),실기/실적,24,308
1,2025,음악학부,실기/실적(실기우수자),실기/실적,11,138
1,2025,자유전공학부,학생부교과(학생부우수자),학생부교과,10,109
1,2025,자유전공학부,학생부교과(지역균형),학생부교과,5,55
1,2025,자유전공학부,학생부종합(가천바람개비),학생부종합,16,279
1,2026,경영학부,학생부교과(학생부우수자),학생부교과,9,136
1,2026,경영학부,학생부교과(지역균형),학생부교과,12,146
1,2026,경영학부,학생부종합(가천바람개비),학생부종합,18,363
1,2026,경영학부,학생부종합(기회균형),학생부종합,1,8
1,2026,미디어커뮤니케이션학과,학생부교과(학생부우수자),학생부교과,5,55
1,2026,미디어커뮤니케이션학과,학생부교과(지역균형),학생부교과,10,117
1,2026,미디어커뮤니케이션학과,학생부종합(가천바람개비),학생부종합,17,367
1,2026,미디어커뮤니케이션학과,논술(논술전형),논술,13,694
1,2026,미디어커뮤니케이션학과,학생부종합(기회균형),학생부종합,5,59
1,2026,관광경영학과,학생부교과(학생부우수자),학생부교과,6,74
1,2026,관광경영학과,학생부종합(가천바람개비),학생부종합,15,158
1,2026,관광경영학과,논술(논술전형),논술,13,449
1,2026,관광경영학과,학생부종합(기회균형),학생부종합,2,18
1,2026,경제학과,학생부교과(학생부우수자),학생부교과,15,238
1,2026,경제학과,학생부교과(지역균형),학생부교과,12,161
1,2026,경제학과,학생부종합(가천바람개비),학생부종합,15,164
1,2026,경제학과,학생부종합(기회균형),학생부종합,1,12
1,2026,의료산업경영학과,학생부교과(학생부우수자),학생부교과,6,112
1,2026,의료산업경영학과,학생부종합(가천바람개비),학생부종합,17,360
1,2026,의료산업경영학과,논술(논술전형),논술,17,450
1,2026,의료산업경영학과,학생부종합(기회균형),학생부종합,1,10
1,2026,응용통계학과,학생부교과(학생부우수자),학생부교과,8,65
1,2026,응용통계학과,학생부교과(지역균형),학생부교과,9,69
1,2026,응용통계학과,학생부종합(가천바람개비),학생부종합,6,131
1,2026,응용통계학과,논술(논술전형),논술,15,894
1,2026,사회복지학과,학생부교과(학생부우수자),학생부교과,11,111
1,2026,사회복지학과,학생부종합(가천바람개비),학생부종합,9,111
1,2026,사회복지학과,논술(논술전형),논술,12,805
1,2026,사회복지학과,학생부종합(기회균형),학생부종합,2,14
1,2026,유아교육학과,학생부교과(학생부우수자),학생부교과,19,174
1,2026,유아교육학과,학생부교과(지역균형),학생부교과,6,75
1,2026,유아교육학과,학생부종합(가천바람개비),학생부종합,14,264
1,2026,행정학과,학생부교과(학생부우수자),학생부교과,7,97
1,2026,행정학과,학생부종합(가천바람개비),학생부종합,15,291
1,2026,행정학과,논술(논술전형),논술,14,784
1,2026,행정학과,학생부종합(기회균형),학생부종합,1,6
1,2026,법학과,학생부교과(학생부우수자),학생부교과,8,85
1,2026,법학과,학생부종합(가천바람개비),학생부종합,19,358
1,2026,법학과,학생부종합(기회균형),학생부종합,2,9
1,2026,경찰행정학과,학생부교과(학생부우수자),학생부교과,11,186
1,2026,경찰행정학과,학생부교과(지역균형),학생부교과,9,194
1,2026,경찰행정학과,학생부종합(가천바람개비),학생부종합,14,354
1,2026,경찰행정학과,학생부종합(기회균형),학생부종합,4,38
1,2026,한국어문학과,학생부교과(학생부우수자),학생부교과,10,119
1,2026,한국어문학과,학생부종합(가천바람개비),학생부종합,9,76
1,2026,한국어문학과,논술(논술전형),논술,5,302
1,2026,한국어문학과,학생부종합(기회균형),학생부종합,3,22
1,2026,영미어문학과,학생부종합(가천바람개비),학생부종합,5,42
1,2026,영미어문학과,논술(논술전형),논술,11,377
1,2026,컴퓨터공학부,학생부교과(학생부우수자),학생부교과,14,257
1,2026,컴퓨터공학부,학생부교과(지역균형),학생부교과,15,311
1,2026,컴퓨터공학부,학생부종합(가천바람개비),학생부종합,11,112
1,2026,컴퓨터공학부,논술(논술전형),논술,9,393
1,2026,컴퓨터공학부,학생부종합(기회균형),학생부종합,4,42
1,2026,인공지능학과,학생부교과(학생부우수자),학생부교과,13,160
1,2026,인공지능학과,학생부교과(지역균형),학생부교과,13,345
1,2026,인공지능학과,학생부종합(가천바람개비),학생부종합,22,285
1,2026,인공지능학과,논술(논술전형),논술,10,610
1,2026,인공지능학과,학생부종합(기회균형),학생부종합,5,62
1,2026,소프트웨어학과,학생부교과(학생부우수자),학생부교과,9,186
1,2026,소프트웨어학과,학생부교과(지역균형),학생부교과,11,233
1,2026,소프트웨어학과,학생부종합(가천바람개비),학생부종합,12,300
1,2026,소프트웨어학과,학생부종합(기회균형),학생부종합,3,21
1,2026,전자공학부,학생부종합(가천바람개비),학생부종합,12,186
1,2026,전기공학과,학생부교과(학생부우수자),학생부교과,10,85
1,2026,전기공학과,학생부교과(지역균형),학생부교과,5,71
1,2026,전기공학과,학생부종합(가천바람개비),학생부종합,6,117
1,2026,전기공학과,학생부종합(기회균형),학생부종합,3,23
1,2026,기계공학과,학생부교과(학생부우수자),학생부교과,10,161
1,2026,기계공학과,학생부교과(지역균형),학생부교과,8,68
1,2026,기계공학과,학생부종합(가천바람개비),학생부종합,18,286
1,2026,기계공학과,논술(논술전형),논술,11,442
1,2026,기계공학과,학생부종합(기회균형),학생부종합,3,26
1,2026,화공생명공학과,학생부교과(학생부우수자),학생부교과,10,168
1,2026,화공생명공학과,학생부종합(가천바람개비),학생부종합,15,184
1,2026,화공생명공학과,논술(논술전형),논술,6,350
1,2026,화공생명공학과,학생부종합(기회균형),학생부종합,2,12
1,2026,건축학부,학생부종합(가천바람개비),학생부종합,6,74
1,2026,건축학부,논술(논술전형),논술,2,94
1,2026,건축학부,학생부종합(기회균형),학생부종합,3,25
1,2026,도시계획·조경학부,학생부교과(학생부우수자),학생부교과,17,208
1,2026,도시계획·조경학부,학생부종합(가천바람개비),학생부종합,16,336
1,2026,도시계획·조경학부,논술(논술전형),논술,3,176
1,2026,도시계획·조경학부,학생부종합(기회균형),학생부종합,3,28
1,2026,바이오나노학과,학생부교과(학생부우수자),학생부교과,14,216
1,2026,바이오나노학과,학생부교과(지역균형),학생부교과,12,197
1,2026,바이오나노학과,학생부종합(가천바람개비),학생부종합,20,336
1,2026,식품생명공학과,학생부종합(가천바람개비),학생부종합,12,234
1,2026,식품생명공학과,논술(논술전형),논술,7,240
1,2026,식품생명공학과,학생부종합(기회균형),학생부종합,3,24
1,2026,간호학과,학생부교과(학생부우수자),학생부교과,8,135
1,2026,간호학과,학생부교과(지역균형),학생부교과,6,72
1,2026,간호학과,학생부종합(가천바람개비),학생부종합,6,203
1,2026,간호학과,논술(논술전형),논술,3,159
1,2026,약학과,학생부교과(학생부우수자),학생부교과,6,187
1,2026,약학과,학생부교과(지역균형),학생부교과,5,94
1,2026,약학과,학생부종합(가천바람개비),학생부종합,11,317
1,2026,약학과,논술(논술전형),논술,6,568
1,2026,약학과,학생부종합(기회균형),학생부종합,3,36
1,2026,의예과,학생부교과(학생부우수자),학생부교과,13,437
1,2026,의예과,학생부교과(지역균형),학생부교과,16,664
1,2026,의예과,학생부종합(가천바람개비),학생부종합,8,482
1,2026,한의예과,학생부교과(학생부우수자),학생부교과,12,213
1,2026,한의예과,학생부종합(가천바람개비),학생부종합,6,208
1,2026,한의예과,논술(논술전형),논술,4,352
1,2026,한의예과,학생부종합(기회균형),학생부종합,1,10
1,2026,시각디자인학과,실기/실적(실기우수자),실기/실적,26,294
1,2026,체육학부,실기/실적(실기우수자),실기/실적,24,364
1,2026,음악학부,실기/실적(실기우수자),실기/실적,11,133
1,2026,자유전공학부,학생부교과(학생부우수자),학생부교과,9,99
1,2026,자유전공학부,학생부교과(지역균형),학생부교과,5,45
1,2026,자유전공학부,학생부종합(가천바람개비),학생부종합,16,358
2,2024,국어국문학과,학생부교과(지역인재),학생부교과,13,39
2,2024,국어국문학과,학생부종합(미래인재),학생부종합,19,151
2,2024,국어국문학과,학생부종합(지역인재),학생부종합,3,8
2,2024,국어국문학과,학생부종합(농어촌학생),학생부종합,3,3
2,2024,영어영문학과,학생부교과(일반전형),학생부교과,25,85
2,2024,영어영문학과,학생부교과(지역인재),학생부교과,3,13
2,2024,영어영문학과,학생부종합(미래인재),학생부종합,20,73
2,2024,영어영문학과,학생부종합(지역인재),학생부종합,13,43
2,2024,영어영문학과,학생부종합(농어촌학생),학생부종합,2,2
2,2024,사학과,학생부교과(일반전형),학생부교과,23,126
2,2024,사학과,학생부교과(지역인재),학생부교과,3,9
2,2024,사학과,학생부종합(미래인재),학생부종합,13,86
2,2024,사학과,학생부종합(지역인재),학생부종합,11,37
2,2024,사학과,학생부종합(농어촌학생),학생부종합,1,3
2,2024,철학과,학생부교과(일반전형),학생부교과,18,106
2,2024,철학과,학생부교과(지역인재),학생부교과,8,36
2,2024,철학과,학생부종합(미래인재),학생부종합,14,74
2,2024,철학과,학생부종합(지역인재),학생부종합,11,50
2,2024,철학과,학생부교과(저소득층),학생부교과,2,7
2,2024,경영학과,학생부교과(일반전형),학생부교과,25,251
2,2024,경영학과,학생부종합(미래인재),학생부종합,14,131
2,2024,경영학과,학생부종합(지역인재),학생부종합,3,19
2,2024,경영학과,학생부교과(저소득층),학생부교과,1,2
2,2024,경제·정보통계학부,학생부교과(일반전형),학생부교과,25,144
2,2024,경제·정보통계학부,학생부교과(지역인재),학생부교과,9,45
2,2024,경제·정보통계학부,학생부종합(미래인재),학생부종합,20,158
2,2024,경제·정보통계학부,학생부종합(지역인재),학생부종합,15,96
2,2024,경제·정보통계학부,학생부교과(저소득층),학생부교과,4,8
2,2024,경제·정보통계학부,학생부종합(농어촌학생),학생부종합,1,4
2,2024,회계학과,학생부교과(일반전형),학생부교과,15,94
2,2024,회계학과,학생부교과(지역인재),학생부교과,14,62
2,2024,회계학과,학생부종합(미래인재),학생부종합,9,91
2,2024,회계학과,학생부종합(지역인재),학생부종합,13,65
2,2024,회계학과,학생부교과(저소득층),학생부교과,3,6
2,2024,회계학과,학생부종합(농어촌학생),학생부종합,1,4
2,2024,국제무역학과,학생부교과(일반전형),학생부교과,15,125
2,2024,국제무역학과,학생부교과(지역인재),학생부교과,8,55
2,2024,국제무역학과,학생부종합(미래인재),학생부종합,9,85
2,2024,국제무역학과,학생부교과(저소득층),학생부교과,4,11
2,2024,국제무역학과,학생부종합(농어촌학생),학생부종합,3,9
2,2024,관광경영학과,학생부교과(일반전형),학생부교과,18,124
2,2024,관광경영학과,학생부교과(지역인재),학생부교과,14,59
2,2024,관광경영학과,학생부종합(미래인재),학생부종합,10,38
2,2024,관광경영학과,학생부교과(저소득층),학생부교과,3,16
2,2024,행정·심리학부,학생부교과(일반전형),학생부교과,26,181
2,2024,행정·심리학부,학생부교과(지역인재),학생부교과,14,114
2,2024,행정·심리학부,학생부종합(미래인재),학생부종합,7,40
2,2024,행정·심리학부,학생부종합(지역인재),학생부종합,3,20
2,2024,행정·심리학부,학생부교과(저소득층),학생부교과,2,9
2,2024,정치외교학과,학생부교과(일반전형),학생부교과,11,76
2,2024,정치외교학과,학생부교과(지역인재),학생부교과,9,36
2,2024,정치외교학과,학생부종합(미래인재),학생부종합,15,72
2,2024,정치외교학과,학생부종합(지역인재),학생부종합,9,59
2,2024,정치외교학과,학생부종합(농어촌학생),학생부종합,2,10
2,2024,사회학과,학생부교과(일반전형),학생부교과,11,65
2,2024,사회학과,학생부종합(미래인재),학생부종합,7,53
2,2024,사회학과,학생부종합(지역인재),학생부종합,5,23
2,2024,사회학과,학생부교과(저소득층),학생부교과,2,6
2,2024,미디어커뮤니케이션학과,학생부교과(일반전형),학생부교과,9,46
2,2024,미디어커뮤니케이션학과,학생부교과(지역인재),학생부교과,12,37
2,2024,미디어커뮤니케이션학과,학생부종합(미래인재),학생부종합,17,89
2,2024,미디어커뮤니케이션학과,학생부종합(지역인재),학생부종합,15,77
2,2024,미디어커뮤니케이션학과,학생부교과(저소득층),학생부교과,2,10
2,2024,미디어커뮤니케이션학과,학생부종합(농어촌학생),학생부종합,2,10
2,2024,컴퓨터공학과,학생부교과(일반전형),학생부교과,15,87
2,2024,컴퓨터공학과,학생부교과(지역인재),학생부교과,5,22
2,2024,컴퓨터공학과,학생부종합(미래인재),학생부종합,20,129
2,2024,컴퓨터공학과,학생부종합(지역인재),학생부종합,15,62
2,2024,컴퓨터공학과,학생부종합(농어촌학생),학생부종합,3,8
2,2024,전자공학과,학생부교과(일반전형),학생부교과,20,99
2,2024,전자공학과,학생부교과(지역인재),학생부교과,10,41
2,2024,전자공학과,학생부종합(미래인재),학생부종합,16,86
2,2024,전자공학과,학생부종합(지역인재),학생부종합,5,29
2,2024,전자공학과,학생부종합(농어촌학생),학생부종합,2,6
2,2024,전기공학과,학생부교과(지역인재),학생부교과,14,71
2,2024,전기공학과,학생부종합(미래인재),학생부종합,9,45
2,2024,전기공학과,학생부종합(지역인재),학생부종합,5,17
2,2024,전기공학과,학생부교과(저소득층),학생부교과,1,4
2,2024,전기공학과,학생부종합(농어촌학생),학생부종합,2,8
2,2024,기계의용공학과,학생부교과(일반전형),학생부교과,12,51
2,2024,기계의용공학과,학생부교과(지역인재),학생부교과,15,64
2,2024,기계의용공학과,학생부종합(미래인재),학생부종합,7,50
2,2024,기계의용공학과,학생부교과(저소득층),학생부교과,3,13
2,2024,기계의용공학과,학생부종합(농어촌학생),학생부종합,3,13
2,2024,건축공학과,학생부교과(일반전형),학생부교과,20,125
2,2024,건축공학과,학생부교과(지역인재),학생부교과,11,42
2,2024,건축공학과,학생부종합(미래인재),학생부종합,17,91
2,2024,건축공학과,학생부교과(저소득층),학생부교과,1,4
2,2024,환경공학과,학생부교과(일반전형),학생부교과,28,180
2,2024,환경공학과,학생부교과(지역인재),학생부교과,12,39
2,2024,환경공학과,학생부종합(미래인재),학생부종합,16,122
2,2024,환경공학과,학생부종합(지역인재),학생부종합,15,101
2,2024,생명과학과,학생부종합(미래인재),학생부종합,14,176
2,2024,생명과학과,학생부교과(저소득층),학생부교과,2,6
2,2024,생명과학과,학생부종합(농어촌학생),학생부종합,2,7
2,2024,화학과,학생부교과(일반전형),학생부교과,11,63
2,2024,화학과,학생부교과(지역인재),학생부교과,8,44
2,2024,화학과,학생부종합(미래인재),학생부종합,8,58
2,2024,화학과,학생부종합(지역인재),학생부종합,6,21
2,2024,물리학과,학생부교과(일반전형),학생부교과,14,96
2,2024,물리학과,학생부교과(지역인재),학생부교과,5,32
2,2024,물리학과,학생부종합(미래인재),학생부종합,6,17
2,2024,물리학과,학생부종합(지역인재),학생부종합,11,33
2,2024,물리학과,학생부교과(저소득층),학생부교과,3,10
2,2024,수학과,학생부교과(일반전형),학생부교과,9,30
2,2024,수학과,학생부종합(미래인재),학생부종합,5,35
2,2024,수학과,학생부종합(지역인재),학생부종합,3,15
2,2024,수학과,학생부종합(농어촌학생),학생부종합,3,8
2,2024,동물산업융합학과,학생부교과(일반전형),학생부교과,15,57
2,2024,동물산업융합학과,학생부교과(지역인재),학생부교과,14,86
2,2024,동물산업융합학과,학생부종합(미래인재),학생부종합,20,165
2,2024,동물산업융합학과,학생부종합(지역인재),학생부종합,9,48
2,2024,동물산업융합학과,학생부교과(저소득층),학생부교과,4,14
2,2024,동물산업융합학과,학생부종합(농어촌학생),학생부종합,1,4
2,2024,산림과학부,학생부교과(일반전형),학생부교과,26,83
2,2024,산림과학부,학생부교과(지역인재),학생부교과,5,26
2,2024,산림과학부,학생부종합(미래인재),학생부종합,14,79
2,2024,산림과학부,학생부종합(지역인재),학생부종합,9,53
2,2024,산림과학부,학생부교과(저소득층),학생부교과,4,19
2,2024,산림과학부,학생부종합(농어촌학생),학생부종합,3,10
2,2024,스마트농산업학과,학생부교과(일반전형),학생부교과,11,50
2,2024,스마트농산업학과,학생부교과(지역인재),학생부교과,8,35
2,2024,스마트농산업학과,학생부종합(미래인재),학생부종합,9,49
2,2024,스마트농산업학과,학생부종합(지역인재),학생부종합,10,70
2,2024,스마트농산업학과,학생부교과(저소득층),학생부교과,3,16
2,2024,스마트농산업학과,학생부종합(농어촌학생),학생부종합,1,2
2,2024,약학과,학생부교과(일반전형),학생부교과,8,118
2,2024,약학과,학생부교과(지역인재),학생부교과,9,82
2,2024,약학과,학생부종합(미래인재),학생부종합,14,284
2,2024,약학과,학생부종합(지역인재),학생부종합,11,102
2,2024,간호학과,학생부교과(일반전형),학생부교과,19,90
2,2024,간호학과,학생부종합(미래인재),학생부종합,13,162
2,2024,간호학과,학생부종합(지역인재),학생부종합,8,53
2,2024,간호학과,학생부교과(저소득층),학생부교과,1,9
2,2024,의예과,학생부교과(일반전형),학생부교과,15,208
2,2024,의예과,학생부교과(지역인재),학생부교과,6,99
2,2024,의예과,학생부종합(미래인재),학생부종합,8,176
2,2024,의예과,학생부종합(지역인재),학생부종합,5,53
2,2024,수의예과,학생부교과(일반전형),학생부교과,15,160
2,2024,수의예과,학생부교과(지역인재),학생부교과,9,73
2,2024,수의예과,학생부종합(미래인재),학생부종합,14,144
2,2024,수의예과,학생부종합(지역인재),학생부종합,8,107
2,2024,국어교육과,학생부교과(일반전형),학생부교과,20,91
2,2024,국어교육과,학생부종합(미래인재),학생부종합,7,71
2,2024,국어교육과,학생부종합(지역인재),학생부종합,11,41
2,2024,국어교육과,학생부종합(농어촌학생),학생부종합,3,8
2,2024,수학교육과,학생부교과(일반전형),학생부교과,15,104
2,2024,수학교육과,학생부교과(지역인재),학생부교과,4,16
2,2024,수학교육과,학생부종합(미래인재),학생부종합,15,178
2,2024,수학교육과,학생부교과(저소득층),학생부교과,3,13
2,2024,체육교육과,실기/실적(실기),실기/실적,24,282
2,2024,디자인학과,실기/실적(실기),실기/실적,15,82
2,2024,스포츠과학과,실기/실적(실기),실기/실적,24,269
2,2025,국어국문학과,학생부교과(일반전형),학생부교과,22,126
2,2025,국어국문학과,학생부교과(지역인재),학생부교과,15,47
2,2025,국어국문학과,학생부종합(미래인재),학생부종합,19,131
2,2025,국어국문학과,학생부종합(지역인재),학생부종합,3,6
2,2025,국어국문학과,학생부종합(농어촌학생),학생부종합,3,3
2,2025,영어영문학과,학생부교과(일반전형),학생부교과,25,96
2,2025,영어영문학과,학생부교과(지역인재),학생부교과,3,12
2,2025,영어영문학과,학생부종합(미래인재),학생부종합,16,52
2,2025,영어영문학과,학생부종합(지역인재),학생부종합,13,44
2,2025,영어영문학과,학생부종합(농어촌학생),학생부종합,1,1
2,2025,사학과,학생부교과(일반전형),학생부교과,23,140
2,2025,사학과,학생부교과(지역인재),학생부교과,3,6
2,2025,사학과,학생부종합(미래인재),학생부종합,13,88
2,2025,사학과,학생부종합(지역인재),학생부종합,11,36
2,2025,사학과,학생부종합(농어촌학생),학생부종합,1,3
2,2025,철학과,학생부교과(일반전형),학생부교과,18,89
2,2025,철학과,학생부교과(지역인재),학생부교과,8,34
2,2025,철학과,학생부종합(미래인재),학생부종합,11,48
2,2025,철학과,학생부종합(지역인재),학생부종합,11,34
2,2025,철학과,학생부교과(저소득층),학생부교과,2,7
2,2025,경영학과,학생부교과(일반전형),학생부교과,23,195
2,2025,경영학과,학생부종합(미래인재),학생부종합,16,166
2,2025,경영학과,학생부종합(지역인재),학생부종합,3,24
2,2025,경영학과,학생부교과(저소득층),학생부교과,1,2
2,2025,경제·정보통계학부,학생부교과(일반전형),학생부교과,30,167
2,2025,경제·정보통계학부,학생부교과(지역인재),학생부교과,9,53
2,2025,경제·정보통계학부,학생부종합(미래인재),학생부종합,20,196
2,2025,경제·정보통계학부,학생부종합(지역인재),학생부종합,14,104
2,2025,경제·정보통계학부,학생부교과(저소득층),학생부교과,4,7
2,2025,경제·정보통계학부,학생부종합(농어촌학생),학생부종합,1,5
2,2025,회계학과,학생부교과(일반전형),학생부교과,12,96
2,2025,회계학과,학생부교과(지역인재),학생부교과,15,73
2,2025,회계학과,학생부종합(미래인재),학생부종합,9,100
2,2025,회계학과,학생부종합(지역인재),학생부종합,13,74
2,2025,회계학과,학생부교과(저소득층),학생부교과,4,9
2,2025,회계학과,학생부종합(농어촌학생),학생부종합,1,3
2,2025,국제무역학과,학생부교과(일반전형),학생부교과,15,118
2,2025,국제무역학과,학생부교과(지역인재),학생부교과,6,31
2,2025,국제무역학과,학생부종합(미래인재),학생부종합,7,59
2,2025,국제무역학과,학생부교과(저소득층),학생부교과,5,12
2,2025,국제무역학과,학생부종합(농어촌학생),학생부종합,3,7
2,2025,관광경영학과,학생부교과(일반전형),학생부교과,18,119
2,2025,관광경영학과,학생부교과(지역인재),학생부교과,14,54
2,2025,관광경영학과,학생부종합(미래인재),학생부종합,11,36
2,2025,관광경영학과,학생부교과(저소득층),학생부교과,2,9
2,2025,행정·심리학부,학생부교과(일반전형),학생부교과,26,177
2,2025,행정·심리학부,학생부교과(지역인재),학생부교과,14,106
2,2025,행정·심리학부,학생부종합(미래인재),학생부종합,7,46
2,2025,행정·심리학부,학생부종합(지역인재),학생부종합,3,13
2,2025,행정·심리학부,학생부교과(저소득층),학생부교과,2,10
2,2025,정치외교학과,학생부교과(일반전형),학생부교과,11,62
2,2025,정치외교학과,학생부교과(지역인재),학생부교과,9,25
2,2025,정치외교학과,학생부종합(미래인재),학생부종합,12,51
2,2025,정치외교학과,학생부종합(지역인재),학생부종합,9,33
2,2025,정치외교학과,학생부종합(농어촌학생),학생부종합,2,8
2,2025,사회학과,학생부교과(일반전형),학생부교과,9,40
2,2025,사회학과,학생부종합(미래인재),학생부종합,8,42
2,2025,사회학과,학생부종합(지역인재),학생부종합,5,15
2,2025,사회학과,학생부교과(저소득층),학생부교과,1,3
2,2025,미디어커뮤니케이션학과,학생부교과(일반전형),학생부교과,9,60
2,2025,미디어커뮤니케이션학과,학생부교과(지역인재),학생부교과,14,36
2,2025,미디어커뮤니케이션학과,학생부종합(미래인재),학생부종합,17,103
2,2025,미디어커뮤니케이션학과,학생부종합(지역인재),학생부종합,15,54
2,2025,미디어커뮤니케이션학과,학생부교과(저소득층),학생부교과,2,7
2,2025,미디어커뮤니케이션학과,학생부종합(농어촌학생),학생부종합,2,7
2,2025,컴퓨터공학과,학생부교과(일반전형),학생부교과,15,78
2,2025,컴퓨터공학과,학생부교과(지역인재),학생부교과,5,17
2,2025,컴퓨터공학과,학생부종합(미래인재),학생부종합,20,147
2,2025,컴퓨터공학과,학생부종합(지역인재),학생부종합,15,59
2,2025,컴퓨터공학과,학생부종합(농어촌학생),학생부종합,3,6
2,2025,전자공학과,학생부교과(일반전형),학생부교과,20,110
2,2025,전자공학과,학생부교과(지역인재),학생부교과,8,30
2,2025,전자공학과,학생부종합(미래인재),학생부종합,13,63
2,2025,전자공학과,학생부종합(지역인재),학생부종합,5,37
2,2025,전자공학과,학생부종합(농어촌학생),학생부종합,1,3
2,2025,전기공학과,학생부교과(지역인재),학생부교과,14,69
2,2025,전기공학과,학생부종합(미래인재),학생부종합,9,43
2,2025,전기공학과,학생부종합(지역인재),학생부종합,6,16
2,2025,전기공학과,학생부교과(저소득층),학생부교과,1,3
2,2025,전기공학과,학생부종합(농어촌학생),학생부종합,1,4
2,2025,기계의용공학과,학생부교과(일반전형),학생부교과,12,44
2,2025,기계의용공학과,학생부교과(지역인재),학생부교과,17,62
2,2025,기계의용공학과,학생부종합(미래인재),학생부종합,7,42
2,2025,기계의용공학과,학생부교과(저소득층),학생부교과,3,9
2,2025,기계의용공학과,학생부종합(농어촌학생),학생부종합,2,8
2,2025,건축공학과,학생부교과(일반전형),학생부교과,23,138
2,2025,건축공학과,학생부교과(지역인재),학생부교과,11,39
2,2025,건축공학과,학생부종합(미래인재),학생부종합,17,86
2,2025,건축공학과,학생부교과(저소득층),학생부교과,1,3
2,2025,환경공학과,학생부교과(일반전형),학생부교과,29,234
2,2025,환경공학과,학생부교과(지역인재),학생부교과,12,24
2,2025,환경공학과,학생부종합(미래인재),학생부종합,16,106
2,2025,환경공학과,학생부종합(지역인재),학생부종합,15,81
2,2025,생명과학과,학생부교과(일반전형),학생부교과,18,90
2,2025,생명과학과,학생부종합(미래인재),학생부종합,14,148
2,2025,생명과학과,학생부교과(저소득층),학생부교과,2,5
2,2025,생명과학과,학생부종합(농어촌학생),학생부종합,2,5
2,2025,화학과,학생부교과(일반전형),학생부교과,9,38
2,2025,화학과,학생부교과(지역인재),학생부교과,7,40
2,2025,화학과,학생부종합(미래인재),학생부종합,8,48
2,2025,화학과,학생부종합(지역인재),학생부종합,6,18
2,2025,물리학과,학생부교과(일반전형),학생부교과,14,78
2,2025,물리학과,학생부교과(지역인재),학생부교과,5,19
2,2025,물리학과,학생부종합(미래인재),학생부종합,7,22
2,2025,물리학과,학생부종합(지역인재),학생부종합,11,26
2,2025,물리학과,학생부교과(저소득층),학생부교과,4,14
2,2025,수학과,학생부교과(일반전형),학생부교과,9,26
2,2025,수학과,학생부종합(미래인재),학생부종합,5,35
2,2025,수학과,학생부종합(지역인재),학생부종합,4,20
2,2025,수학과,학생부종합(농어촌학생),학생부종합,2,5
2,2025,동물산업융합학과,학생부교과(일반전형),학생부교과,13,33
2,2025,동물산업융합학과,학생부교과(지역인재),학생부교과,14,48
2,2025,동물산업융합학과,학생부종합(미래인재),학생부종합,20,167
2,2025,동물산업융합학과,학생부종합(지역인재),학생부종합,8,44
2,2025,동물산업융합학과,학생부교과(저소득층),학생부교과,4,17
2,2025,동물산업융합학과,학생부종합(농어촌학생),학생부종합,1,4
2,2025,산림과학부,학생부교과(일반전형),학생부교과,26,80
2,2025,산림과학부,학생부교과(지역인재),학생부교과,5,29
2,2025,산림과학부,학생부종합(미래인재),학생부종합,14,77
2,2025,산림과학부,학생부종합(지역인재),학생부종합,8,46
2,2025,산림과학부,학생부교과(저소득층),학생부교과,4,16
2,2025,산림과학부,학생부종합(농어촌학생),학생부종합,3,8
2,2025,스마트농산업학과,학생부교과(일반전형),학생부교과,11,34
2,2025,스마트농산업학과,학생부교과(지역인재),학생부교과,8,41
2,2025,스마트농산업학과,학생부종합(미래인재),학생부종합,9,43
2,2025,스마트농산업학과,학생부종합(지역인재),학생부종합,11,57
2,2025,스마트농산업학과,학생부교과(저소득층),학생부교과,4,12
2,2025,스마트농산업학과,학생부종합(농어촌학생),학생부종합,1,3
2,2025,약학과,학생부교과(일반전형),학생부교과,8,140
2,2025,약학과,학생부교과(지역인재),학생부교과,11,77
2,2025,약학과,학생부종합(미래인재),학생부종합,14,220
2,2025,약학과,학생부종합(지역인재),학생부종합,11,96
2,2025,간호학과,학생부교과(일반전형),학생부교과,19,81
2,2025,간호학과,학생부종합(미래인재),학생부종합,14,140
2,2025,간호학과,학생부종합(지역인재),학생부종합,8,47
2,2025,간호학과,학생부교과(저소득층),학생부교과,1,7
2,2025,의예과,학생부교과(일반전형),학생부교과,15,176
2,2025,의예과,학생부교과(지역인재),학생부교과,6,111
2,2025,의예과,학생부종합(미래인재),학생부종합,9,198
2,2025,의예과,학생부종합(지역인재),학생부종합,5,43
2,2025,수의예과,학생부교과(일반전형),학생부교과,15,166
2,2025,수의예과,학생부교과(지역인재),학생부교과,7,44
2,2025,수의예과,학생부종합(미래인재),학생부종합,16,173
2,2025,수의예과,학생부종합(지역인재),학생부종합,8,67
2,2025,국어교육과,학생부교과(일반전형),학생부교과,23,104
2,2025,국어교육과,학생부종합(미래인재),학생부종합,7,52
2,2025,국어교육과,학생부종합(지역인재),학생부종합,11,31
2,2025,국어교육과,학생부종합(농어촌학생),학생부종합,3,7
2,2025,수학교육과,학생부교과(일반전형),학생부교과,13,111
2,2025,수학교육과,학생부교과(지역인재),학생부교과,4,14
2,2025,수학교육과,학생부종합(미래인재),학생부종합,15,127
2,2025,수학교육과,학생부교과(저소득층),학생부교과,3,8
2,2025,체육교육과,실기/실적(실기),실기/실적,29,309
2,2025,디자인학과,실기/실적(실기),실기/실적,15,71
2,2025,스포츠과학과,실기/실적(실기),실기/실적,26,238
2,2025,자유전공학부,학생부교과(일반전형),학생부교과,14,59
2,2025,자유전공학부,학생부교과(지역인재),학생부교과,14,60
2,2025,자유전공학부,학생부종합(미래인재),학생부종합,17,67
2,2025,자유전공학부,학생부교과(저소득층),학생부교과,2,4
2,2025,자유전공학부,학생부종합(농어촌학생),학생부종합,1,2
2,2026,국어국문학과,학생부교과(일반전형),학생부교과,26,137
2,2026,국어국문학과,학생부교과(지역인재),학생부교과,15,57
2,2026,국어국문학과,학생부종합(미래인재),학생부종합,19,105
2,2026,국어국문학과,학생부종합(지역인재),학생부종합,4,10
2,2026,국어국문학과,학생부종합(농어촌학생),학생부종합,2,3
2,2026,영어영문학과,학생부교과(일반전형),학생부교과,25,76
2,2026,영어영문학과,학생부교과(지역인재),학생부교과,3,16
2,2026,영어영문학과,학생부종합(미래인재),학생부종합,14,34
2,2026,영어영문학과,학생부종합(지역인재),학생부종합,11,28
2,2026,영어영문학과,학생부종합(농어촌학생),학생부종합,1,1
2,2026,사학과,학생부교과(일반전형),학생부교과,20,124
2,2026,사학과,학생부교과(지역인재),학생부교과,3,9
2,2026,사학과,학생부종합(미래인재),학생부종합,10,63
2,2026,사학과,학생부종합(지역인재),학생부종합,11,32
2,2026,사학과,학생부종합(농어촌학생),학생부종합,1,3
2,2026,철학과,학생부교과(일반전형),학생부교과,21,107
2,2026,철학과,학생부교과(지역인재),학생부교과,8,41
2,2026,철학과,학생부종합(미래인재),학생부종합,11,57
2,2026,철학과,학생부종합(지역인재),학생부종합,13,52
2,2026,철학과,학생부교과(저소득층),학생부교과,2,7
2,2026,경영학과,학생부교과(일반전형),학생부교과,27,244
2,2026,경영학과,학생부종합(미래인재),학생부종합,16,184
2,2026,경영학과,학생부종합(지역인재),학생부종합,3,18
2,2026,경영학과,학생부교과(저소득층),학생부교과,1,2
2,2026,경제·정보통계학부,학생부교과(일반전형),학생부교과,27,129
2,2026,경제·정보통계학부,학생부종합(미래인재),학생부종합,19,176
2,2026,경제·정보통계학부,학생부종합(지역인재),학생부종합,14,98
2,2026,경제·정보통계학부,학생부교과(저소득층),학생부교과,4,8
2,2026,경제·정보통계학부,학생부종합(농어촌학생),학생부종합,1,4
2,2026,회계학과,학생부교과(일반전형),학생부교과,10,55
2,2026,회계학과,학생부교과(지역인재),학생부교과,13,81
2,2026,회계학과,학생부종합(미래인재),학생부종합,9,89
2,2026,회계학과,학생부종합(지역인재),학생부종합,12,63
2,2026,회계학과,학생부교과(저소득층),학생부교과,4,7
2,2026,회계학과,학생부종합(농어촌학생),학생부종합,1,4
2,2026,국제무역학과,학생부교과(일반전형),학생부교과,15,128
2,2026,국제무역학과,학생부교과(지역인재),학생부교과,5,30
2,2026,국제무역학과,학생부종합(미래인재),학생부종합,6,60
2,2026,국제무역학과,학생부교과(저소득층),학생부교과,5,15
2,2026,국제무역학과,학생부종합(농어촌학생),학생부종합,3,7
2,2026,관광경영학과,학생부교과(일반전형),학생부교과,17,126
2,2026,관광경영학과,학생부교과(지역인재),학생부교과,16,77
2,2026,관광경영학과,학생부종합(미래인재),학생부종합,11,34
2,2026,행정·심리학부,학생부교과(일반전형),학생부교과,26,143
2,2026,행정·심리학부,학생부교과(지역인재),학생부교과,14,126
2,2026,행정·심리학부,학생부종합(미래인재),학생부종합,6,38
2,2026,행정·심리학부,학생부종합(지역인재),학생부종합,2,10
2,2026,행정·심리학부,학생부교과(저소득층),학생부교과,2,11
2,2026,정치외교학과,학생부교과(일반전형),학생부교과,11,69
2,2026,정치외교학과,학생부교과(지역인재),학생부교과,9,41
2,2026,정치외교학과,학생부종합(미래인재),학생부종합,12,64
2,2026,정치외교학과,학생부종합(지역인재),학생부종합,9,50
2,2026,정치외교학과,학생부종합(농어촌학생),학생부종합,1,4
2,2026,사회학과,학생부교과(일반전형),학생부교과,9,40
2,2026,사회학과,학생부종합(미래인재),학생부종합,7,44
2,2026,사회학과,학생부종합(지역인재),학생부종합,5,19
2,2026,사회학과,학생부교과(저소득층),학생부교과,1,4
2,2026,미디어커뮤니케이션학과,학생부교과(일반전형),학생부교과,8,39
2,2026,미디어커뮤니케이션학과,학생부교과(지역인재),학생부교과,14,50
2,2026,미디어커뮤니케이션학과,학생부종합(미래인재),학생부종합,17,100
2,2026,미디어커뮤니케이션학과,학생부종합(지역인재),학생부종합,15,72
2,2026,미디어커뮤니케이션학과,학생부교과(저소득층),학생부교과,3,16
2,2026,미디어커뮤니케이션학과,학생부종합(농어촌학생),학생부종합,3,12
2,2026,컴퓨터공학과,학생부교과(일반전형),학생부교과,15,87
2,2026,컴퓨터공학과,학생부교과(지역인재),학생부교과,6,21
2,2026,컴퓨터공학과,학생부종합(미래인재),학생부종합,20,165
2,2026,컴퓨터공학과,학생부종합(지역인재),학생부종합,15,45
2,2026,컴퓨터공학과,학생부종합(농어촌학생),학생부종합,3,6
2,2026,전자공학과,학생부교과(일반전형),학생부교과,16,86
2,2026,전자공학과,학생부교과(지역인재),학생부교과,8,35
2,2026,전자공학과,학생부종합(미래인재),학생부종합,14,75
2,2026,전자공학과,학생부종합(지역인재),학생부종합,5,35
2,2026,전자공학과,학생부종합(농어촌학생),학생부종합,1,3
2,2026,전기공학과,학생부교과(지역인재),학생부교과,13,64
2,2026,전기공학과,학생부종합(미래인재),학생부종합,9,38
2,2026,전기공학과,학생부종합(지역인재),학생부종합,6,18
2,2026,전기공학과,학생부교과(저소득층),학생부교과,1,4
2,2026,전기공학과,학생부종합(농어촌학생),학생부종합,2,8
2,2026,기계의용공학과,학생부교과(일반전형),학생부교과,14,79
2,2026,기계의용공학과,학생부교과(지역인재),학생부교과,17,59
2,2026,기계의용공학과,학생부종합(미래인재),학생부종합,7,39
2,2026,기계의용공학과,학생부교과(저소득층),학생부교과,3,10
2,2026,기계의용공학과,학생부종합(농어촌학생),학생부종합,2,7
2,2026,건축공학과,학생부교과(일반전형),학생부교과,23,157
2,2026,건축공학과,학생부교과(지역인재),학생부교과,12,36
2,2026,건축공학과,학생부종합(미래인재),학생부종합,14,84
2,2026,건축공학과,학생부교과(저소득층),학생부교과,1,4
2,2026,환경공학과,학생부교과(일반전형),학생부교과,29,194
2,2026,환경공학과,학생부교과(지역인재),학생부교과,12,26
2,2026,환경공학과,학생부종합(미래인재),학생부종합,16,114
2,2026,환경공학과,학생부종합(지역인재),학생부종합,18,109
2,2026,생명과학과,학생부교과(일반전형),학생부교과,18,100
2,2026,생명과학과,학생부종합(미래인재),학생부종합,14,163
2,2026,생명과학과,학생부교과(저소득층),학생부교과,1,3
2,2026,생명과학과,학생부종합(농어촌학생),학생부종합,3,10
2,2026,화학과,학생부교과(일반전형),학생부교과,9,60
2,2026,화학과,학생부교과(지역인재),학생부교과,8,46
2,2026,화학과,학생부종합(미래인재),학생부종합,9,48
2,2026,화학과,학생부종합(지역인재),학생부종합,6,27
2,2026,물리학과,학생부교과(일반전형),학생부교과,14,101
2,2026,물리학과,학생부교과(지역인재),학생부교과,5,27
2,2026,물리학과,학생부종합(미래인재),학생부종합,7,19
2,2026,물리학과,학생부교과(저소득층),학생부교과,4,17
2,2026,수학과,학생부교과(일반전형),학생부교과,9,32
2,2026,수학과,학생부종합(미래인재),학생부종합,5,43
2,2026,수학과,학생부종합(지역인재),학생부종합,4,19
2,2026,수학과,학생부종합(농어촌학생),학생부종합,1,3
2,2026,동물산업융합학과,학생부교과(일반전형),학생부교과,13,40
2,2026,동물산업융합학과,학생부교과(지역인재),학생부교과,11,45
2,2026,동물산업융합학과,학생부종합(미래인재),학생부종합,20,189
2,2026,동물산업융합학과,학생부종합(지역인재),학생부종합,9,58
2,2026,동물산업융합학과,학생부교과(저소득층),학생부교과,4,14
2,2026,산림과학부,학생부교과(일반전형),학생부교과,26,114
2,2026,산림과학부,학생부교과(지역인재),학생부교과,4,22
2,2026,산림과학부,학생부종합(미래인재),학생부종합,14,82
2,2026,산림과학부,학생부종합(지역인재),학생부종합,10,60
2,2026,산림과학부,학생부교과(저소득층),학생부교과,4,20
2,2026,산림과학부,학생부종합(농어촌학생),학생부종합,3,13
2,2026,스마트농산업학과,학생부교과(일반전형),학생부교과,11,46
2,2026,스마트농산업학과,학생부교과(지역인재),학생부교과,8,37
2,2026,스마트농산업학과,학생부종합(미래인재),학생부종합,11,57
2,2026,스마트농산업학과,학생부종합(지역인재),학생부종합,11,52
2,2026,스마트농산업학과,학생부교과(저소득층),학생부교과,4,15
2,2026,스마트농산업학과,학생부종합(농어촌학생),학생부종합,2,4
2,2026,약학과,학생부교과(일반전형),학생부교과,8,156
2,2026,약학과,학생부교과(지역인재),학생부교과,11,72
2,2026,약학과,학생부종합(미래인재),학생부종합,14,230
2,2026,약학과,학생부종합(지역인재),학생부종합,11,76
2,2026,간호학과,학생부교과(일반전형),학생부교과,21,110
2,2026,간호학과,학생부종합(미래인재),학생부종합,12,178
2,2026,간호학과,학생부종합(지역인재),학생부종합,8,55
2,2026,간호학과,학생부교과(저소득층),학생부교과,2,12
2,2026,의예과,학생부교과(일반전형),학생부교과,18,250
2,2026,의예과,학생부교과(지역인재),학생부교과,6,104
2,2026,의예과,학생부종합(미래인재),학생부종합,9,185
2,2026,의예과,학생부종합(지역인재),학생부종합,5,44
2,2026,수의예과,학생부교과(일반전형),학생부교과,15,131
2,2026,수의예과,학생부교과(지역인재),학생부교과,7,62
2,2026,수의예과,학생부종합(미래인재),학생부종합,15,188
2,2026,수의예과,학생부종합(지역인재),학생부종합,10,92
2,2026,국어교육과,학생부교과(일반전형),학생부교과,23,110
2,2026,국어교육과,학생부종합(미래인재),학생부종합,7,51
2,2026,국어교육과,학생부종합(지역인재),학생부종합,11,40
2,2026,국어교육과,학생부종합(농어촌학생),학생부종합,4,9
2,2026,수학교육과,학생부교과(일반전형),학생부교과,13,117
2,2026,수학교육과,학생부교과(지역인재),학생부교과,4,13
2,2026,수학교육과,학생부종합(미래인재),학생부종합,15,135
2,2026,수학교육과,학생부교과(저소득층),학생부교과,3,13
2,2026,체육교육과,실기/실적(실기),실기/실적,29,333
2,2026,디자인학과,실기/실적(실기),실기/실적,18,96
2,2026,스포츠과학과,실기/실적(실기),실기/실적,26,200
2,2026,자유전공학부,학생부교과(일반전형),학생부교과,14,46
2,2026,자유전공학부,학생부교과(지역인재),학생부교과,14,81
2,2026,자유전공학부,학생부종합(미래인재),학생부종합,18,94
2,2026,자유전공학부,학생부교과(저소득층),학생부교과,2,5
2,2026,자유전공학부,학생부종합(농어촌학생),학생부종합,1,2
3,2024,국어국문학과,논술(KU논술우수자),논술,6,426
3,2024,영어영문학과,학생부종합(KU자기추천),학생부종합,11,97
3,2024,영어영문학과,학생부교과(KU지역균형),학생부교과,14,141
3,2024,영어영문학과,논술(KU논술우수자),논술,10,630
3,2024,영어영문학과,학생부종합(기회균형),학생부종합,2,18
3,2024,중어중문학과,학생부종합(KU자기추천),학생부종합,9,118
3,2024,중어중문학과,학생부교과(KU지역균형),학생부교과,7,53
3,2024,중어중문학과,논술(KU논술우수자),논술,4,360
3,2024,중어중문학과,학생부종합(농어촌학생),학생부종합,1,6
3,2024,철학과,학생부종합(KU자기추천),학생부종합,12,100
3,2024,철학과,학생부교과(KU지역균형),학생부교과,15,183
3,2024,철학과,학생부종합(기회균형),학생부종합,1,8
3,2024,사학과,학생부종합(KU자기추천),학생부종합,19,202
3,2024,사학과,학생부교과(KU지역균형),학생부교과,15,120
3,2024,사학과,논술(KU논술우수자),논술,10,971
3,2024,사학과,학생부종합(기회균형),학생부종합,4,17
3,2024,지리학과,학생부종합(KU자기추천),학생부종합,25,624
3,2024,지리학과,학생부교과(KU지역균형),학생부교과,15,175
3,2024,지리학과,논술(KU논술우수자),논술,13,759
3,2024,지리학과,학생부종합(기회균형),학생부종합,2,13
3,2024,미디어커뮤니케이션학과,학생부종합(KU자기추천),학생부종합,20,521
3,2024,미디어커뮤니케이션학과,학생부교과(KU지역균형),학생부교과,15,175
3,2024,미디어커뮤니케이션학과,논술(KU논술우수자),논술,4,225
3,2024,미디어커뮤니케이션학과,학생부종합(기회균형),학생부종합,2,18
3,2024,미디어커뮤니케이션학과,학생부종합(농어촌학생),학생부종합,1,8
3,2024,문화콘텐츠학과,학생부종합(KU자기추천),학생부종합,9,107
3,2024,문화콘텐츠학과,학생부교과(KU지역균형),학생부교과,12,90
3,2024,문화콘텐츠학과,논술(KU논술우수자),논술,14,1017
3,2024,문화콘텐츠학과,학생부종합(농어촌학생),학생부종합,2,13
3,2024,정치외교학과,학생부종합(KU자기추천),학생부종합,9,79
3,2024,정치외교학과,학생부교과(KU지역균형),학생부교과,15,204
3,2024,정치외교학과,논술(KU논술우수자),논술,13,1248
3,2024,정치외교학과,학생부종합(농어촌학생),학생부종합,1,12
3,2024,경제학과,학생부종합(KU자기추천),학생부종합,6,90
3,2024,경제학과,학생부교과(KU지역균형),학생부교과,4,27
3,2024,행정학과,학생부종합(KU자기추천),학생부종합,18,411
3,2024,행정학과,논술(KU논술우수자),논술,9,597
3,2024,행정학과,학생부종합(기회균형),학생부종합,2,10
3,2024,행정학과,학생부종합(농어촌학생),학생부종합,3,37
3,2024,국제무역학과,학생부종합(KU자기추천),학생부종합,20,250
3,2024,국제무역학과,학생부교과(KU지역균형),학생부교과,14,152
3,2024,국제무역학과,논술(KU논술우수자),논술,5,448
3,2024,국제무역학과,학생부종합(기회균형),학생부종합,1,8
3,2024,국제무역학과,학생부종합(특성화고교졸업자),학생부종합,1,8
3,2024,응용통계학과,학생부종합(KU자기추천),학생부종합,10,194
3,2024,응용통계학과,논술(KU논술우수자),논술,3,142
3,2024,응용통계학과,학생부종합(기회균형),학생부종합,2,15
3,2024,응용통계학과,학생부종합(농어촌학생),학생부종합,1,9
3,2024,경영학과,학생부종합(KU자기추천),학생부종합,14,148
3,2024,경영학과,학생부교과(KU지역균형),학생부교과,6,76
3,2024,경영학과,논술(KU논술우수자),논술,12,595
3,2024,경영학과,학생부종합(농어촌학생),학생부종합,3,35
3,2024,경영학과,학생부종합(특성화고교졸업자),학생부종합,3,24
3,2024,기술경영학과,학생부종합(KU자기추천),학생부종합,14,290
3,2024,기술경영학과,학생부교과(KU지역균형),학생부교과,15,141
3,2024,기술경영학과,논술(KU논술우수자),논술,6,411
3,2024,기술경영학과,학생부종합(기회균형),학생부종합,2,18
3,2024,기술경영학과,학생부종합(특성화고교졸업자),학생부종합,2,13
3,2024,부동산학과,학생부종합(KU자기추천),학생부종합,12,134
3,2024,부동산학과,학생부교과(KU지역균형),학생부교과,11,121
3,2024,부동산학과,논술(KU논술우수자),논술,4,155
3,2024,부동산학과,학생부종합(기회균형),학생부종합,1,13
3,2024,건축학부,학생부종합(KU자기추천),학생부종합,19,493
3,2024,건축학부,학생부교과(KU지역균형),학생부교과,4,54
3,2024,건축학부,학생부종합(기회균형),학생부종합,2,11
3,2024,사회환경공학부,학생부종합(KU자기추천),학생부종합,17,237
3,2024,사회환경공학부,학생부교과(KU지역균형),학생부교과,9,59
3,2024,사회환경공학부,학생부종합(농어촌학생),학생부종합,2,14
3,2024,기계로봇자동차공학부,학생부종합(KU자기추천),학생부종합,19,507
3,2024,기계로봇자동차공학부,학생부교과(KU지역균형),학생부교과,15,176
3,2024,기계로봇자동차공학부,논술(KU논술우수자),논술,10,841
3,2024,기계로봇자동차공학부,학생부종합(기회균형),학생부종합,3,16
3,2024,기계로봇자동차공학부,학생부종합(특성화고교졸업자),학생부종합,1,5
3,2024,전기전자공학부,학생부종합(KU자기추천),학생부종합,24,444
3,2024,전기전자공학부,학생부교과(KU지역균형),학생부교과,12,164
3,2024,전기전자공학부,학생부종합(농어촌학생),학생부종합,1,8
3,2024,화학공학부,학생부종합(KU자기추천),학생부종합,18,222
3,2024,화학공학부,학생부교과(KU지역균형),학생부교과,5,77
3,2024,화학공학부,논술(KU논술우수자),논술,4,221
3,2024,컴퓨터공학부,학생부종합(KU자기추천),학생부종합,10,138
3,2024,컴퓨터공학부,학생부교과(KU지역균형),학생부교과,5,62
3,2024,컴퓨터공학부,논술(KU논술우수자),논술,10,770
3,2024,컴퓨터공학부,학생부종합(기회균형),학생부종합,1,5
3,2024,산업공학과,학생부종합(KU자기추천),학생부종합,18,392
3,2024,산업공학과,학생부교과(KU지역균형),학생부교과,8,87
3,2024,산업공학과,학생부종합(특성화고교졸업자),학생부종합,3,14
3,2024,생물공학과,학생부종합(KU자기추천),학생부종합,12,250
3,2024,생물공학과,논술(KU논술우수자),논술,8,566
3,2024,생물공학과,학생부종합(농어촌학생),학생부종합,3,16
3,2024,물리학과,학생부종합(KU자기추천),학생부종합,22,415
3,2024,물리학과,학생부교과(KU지역균형),학생부교과,11,120
3,2024,물리학과,논술(KU논술우수자),논술,6,469
3,2024,물리학과,학생부종합(기회균형),학생부종합,4,29
3,2024,화학과,학생부종합(KU자기추천),학생부종합,9,207
3,2024,화학과,학생부교과(KU지역균형),학생부교과,10,98
3,2024,화학과,학생부종합(기회균형),학생부종합,4,34
3,2024,수학과,학생부종합(KU자기추천),학생부종합,7,157
3,2024,수학과,학생부교과(KU지역균형),학생부교과,12,177
3,2024,수학과,논술(KU논술우수자),논술,5,331
3,2024,수학과,학생부종합(기회균형),학생부종합,4,21
3,2024,줄기세포재생공학과,학생부종합(KU자기추천),학생부종합,21,597
3,2024,줄기세포재생공학과,학생부교과(KU지역균형),학생부교과,8,96
3,2024,줄기세포재생공학과,논술(KU논술우수자),논술,13,1608
3,2024,줄기세포재생공학과,학생부종합(기회균형),학생부종합,1,7
3,2024,줄기세포재생공학과,학생부종합(특성화고교졸업자),학생부종합,2,7
3,2024,식량자원과학과,학생부교과(KU지역균형),학생부교과,11,77
3,2024,식량자원과학과,학생부종합(기회균형),학생부종합,3,22
3,2024,식량자원과학과,학생부종합(농어촌학생),학생부종합,3,21
3,2024,수의예과,학생부종합(KU자기추천),학생부종합,13,379
3,2024,수의예과,학생부교과(KU지역균형),학생부교과,6,125
3,2024,수의예과,논술(KU논술우수자),논술,6,948
3,2024,수의예과,학생부종합(기회균형),학생부종합,2,35
3,2024,교육공학과,학생부종합(KU자기추천),학생부종합,9,171
3,2024,영어교육과,학생부종합(KU자기추천),학생부종합,24,400
3,2024,영어교육과,학생부교과(KU지역균형),학생부교과,8,67
3,2024,영어교육과,논술(KU논술우수자),논술,3,150
3,2024,영어교육과,학생부종합(기회균형),학생부종합,3,35
3,2024,체육교육과,실기/실적(KU실기우수자),실기/실적,9,170
3,2024,커뮤니케이션디자인학과,실기/실적(KU실기우수자),실기/실적,25,494
3,2025,국어국문학과,학생부교과(KU지역균형),학생부교과,9,44
3,2025,국어국문학과,논술(KU논술우수자),논술,6,465
3,2025,영어영문학과,학생부종합(KU자기추천),학생부종합,11,126
3,2025,영어영문학과,학생부교과(KU지역균형),학생부교과,17,170
3,2025,영어영문학과,논술(KU논술우수자),논술,10,706
3,2025,영어영문학과,학생부종합(기회균형),학생부종합,2,16
3,2025,중어중문학과,학생부종합(KU자기추천),학생부종합,9,97
3,2025,중어중문학과,학생부교과(KU지역균형),학생부교과,7,50
3,2025,중어중문학과,논술(KU논술우수자),논술,4,317
3,2025,중어중문학과,학생부종합(농어촌학생),학생부종합,2,15
3,2025,철학과,학생부종합(KU자기추천),학생부종합,12,82
3,2025,철학과,학생부교과(KU지역균형),학생부교과,12,156
3,2025,철학과,학생부종합(기회균형),학생부종합,1,7
3,2025,사학과,학생부종합(KU자기추천),학생부종합,19,181
3,2025,사학과,학생부교과(KU지역균형),학생부교과,12,63
3,2025,사학과,논술(KU논술우수자),논술,10,672
3,2025,사학과,학생부종합(기회균형),학생부종합,5,30
3,2025,지리학과,학생부종합(KU자기추천),학생부종합,25,565
3,2025,지리학과,학생부교과(KU지역균형),학생부교과,15,118
3,2025,지리학과,논술(KU논술우수자),논술,13,988
3,2025,지리학과,학생부종합(기회균형),학생부종합,2,10
3,2025,미디어커뮤니케이션학과,학생부종합(KU자기추천),학생부종합,20,350
3,2025,미디어커뮤니케이션학과,학생부교과(KU지역균형),학생부교과,15,150
3,2025,미디어커뮤니케이션학과,논술(KU논술우수자),논술,4,225
3,2025,미디어커뮤니케이션학과,학생부종합(기회균형),학생부종합,3,30
3,2025,미디어커뮤니케이션학과,학생부종합(농어촌학생),학생부종합,1,7
3,2025,문화콘텐츠학과,학생부종합(KU자기추천),학생부종합,9,153
3,2025,문화콘텐츠학과,학생부교과(KU지역균형),학생부교과,13,119
3,2025,문화콘텐츠학과,논술(KU논술우수자),논술,14,877
3,2025,문화콘텐츠학과,학생부종합(농어촌학생),학생부종합,3,15
3,2025,정치외교학과,학생부종합(KU자기추천),학생부종합,9,90
3,2025,정치외교학과,학생부교과(KU지역균형),학생부교과,14,200
3,2025,정치외교학과,논술(KU논술우수자),논술,13,1028
3,2025,정치외교학과,학생부종합(농어촌학생),학생부종합,1,13
3,2025,경제학과,학생부종합(KU자기추천),학생부종합,7,144
3,2025,경제학과,학생부교과(KU지역균형),학생부교과,5,37
3,2025,행정학과,학생부종합(KU자기추천),학생부종합,15,350
3,2025,행정학과,학생부교과(KU지역균형),학생부교과,7,51
3,2025,행정학과,논술(KU논술우수자),논술,9,827
3,2025,행정학과,학생부종합(기회균형),학생부종합,2,13
3,2025,행정학과,학생부종합(농어촌학생),학생부종합,3,30
3,2025,국제무역학과,학생부종합(KU자기추천),학생부종합,24,239
3,2025,국제무역학과,학생부교과(KU지역균형),학생부교과,12,132
3,2025,국제무역학과,논술(KU논술우수자),논술,5,384
3,2025,국제무역학과,학생부종합(기회균형),학생부종합,1,5
3,2025,국제무역학과,학생부종합(특성화고교졸업자),학생부종합,1,7
3,2025,응용통계학과,학생부종합(KU자기추천),학생부종합,10,206
3,2025,응용통계학과,논술(KU논술우수자),논술,3,141
3,2025,응용통계학과,학생부종합(기회균형),학생부종합,2,16
3,2025,응용통계학과,학생부종합(농어촌학생),학생부종합,1,9
3,2025,경영학과,학생부종합(KU자기추천),학생부종합,17,254
3,2025,경영학과,학생부교과(KU지역균형),학생부교과,6,93
3,2025,경영학과,논술(KU논술우수자),논술,11,587
3,2025,경영학과,학생부종합(기회균형),학생부종합,1,8
3,2025,경영학과,학생부종합(농어촌학생),학생부종합,3,40
3,2025,경영학과,학생부종합(특성화고교졸업자),학생부종합,3,25
3,2025,기술경영학과,학생부종합(KU자기추천),학생부종합,14,182
3,2025,기술경영학과,학생부교과(KU지역균형),학생부교과,15,157
3,2025,기술경영학과,논술(KU논술우수자),논술,5,314
3,2025,기술경영학과,학생부종합(기회균형),학생부종합,2,20
3,2025,기술경영학과,학생부종합(특성화고교졸업자),학생부종합,2,13
3,2025,부동산학과,학생부종합(KU자기추천),학생부종합,14,107
3,2025,부동산학과,학생부교과(KU지역균형),학생부교과,11,96
3,2025,부동산학과,논술(KU논술우수자),논술,5,177
3,2025,부동산학과,학생부종합(기회균형),학생부종합,1,8
3,2025,건축학부,학생부종합(KU자기추천),학생부종합,19,375
3,2025,건축학부,학생부교과(KU지역균형),학생부교과,4,51
3,2025,건축학부,학생부종합(기회균형),학생부종합,2,12
3,2025,건축학부,학생부종합(농어촌학생),학생부종합,3,16
3,2025,사회환경공학부,학생부종합(KU자기추천),학생부종합,17,202
3,2025,사회환경공학부,학생부교과(KU지역균형),학생부교과,9,55
3,2025,사회환경공학부,학생부종합(농어촌학생),학생부종합,1,7
3,2025,기계로봇자동차공학부,학생부종합(KU자기추천),학생부종합,19,388
3,2025,기계로봇자동차공학부,학생부교과(KU지역균형),학생부교과,18,222
3,2025,기계로봇자동차공학부,논술(KU논술우수자),논술,10,592
3,2025,기계로봇자동차공학부,학생부종합(기회균형),학생부종합,3,11
3,2025,기계로봇자동차공학부,학생부종합(특성화고교졸업자),학생부종합,1,5
3,2025,전기전자공학부,학생부종합(KU자기추천),학생부종합,27,502
3,2025,전기전자공학부,학생부교과(KU지역균형),학생부교과,12,130
3,2025,전기전자공학부,학생부종합(농어촌학생),학생부종합,1,7
3,2025,화학공학부,학생부종합(KU자기추천),학생부종합,16,149
3,2025,화학공학부,학생부교과(KU지역균형),학생부교과,5,62
3,2025,화학공학부,논술(KU논술우수자),논술,4,196
3,2025,컴퓨터공학부,학생부종합(KU자기추천),학생부종합,12,136
3,2025,컴퓨터공학부,학생부교과(KU지역균형),학생부교과,5,46
3,2025,컴퓨터공학부,논술(KU논술우수자),논술,10,574
3,2025,컴퓨터공학부,학생부종합(기회균형),학생부종합,1,7
3,2025,산업공학과,학생부종합(KU자기추천),학생부종합,18,351
3,2025,산업공학과,학생부교과(KU지역균형),학생부교과,8,88
3,2025,산업공학과,논술(KU논술우수자),논술,13,901
3,2025,산업공학과,학생부종합(특성화고교졸업자),학생부종합,3,16
3,2025,생물공학과,학생부종합(KU자기추천),학생부종합,12,275
3,2025,생물공학과,논술(KU논술우수자),논술,8,539
3,2025,생물공학과,학생부종합(농어촌학생),학생부종합,4,16
3,2025,물리학과,학생부종합(KU자기추천),학생부종합,22,480
3,2025,물리학과,학생부교과(KU지역균형),학생부교과,13,173
3,2025,물리학과,논술(KU논술우수자),논술,6,413
3,2025,물리학과,학생부종합(기회균형),학생부종합,4,32
3,2025,화학과,학생부종합(KU자기추천),학생부종합,9,193
3,2025,화학과,학생부교과(KU지역균형),학생부교과,10,120
3,2025,화학과,학생부종합(기회균형),학생부종합,4,28
3,2025,수학과,학생부종합(KU자기추천),학생부종합,6,99
3,2025,수학과,학생부교과(KU지역균형),학생부교과,12,135
3,2025,수학과,논술(KU논술우수자),논술,5,346
3,2025,수학과,학생부종합(기회균형),학생부종합,3,16
3,2025,줄기세포재생공학과,학생부종합(KU자기추천),학생부종합,21,444
3,2025,줄기세포재생공학과,학생부교과(KU지역균형),학생부교과,6,98
3,2025,줄기세포재생공학과,논술(KU논술우수자),논술,13,1289
3,2025,줄기세포재생공학과,학생부종합(기회균형),학생부종합,1,6
3,2025,줄기세포재생공학과,학생부종합(특성화고교졸업자),학생부종합,2,7
3,2025,식량자원과학과,학생부교과(KU지역균형),학생부교과,11,84
3,2025,식량자원과학과,학생부종합(기회균형),학생부종합,4,31
3,2025,식량자원과학과,학생부종합(농어촌학생),학생부종합,3,24
3,2025,수의예과,학생부종합(KU자기추천),학생부종합,16,465
3,2025,수의예과,학생부교과(KU지역균형),학생부교과,7,144
3,2025,수의예과,논술(KU논술우수자),논술,5,717
3,2025,수의예과,학생부종합(기회균형),학생부종합,2,50
3,2025,교육공학과,학생부종합(KU자기추천),학생부종합,10,148
3,2025,영어교육과,학생부종합(KU자기추천),학생부종합,23,270
3,2025,영어교육과,학생부교과(KU지역균형),학생부교과,10,82
3,2025,영어교육과,논술(KU논술우수자),논술,3,181
3,2025,영어교육과,학생부종합(기회균형),학생부종합,3,39
3,2025,체육교육과,실기/실적(KU실기우수자),실기/실적,9,149
3,2025,커뮤니케이션디자인학과,실기/실적(KU실기우수자),실기/실적,27,379
3,2025,KU자유전공학부,학생부종합(KU자기추천),학생부종합,23,504
3,2025,KU자유전공학부,학생부교과(KU지역균형),학생부교과,13,178
3,2025,KU자유전공학부,논술(KU논술우수자),논술,10,406
3,2026,국어국문학과,학생부교과(KU지역균형),학생부교과,10,43
3,2026,국어국문학과,논술(KU논술우수자),논술,6,466
3,2026,영어영문학과,학생부종합(KU자기추천),학생부종합,11,97
3,2026,영어영문학과,학생부교과(KU지역균형),학생부교과,20,223
3,2026,영어영문학과,논술(KU논술우수자),논술,10,731
3,2026,영어영문학과,학생부종합(기회균형),학생부종합,3,29
3,2026,중어중문학과,학생부종합(KU자기추천),학생부종합,9,93
3,2026,중어중문학과,학생부교과(KU지역균형),학생부교과,7,44
3,2026,중어중문학과,논술(KU논술우수자),논술,4,369
3,2026,중어중문학과,학생부종합(농어촌학생),학생부종합,2,14
3,2026,철학과,학생부종합(KU자기추천),학생부종합,12,78
3,2026,철학과,학생부교과(KU지역균형),학생부교과,10,104
3,2026,철학과,학생부종합(기회균형),학생부종합,1,6
3,2026,사학과,학생부종합(KU자기추천),학생부종합,19,167
3,2026,사학과,학생부교과(KU지역균형),학생부교과,12,84
3,2026,사학과,논술(KU논술우수자),논술,11,967
3,2026,미디어커뮤니케이션학과,학생부종합(KU자기추천),학생부종합,20,391
3,2026,미디어커뮤니케이션학과,학생부교과(KU지역균형),학생부교과,15,121
3,2026,미디어커뮤니케이션학과,논술(KU논술우수자),논술,4,226
3,2026,미디어커뮤니케이션학과,학생부종합(기회균형),학생부종합,3,30
3,2026,미디어커뮤니케이션학과,학생부종합(농어촌학생),학생부종합,1,5
3,2026,문화콘텐츠학과,학생부종합(KU자기추천),학생부종합,7,87
3,2026,문화콘텐츠학과,학생부교과(KU지역균형),학생부교과,13,118
3,2026,문화콘텐츠학과,논술(KU논술우수자),논술,14,962
3,2026,문화콘텐츠학과,학생부종합(농어촌학생),학생부종합,3,16
3,2026,정치외교학과,학생부종합(KU자기추천),학생부종합,9,94
3,2026,정치외교학과,논술(KU논술우수자),논술,13,959
3,2026,정치외교학과,학생부종합(농어촌학생),학생부종합,1,9
3,2026,경제학과,학생부종합(KU자기추천),학생부종합,7,92
3,2026,경제학과,학생부교과(KU지역균형),학생부교과,6,38
3,2026,행정학과,학생부종합(KU자기추천),학생부종합,15,295
3,2026,행정학과,학생부교과(KU지역균형),학생부교과,7,36
3,2026,행정학과,논술(KU논술우수자),논술,11,646
3,2026,행정학과,학생부종합(기회균형),학생부종합,1,6
3,2026,행정학과,학생부종합(농어촌학생),학생부종합,2,19
3,2026,국제무역학과,학생부종합(KU자기추천),학생부종합,24,282
3,2026,국제무역학과,학생부교과(KU지역균형),학생부교과,12,128
3,2026,국제무역학과,논술(KU논술우수자),논술,5,513
3,2026,국제무역학과,학생부종합(특성화고교졸업자),학생부종합,1,6
3,2026,응용통계학과,학생부종합(KU자기추천),학생부종합,10,217
3,2026,응용통계학과,논술(KU논술우수자),논술,3,152
3,2026,응용통계학과,학생부종합(기회균형),학생부종합,1,7
3,2026,응용통계학과,학생부종합(농어촌학생),학생부종합,1,8
3,2026,경영학과,학생부종합(KU자기추천),학생부종합,17,193
3,2026,경영학과,학생부교과(KU지역균형),학생부교과,6,84
3,2026,경영학과,논술(KU논술우수자),논술,11,504
3,2026,경영학과,학생부종합(기회균형),학생부종합,1,6
3,2026,경영학과,학생부종합(농어촌학생),학생부종합,3,36
3,2026,경영학과,학생부종합(특성화고교졸업자),학생부종합,4,30
3,2026,기술경영학과,학생부종합(KU자기추천),학생부종합,12,206
3,2026,기술경영학과,학생부교과(KU지역균형),학생부교과,15,127
3,2026,기술경영학과,논술(KU논술우수자),논술,5,245
3,2026,기술경영학과,학생부종합(특성화고교졸업자),학생부종합,2,16
3,2026,부동산학과,학생부종합(KU자기추천),학생부종합,14,143
3,2026,부동산학과,학생부교과(KU지역균형),학생부교과,12,140
3,2026,부동산학과,논술(KU논술우수자),논술,5,211
3,2026,부동산학과,학생부종합(기회균형),학생부종합,1,10
3,2026,건축학부,학생부종합(KU자기추천),학생부종합,22,520
3,2026,건축학부,학생부종합(농어촌학생),학생부종합,3,18
3,2026,사회환경공학부,학생부종합(KU자기추천),학생부종합,19,271
3,2026,사회환경공학부,학생부교과(KU지역균형),학생부교과,9,63
3,2026,기계로봇자동차공학부,학생부종합(KU자기추천),학생부종합,19,469
3,2026,기계로봇자동차공학부,학생부교과(KU지역균형),학생부교과,17,139
3,2026,기계로봇자동차공학부,논술(KU논술우수자),논술,10,809
3,2026,기계로봇자동차공학부,학생부종합(기회균형),학생부종합,3,13
3,2026,기계로봇자동차공학부,학생부종합(특성화고교졸업자),학생부종합,1,4
3,2026,전기전자공학부,학생부종합(KU자기추천),학생부종합,27,595
3,2026,전기전자공학부,학생부교과(KU지역균형),학생부교과,12,165
3,2026,전기전자공학부,학생부종합(농어촌학생),학생부종합,1,6
3,2026,화학공학부,학생부종합(KU자기추천),학생부종합,16,156
3,2026,화학공학부,학생부교과(KU지역균형),학생부교과,4,44
3,2026,화학공학부,논술(KU논술우수자),논술,4,269
3,2026,컴퓨터공학부,학생부종합(KU자기추천),학생부종합,12,157
3,2026,컴퓨터공학부,학생부교과(KU지역균형),학생부교과,4,35
3,2026,컴퓨터공학부,논술(KU논술우수자),논술,10,577
3,2026,컴퓨터공학부,학생부종합(기회균형),학생부종합,2,12
3,2026,산업공학과,학생부종합(KU자기추천),학생부종합,18,453
3,2026,산업공학과,학생부교과(KU지역균형),학생부교과,10,78
3,2026,산업공학과,논술(KU논술우수자),논술,13,881
3,2026,산업공학과,학생부종합(특성화고교졸업자),학생부종합,2,9
3,2026,생물공학과,학생부종합(KU자기추천),학생부종합,11,287
3,2026,생물공학과,논술(KU논술우수자),논술,8,554
3,2026,생물공학과,학생부종합(농어촌학생),학생부종합,4,19
3,2026,물리학과,학생부종합(KU자기추천),학생부종합,22,433
3,2026,물리학과,학생부교과(KU지역균형),학생부교과,13,148
3,2026,물리학과,논술(KU논술우수자),논술,6,369
3,2026,물리학과,학생부종합(기회균형),학생부종합,4,25
3,2026,화학과,학생부종합(KU자기추천),학생부종합,9,123
3,2026,화학과,학생부교과(KU지역균형),학생부교과,10,95
3,2026,화학과,학생부종합(기회균형),학생부종합,4,24
3,2026,수학과,학생부종합(KU자기추천),학생부종합,7,119
3,2026,수학과,논술(KU논술우수자),논술,5,228
3,2026,수학과,학생부종합(기회균형),학생부종합,3,12
3,2026,줄기세포재생공학과,학생부종합(KU자기추천),학생부종합,23,521
3,2026,줄기세포재생공학과,학생부교과(KU지역균형),학생부교과,6,89
3,2026,줄기세포재생공학과,논술(KU논술우수자),논술,14,1051
3,2026,줄기세포재생공학과,학생부종합(기회균형),학생부종합,2,9
3,2026,줄기세포재생공학과,학생부종합(특성화고교졸업자),학생부종합,2,8
3,2026,식량자원과학과,학생부교과(KU지역균형),학생부교과,10,86
3,2026,식량자원과학과,학생부종합(기회균형),학생부종합,5,42
3,2026,식량자원과학과,학생부종합(농어촌학생),학생부종합,4,30
3,2026,수의예과,학생부종합(KU자기추천),학생부종합,18,410
3,2026,수의예과,학생부교과(KU지역균형),학생부교과,6,115
3,2026,수의예과,논술(KU논술우수자),논술,4,597
3,2026,수의예과,학생부종합(기회균형),학생부종합,2,30
3,2026,교육공학과,학생부종합(KU자기추천),학생부종합,10,119
3,2026,영어교육과,학생부종합(KU자기추천),학생부종합,23,236
3,2026,영어교육과,학생부교과(KU지역균형),학생부교과,10,66
3,2026,영어교육과,논술(KU논술우수자),논술,4,179
3,2026,영어교육과,학생부종합(기회균형),학생부종합,3,26
3,2026,체육교육과,실기/실적(KU실기우수자),실기/실적,9,153
3,2026,커뮤니케이션디자인학과,실기/실적(KU실기우수자),실기/실적,27,414
3,2026,KU자유전공학부,학생부종합(KU자기추천),학생부종합,23,524
3,2026,KU자유전공학부,학생부교과(KU지역균형),학생부교과,15,201
3,2026,KU자유전공학부,논술(KU논술우수자),논술,8,336
4,2024,행정학과,학생부교과(지역균형선발),학생부교과,15,120
4,2024,행정학과,학생부종합(학생부종합Ⅰ),학생부종합,19,549
4,2024,행정학과,학생부종합(학생부종합Ⅱ),학생부종합,10,172
4,2024,행정학과,논술(논술전형),논술,11,616
4,2024,행정학과,학생부종합(기회균형Ⅰ),학생부종합,2,16
4,2024,국제관계학과,학생부교과(지역균형선발),학생부교과,13,141
4,2024,국제관계학과,학생부종합(학생부종합Ⅰ),학생부종합,12,186
4,2024,국제관계학과,학생부종합(학생부종합Ⅱ),학생부종합,10,188
4,2024,국제관계학과,논술(논술전형),논술,8,899
4,2024,경제학부,학생부교과(지역균형선발),학생부교과,13,122
4,2024,경제학부,학생부종합(학생부종합Ⅰ),학생부종합,24,539
4,2024,경제학부,논술(논술전형),논술,8,1028
4,2024,사회복지학과,학생부교과(지역균형선발),학생부교과,6,50
4,2024,사회복지학과,학생부종합(학생부종합Ⅰ),학생부종합,20,364
4,2024,사회복지학과,논술(논술전형),논술,8,696
4,2024,세무학과,학생부교과(지역균형선발),학생부교과,6,44
4,2024,세무학과,학생부종합(학생부종합Ⅰ),학생부종합,24,582
4,2024,세무학과,논술(논술전형),논술,4,154
4,2024,세무학과,학생부종합(기회균형Ⅰ),학생부종합,4,33
4,2024,경영학부,학생부교과(지역균형선발),학생부교과,6,127
4,2024,경영학부,학생부종합(학생부종합Ⅰ),학생부종합,21,380
4,2024,경영학부,학생부종합(학생부종합Ⅱ),학생부종합,7,174
4,2024,경영학부,논술(논술전형),논술,3,224
4,2024,경영학부,학생부종합(기회균형Ⅰ),학생부종합,2,16
4,2024,도시행정학과,학생부종합(학생부종합Ⅰ),학생부종합,21,401
4,2024,도시행정학과,논술(논술전형),논술,4,365
4,2024,도시행정학과,학생부종합(기회균형Ⅰ),학생부종합,2,11
4,2024,도시사회학과,학생부교과(지역균형선발),학생부교과,6,108
4,2024,도시사회학과,학생부종합(학생부종합Ⅰ),학생부종합,9,210
4,2024,도시사회학과,학생부종합(학생부종합Ⅱ),학생부종합,3,64
4,2024,도시사회학과,논술(논술전형),논술,6,511
4,2024,도시사회학과,학생부종합(기회균형Ⅰ),학생부종합,4,40
4,2024,도시공학과,학생부교과(지역균형선발),학생부교과,14,159
4,2024,도시공학과,학생부종합(학생부종합Ⅰ),학생부종합,16,153
4,2024,도시공학과,논술(논술전형),논술,11,618
4,2024,도시공학과,학생부종합(기회균형Ⅰ),학생부종합,4,47
4,2024,건축학부(건축학),학생부종합(학생부종합Ⅰ),학생부종합,18,315
4,2024,건축학부(건축학),학생부종합(학생부종합Ⅱ),학생부종합,7,84
4,2024,건축학부(건축공학),학생부교과(지역균형선발),학생부교과,9,134
4,2024,건축학부(건축공학),학생부종합(학생부종합Ⅰ),학생부종합,9,245
4,2024,교통공학과,학생부교과(지역균형선발),학생부교과,8,112
4,2024,교통공학과,학생부종합(학생부종합Ⅰ),학생부종합,19,285
4,2024,교통공학과,학생부종합(학생부종합Ⅱ),학생부종합,5,58
4,2024,교통공학과,논술(논술전형),논술,14,1402
4,2024,조경학과,학생부종합(학생부종합Ⅰ),학생부종합,24,368
4,2024,조경학과,학생부종합(학생부종합Ⅱ),학생부종합,8,169
4,2024,공간정보공학과,학생부교과(지역균형선발),학생부교과,7,103
4,2024,공간정보공학과,학생부종합(학생부종합Ⅰ),학생부종합,14,339
4,2024,공간정보공학과,학생부종합(학생부종합Ⅱ),학생부종합,3,24
4,2024,공간정보공학과,논술(논술전형),논술,9,931
4,2024,환경공학부,학생부교과(지역균형선발),학생부교과,6,93
4,2024,환경공학부,학생부종합(학생부종합Ⅰ),학생부종합,16,436
4,2024,환경공학부,학생부종합(학생부종합Ⅱ),학생부종합,5,89
4,2024,환경공학부,학생부종합(기회균형Ⅰ),학생부종합,2,18
4,2024,토목공학과,학생부종합(학생부종합Ⅰ),학생부종합,7,96
4,2024,토목공학과,학생부종합(학생부종합Ⅱ),학생부종합,5,75
4,2024,토목공학과,논술(논술전형),논술,3,169
4,2024,토목공학과,학생부종합(기회균형Ⅰ),학생부종합,2,11
4,2024,전자전기컴퓨터공학부,학생부종합(학생부종합Ⅰ),학생부종합,12,260
4,2024,전자전기컴퓨터공학부,논술(논술전형),논술,3,151
4,2024,전자전기컴퓨터공학부,학생부종합(기회균형Ⅰ),학생부종합,2,28
4,2024,컴퓨터과학부,학생부교과(지역균형선발),학생부교과,14,229
4,2024,컴퓨터과학부,학생부종합(학생부종합Ⅰ),학생부종합,6,69
4,2024,컴퓨터과학부,학생부종합(학생부종합Ⅱ),학생부종합,7,118
4,2024,인공지능학과,학생부교과(지역균형선발),학생부교과,6,88
4,2024,인공지능학과,학생부종합(학생부종합Ⅰ),학생부종합,11,342
4,2024,인공지능학과,논술(논술전형),논술,12,836
4,2024,인공지능학과,학생부종합(기회균형Ⅰ),학생부종합,1,20
4,2024,화학공학과,학생부교과(지역균형선발),학생부교과,8,108
4,2024,화학공학과,학생부종합(학생부종합Ⅰ),학생부종합,10,246
4,2024,화학공학과,학생부종합(학생부종합Ⅱ),학생부종합,7,108
4,2024,화학공학과,논술(논술전형),논술,13,1192
4,2024,기계정보공학과,학생부종합(학생부종합Ⅰ),학생부종합,9,146
4,2024,기계정보공학과,학생부종합(학생부종합Ⅱ),학생부종합,3,46
4,2024,기계정보공학과,학생부종합(기회균형Ⅰ),학생부종합,1,10
4,2024,신소재공학과,학생부교과(지역균형선발),학생부교과,8,81
4,2024,신소재공학과,학생부종합(학생부종합Ⅰ),학생부종합,21,554
4,2024,신소재공학과,학생부종합(학생부종합Ⅱ),학생부종합,7,76
4,2024,신소재공학과,논술(논술전형),논술,5,368
4,2024,신소재공학과,학생부종합(기회균형Ⅰ),학생부종합,3,19
4,2024,수학과,학생부교과(지역균형선발),학생부교과,11,165
4,2024,수학과,학생부종합(학생부종합Ⅰ),학생부종합,13,182
4,2024,통계학과,학생부교과(지역균형선발),학생부교과,15,128
4,2024,통계학과,학생부종합(학생부종합Ⅰ),학생부종합,8,132
4,2024,물리학과,학생부교과(지역균형선발),학생부교과,11,163
4,2024,물리학과,학생부종합(학생부종합Ⅰ),학생부종합,16,251
4,2024,생명과학과,학생부교과(지역균형선발),학생부교과,12,118
4,2024,생명과학과,학생부종합(학생부종합Ⅰ),학생부종합,18,381
4,2024,생명과학과,논술(논술전형),논술,13,971
4,2024,환경원예학과,학생부교과(지역균형선발),학생부교과,6,87
4,2024,환경원예학과,학생부종합(학생부종합Ⅰ),학생부종합,17,498
4,2024,환경원예학과,논술(논술전형),논술,7,775
4,2024,환경원예학과,학생부종합(기회균형Ⅰ),학생부종합,2,16
4,2024,융합응용화학과,학생부교과(지역균형선발),학생부교과,15,79
4,2024,융합응용화학과,학생부종합(학생부종합Ⅰ),학생부종합,11,186
4,2024,융합응용화학과,학생부종합(학생부종합Ⅱ),학생부종합,4,33
4,2024,융합응용화학과,논술(논술전형),논술,5,341
4,2024,영어영문학과,학생부교과(지역균형선발),학생부교과,12,173
4,2024,영어영문학과,학생부종합(학생부종합Ⅰ),학생부종합,14,134
4,2024,국어국문학과,학생부종합(학생부종합Ⅰ),학생부종합,11,128
4,2024,국어국문학과,학생부종합(기회균형Ⅰ),학생부종합,1,8
4,2024,국사학과,학생부교과(지역균형선발),학생부교과,11,104
4,2024,국사학과,학생부종합(학생부종합Ⅰ),학생부종합,19,294
4,2024,국사학과,학생부종합(학생부종합Ⅱ),학생부종합,4,42
4,2024,국사학과,논술(논술전형),논술,11,902
4,2024,철학과,학생부교과(지역균형선발),학생부교과,13,88
4,2024,철학과,학생부종합(학생부종합Ⅰ),학생부종합,7,102
4,2024,철학과,학생부종합(학생부종합Ⅱ),학생부종합,9,124
4,2024,철학과,논술(논술전형),논술,13,753
4,2024,철학과,학생부종합(기회균형Ⅰ),학생부종합,1,5
4,2024,음악학과,실기/실적(실기전형),실기/실적,15,196
4,2024,산업디자인전공,실기/실적(실기전형),실기/실적,22,381
4,2024,스포츠과학과,실기/실적(실기전형),실기/실적,26,258
4,2025,행정학과,학생부교과(지역균형선발),학생부교과,15,94
4,2025,행정학과,학생부종합(학생부종합Ⅰ),학생부종합,19,464
4,2025,행정학과,학생부종합(학생부종합Ⅱ),학생부종합,10,213
4,2025,행정학과,논술(논술전형),논술,11,607
4,2025,행정학과,학생부종합(기회균형Ⅰ),학생부종합,2,13
4,2025,국제관계학과,학생부교과(지역균형선발),학생부교과,15,166
4,2025,국제관계학과,학생부종합(학생부종합Ⅰ),학생부종합,12,208
4,2025,국제관계학과,학생부종합(학생부종합Ⅱ),학생부종합,10,150
4,2025,국제관계학과,논술(논술전형),논술,6,450
4,2025,경제학부,학생부교과(지역균형선발),학생부교과,13,100
4,2025,경제학부,학생부종합(학생부종합Ⅰ),학생부종합,23,487
4,2025,경제학부,논술(논술전형),논술,9,1053
4,2025,사회복지학과,학생부교과(지역균형선발),학생부교과,6,35
4,2025,사회복지학과,학생부종합(학생부종합Ⅰ),학생부종합,16,407
4,2025,사회복지학과,논술(논술전형),논술,8,968
4,2025,세무학과,학생부교과(지역균형선발),학생부교과,6,35
4,2025,세무학과,학생부종합(학생부종합Ⅰ),학생부종합,24,468
4,2025,세무학과,논술(논술전형),논술,4,158
4,2025,세무학과,학생부종합(기회균형Ⅰ),학생부종합,3,33
4,2025,경영학부,학생부교과(지역균형선발),학생부교과,6,99
4,2025,경영학부,학생부종합(학생부종합Ⅰ),학생부종합,21,410
4,2025,경영학부,학생부종합(학생부종합Ⅱ),학생부종합,7,157
4,2025,경영학부,논술(논술전형),논술,4,288
4,2025,경영학부,학생부종합(기회균형Ⅰ),학생부종합,2,19
4,2025,도시행정학과,학생부종합(학생부종합Ⅰ),학생부종합,22,392
4,2025,도시행정학과,학생부종합(학생부종합Ⅱ),학생부종합,6,84
4,2025,도시행정학과,논술(논술전형),논술,4,482
4,2025,도시행정학과,학생부종합(기회균형Ⅰ),학생부종합,3,13
4,2025,도시사회학과,학생부교과(지역균형선발),학생부교과,6,97
4,2025,도시사회학과,학생부종합(학생부종합Ⅰ),학생부종합,9,199
4,2025,도시사회학과,학생부종합(학생부종합Ⅱ),학생부종합,3,63
4,2025,도시사회학과,논술(논술전형),논술,6,615
4,2025,도시사회학과,학생부종합(기회균형Ⅰ),학생부종합,4,32
4,2025,도시공학과,학생부교과(지역균형선발),학생부교과,14,116
4,2025,도시공학과,학생부종합(학생부종합Ⅰ),학생부종합,16,140
4,2025,도시공학과,논술(논술전형),논술,10,629
4,2025,도시공학과,학생부종합(기회균형Ⅰ),학생부종합,3,37
4,2025,건축학부(건축학),학생부종합(학생부종합Ⅰ),학생부종합,22,303
4,2025,건축학부(건축학),학생부종합(학생부종합Ⅱ),학생부종합,7,66
4,2025,건축학부(건축공학),학생부교과(지역균형선발),학생부교과,9,100
4,2025,건축학부(건축공학),학생부종합(학생부종합Ⅰ),학생부종합,9,219
4,2025,교통공학과,학생부교과(지역균형선발),학생부교과,8,95
4,2025,교통공학과,학생부종합(학생부종합Ⅰ),학생부종합,19,306
4,2025,교통공학과,학생부종합(학생부종합Ⅱ),학생부종합,5,43
4,2025,교통공학과,논술(논술전형),논술,13,980
4,2025,조경학과,학생부종합(학생부종합Ⅰ),학생부종합,24,374
4,2025,조경학과,학생부종합(학생부종합Ⅱ),학생부종합,8,108
4,2025,공간정보공학과,학생부교과(지역균형선발),학생부교과,7,75
4,2025,공간정보공학과,학생부종합(학생부종합Ⅰ),학생부종합,14,251
4,2025,공간정보공학과,학생부종합(학생부종합Ⅱ),학생부종합,3,20
4,2025,공간정보공학과,논술(논술전형),논술,9,895
4,2025,환경공학부,학생부교과(지역균형선발),학생부교과,6,84
4,2025,환경공학부,학생부종합(학생부종합Ⅰ),학생부종합,16,318
4,2025,환경공학부,학생부종합(학생부종합Ⅱ),학생부종합,5,63
4,2025,환경공학부,학생부종합(기회균형Ⅰ),학생부종합,2,18
4,2025,토목공학과,학생부종합(학생부종합Ⅰ),학생부종합,7,92
4,2025,토목공학과,학생부종합(학생부종합Ⅱ),학생부종합,5,56
4,2025,토목공학과,논술(논술전형),논술,3,139
4,2025,토목공학과,학생부종합(기회균형Ⅰ),학생부종합,2,13
4,2025,전자전기컴퓨터공학부,학생부종합(학생부종합Ⅰ),학생부종합,12,240
4,2025,전자전기컴퓨터공학부,논술(논술전형),논술,3,180
4,2025,전자전기컴퓨터공학부,학생부종합(기회균형Ⅰ),학생부종합,2,28
4,2025,컴퓨터과학부,학생부교과(지역균형선발),학생부교과,11,239
4,2025,컴퓨터과학부,학생부종합(학생부종합Ⅰ),학생부종합,6,65
4,2025,컴퓨터과학부,학생부종합(학생부종합Ⅱ),학생부종합,7,113
4,2025,인공지능학과,학생부교과(지역균형선발),학생부교과,6,79
4,2025,인공지능학과,학생부종합(학생부종합Ⅰ),학생부종합,10,427
4,2025,인공지능학과,논술(논술전형),논술,13,747
4,2025,인공지능학과,학생부종합(기회균형Ⅰ),학생부종합,1,15
4,2025,화학공학과,학생부교과(지역균형선발),학생부교과,10,141
4,2025,화학공학과,학생부종합(학생부종합Ⅰ),학생부종합,10,230
4,2025,화학공학과,학생부종합(학생부종합Ⅱ),학생부종합,6,132
4,2025,화학공학과,논술(논술전형),논술,13,968
4,2025,기계정보공학과,학생부종합(학생부종합Ⅰ),학생부종합,7,97
4,2025,기계정보공학과,학생부종합(학생부종합Ⅱ),학생부종합,4,56
4,2025,기계정보공학과,학생부종합(기회균형Ⅰ),학생부종합,1,11
4,2025,신소재공학과,학생부교과(지역균형선발),학생부교과,8,73
4,2025,신소재공학과,학생부종합(학생부종합Ⅰ),학생부종합,23,463
4,2025,신소재공학과,학생부종합(학생부종합Ⅱ),학생부종합,7,75
4,2025,신소재공학과,논술(논술전형),논술,4,255
4,2025,신소재공학과,학생부종합(기회균형Ⅰ),학생부종합,2,17
4,2025,수학과,학생부교과(지역균형선발),학생부교과,10,113
4,2025,수학과,학생부종합(학생부종합Ⅰ),학생부종합,10,120
4,2025,통계학과,학생부교과(지역균형선발),학생부교과,15,80
4,2025,통계학과,학생부종합(학생부종합Ⅰ),학생부종합,9,138
4,2025,물리학과,학생부교과(지역균형선발),학생부교과,10,126
4,2025,물리학과,학생부종합(학생부종합Ⅰ),학생부종합,16,321
4,2025,물리학과,논술(논술전형),논술,10,745
4,2025,생명과학과,학생부교과(지역균형선발),학생부교과,11,72
4,2025,생명과학과,학생부종합(학생부종합Ⅰ),학생부종합,18,433
4,2025,생명과학과,논술(논술전형),논술,13,932
4,2025,환경원예학과,학생부교과(지역균형선발),학생부교과,6,81
4,2025,환경원예학과,학생부종합(학생부종합Ⅰ),학생부종합,17,548
4,2025,환경원예학과,논술(논술전형),논술,7,496
4,2025,환경원예학과,학생부종합(기회균형Ⅰ),학생부종합,1,9
4,2025,융합응용화학과,학생부교과(지역균형선발),학생부교과,15,99
4,2025,융합응용화학과,학생부종합(학생부종합Ⅰ),학생부종합,11,184
4,2025,융합응용화학과,학생부종합(학생부종합Ⅱ),학생부종합,4,37
4,2025,융합응용화학과,논술(논술전형),논술,6,477
4,2025,영어영문학과,학생부교과(지역균형선발),학생부교과,11,108
4,2025,영어영문학과,학생부종합(학생부종합Ⅰ),학생부종합,16,118
4,2025,국어국문학과,학생부교과(지역균형선발),학생부교과,11,123
4,2025,국어국문학과,학생부종합(학생부종합Ⅰ),학생부종합,11,115
4,2025,국어국문학과,학생부종합(기회균형Ⅰ),학생부종합,2,14
4,2025,국사학과,학생부교과(지역균형선발),학생부교과,11,134
4,2025,국사학과,학생부종합(학생부종합Ⅰ),학생부종합,19,333
4,2025,국사학과,학생부종합(학생부종합Ⅱ),학생부종합,5,53
4,2025,국사학과,논술(논술전형),논술,12,723
4,2025,철학과,학생부교과(지역균형선발),학생부교과,13,78
4,2025,철학과,학생부종합(학생부종합Ⅰ),학생부종합,7,100
4,2025,철학과,학생부종합(학생부종합Ⅱ),학생부종합,9,117
4,2025,철학과,논술(논술전형),논술,13,458
4,2025,철학과,학생부종합(기회균형Ⅰ),학생부종합,1,4
4,2025,음악학과,실기/실적(실기전형),실기/실적,15,191
4,2025,산업디자인전공,실기/실적(실기전형),실기/실적,22,393
4,2025,스포츠과학과,실기/실적(실기전형),실기/실적,26,240
4,2025,자유전공학부,학생부교과(지역균형선발),학생부교과,12,107
4,2025,자유전공학부,학생부종합(학생부종합Ⅰ),학생부종합,19,203
4,2025,자유전공학부,학생부종합(기회균형Ⅰ),학생부종합,1,8
4,2026,행정학과,학생부교과(지역균형선발),학생부교과,12,86
4,2026,행정학과,학생부종합(학생부종합Ⅰ),학생부종합,19,508
4,2026,행정학과,학생부종합(학생부종합Ⅱ),학생부종합,10,156
4,2026,행정학과,논술(논술전형),논술,11,529
4,2026,행정학과,학생부종합(기회균형Ⅰ),학생부종합,2,14
4,2026,국제관계학과,학생부교과(지역균형선발),학생부교과,16,142
4,2026,국제관계학과,학생부종합(학생부종합Ⅰ),학생부종합,12,165
4,2026,국제관계학과,학생부종합(학생부종합Ⅱ),학생부종합,9,95
4,2026,국제관계학과,논술(논술전형),논술,6,435
4,2026,경제학부,학생부종합(학생부종합Ⅰ),학생부종합,27,528
4,2026,경제학부,논술(논술전형),논술,10,762
4,2026,사회복지학과,학생부교과(지역균형선발),학생부교과,6,31
4,2026,사회복지학과,학생부종합(학생부종합Ⅰ),학생부종합,16,253
4,2026,사회복지학과,논술(논술전형),논술,8,596
4,2026,세무학과,학생부교과(지역균형선발),학생부교과,6,32
4,2026,세무학과,학생부종합(학생부종합Ⅰ),학생부종합,24,439
4,2026,세무학과,학생부종합(기회균형Ⅰ),학생부종합,3,21
4,2026,경영학부,학생부교과(지역균형선발),학생부교과,7,127
4,2026,경영학부,학생부종합(학생부종합Ⅰ),학생부종합,17,200
4,2026,경영학부,학생부종합(학생부종합Ⅱ),학생부종합,8,155
4,2026,경영학부,논술(논술전형),논술,4,267
4,2026,도시행정학과,학생부종합(학생부종합Ⅰ),학생부종합,22,388
4,2026,도시행정학과,학생부종합(학생부종합Ⅱ),학생부종합,6,71
4,2026,도시행정학과,논술(논술전형),논술,3,251
4,2026,도시행정학과,학생부종합(기회균형Ⅰ),학생부종합,4,18
4,2026,도시사회학과,학생부교과(지역균형선발),학생부교과,6,87
4,2026,도시사회학과,학생부종합(학생부종합Ⅰ),학생부종합,9,204
4,2026,도시사회학과,학생부종합(학생부종합Ⅱ),학생부종합,3,53
4,2026,도시사회학과,논술(논술전형),논술,7,589
4,2026,도시사회학과,학생부종합(기회균형Ⅰ),학생부종합,4,28
4,2026,도시공학과,학생부교과(지역균형선발),학생부교과,14,157
4,2026,도시공학과,학생부종합(학생부종합Ⅰ),학생부종합,16,154
4,2026,도시공학과,논술(논술전형),논술,11,538
4,2026,도시공학과,학생부종합(기회균형Ⅰ),학생부종합,3,35
4,2026,건축학부(건축학),학생부종합(학생부종합Ⅰ),학생부종합,22,303
4,2026,건축학부(건축학),학생부종합(학생부종합Ⅱ),학생부종합,7,63
4,2026,건축학부(건축공학),학생부교과(지역균형선발),학생부교과,9,90
4,2026,건축학부(건축공학),학생부종합(학생부종합Ⅰ),학생부종합,9,173
4,2026,교통공학과,학생부교과(지역균형선발),학생부교과,10,120
4,2026,교통공학과,학생부종합(학생부종합Ⅰ),학생부종합,20,259
4,2026,교통공학과,학생부종합(학생부종합Ⅱ),학생부종합,6,55
4,2026,교통공학과,논술(논술전형),논술,16,1412
4,2026,조경학과,학생부종합(학생부종합Ⅰ),학생부종합,24,367
4,2026,조경학과,학생부종합(학생부종합Ⅱ),학생부종합,8,102
4,2026,공간정보공학과,학생부교과(지역균형선발),학생부교과,7,78
4,2026,공간정보공학과,학생부종합(학생부종합Ⅰ),학생부종합,14,279
4,2026,공간정보공학과,학생부종합(학생부종합Ⅱ),학생부종합,4,29
4,2026,공간정보공학과,논술(논술전형),논술,9,634
4,2026,환경공학부,학생부교과(지역균형선발),학생부교과,7,79
4,2026,환경공학부,학생부종합(학생부종합Ⅰ),학생부종합,16,360
4,2026,환경공학부,학생부종합(학생부종합Ⅱ),학생부종합,5,68
4,2026,환경공학부,학생부종합(기회균형Ⅰ),학생부종합,2,17
4,2026,토목공학과,학생부종합(학생부종합Ⅰ),학생부종합,7,77
4,2026,토목공학과,학생부종합(학생부종합Ⅱ),학생부종합,5,64
4,2026,토목공학과,논술(논술전형),논술,4,172
4,2026,토목공학과,학생부종합(기회균형Ⅰ),학생부종합,2,9
4,2026,전자전기컴퓨터공학부,학생부종합(학생부종합Ⅰ),학생부종합,12,219
4,2026,전자전기컴퓨터공학부,논술(논술전형),논술,3,131
4,2026,전자전기컴퓨터공학부,학생부종합(기회균형Ⅰ),학생부종합,2,23
4,2026,컴퓨터과학부,학생부교과(지역균형선발),학생부교과,9,178
4,2026,컴퓨터과학부,학생부종합(학생부종합Ⅰ),학생부종합,5,56
4,2026,컴퓨터과학부,학생부종합(학생부종합Ⅱ),학생부종합,7,120
4,2026,인공지능학과,학생부교과(지역균형선발),학생부교과,6,63
4,2026,인공지능학과,학생부종합(학생부종합Ⅰ),학생부종합,10,338
4,2026,인공지능학과,논술(논술전형),논술,13,683
4,2026,인공지능학과,학생부종합(기회균형Ⅰ),학생부종합,2,32
4,2026,화학공학과,학생부교과(지역균형선발),학생부교과,10,156
4,2026,화학공학과,학생부종합(학생부종합Ⅰ),학생부종합,11,187
4,2026,화학공학과,학생부종합(학생부종합Ⅱ),학생부종합,6,86
4,2026,화학공학과,논술(논술전형),논술,10,585
4,2026,기계정보공학과,학생부종합(학생부종합Ⅰ),학생부종합,7,101
4,2026,기계정보공학과,학생부종합(학생부종합Ⅱ),학생부종합,4,47
4,2026,기계정보공학과,학생부종합(기회균형Ⅰ),학생부종합,1,9
4,2026,신소재공학과,학생부교과(지역균형선발),학생부교과,8,72
4,2026,신소재공학과,학생부종합(학생부종합Ⅰ),학생부종합,21,351
4,2026,신소재공학과,학생부종합(학생부종합Ⅱ),학생부종합,7,92
4,2026,신소재공학과,논술(논술전형),논술,5,342
4,2026,신소재공학과,학생부종합(기회균형Ⅰ),학생부종합,1,8
4,2026,수학과,학생부교과(지역균형선발),학생부교과,10,117
4,2026,수학과,학생부종합(학생부종합Ⅰ),학생부종합,10,105
4,2026,통계학과,학생부종합(학생부종합Ⅰ),학생부종합,7,95
4,2026,물리학과,학생부교과(지역균형선발),학생부교과,10,120
4,2026,물리학과,학생부종합(학생부종합Ⅰ),학생부종합,16,214
4,2026,물리학과,논술(논술전형),논술,10,697
4,2026,생명과학과,학생부교과(지역균형선발),학생부교과,12,101
4,2026,생명과학과,학생부종합(학생부종합Ⅰ),학생부종합,18,388
4,2026,생명과학과,논술(논술전형),논술,13,748
4,2026,환경원예학과,학생부교과(지역균형선발),학생부교과,6,49
4,2026,환경원예학과,학생부종합(학생부종합Ⅰ),학생부종합,18,406
4,2026,환경원예학과,논술(논술전형),논술,6,446
4,2026,환경원예학과,학생부종합(기회균형Ⅰ),학생부종합,1,9
4,2026,융합응용화학과,학생부교과(지역균형선발),학생부교과,13,71
4,2026,융합응용화학과,학생부종합(학생부종합Ⅰ),학생부종합,11,171
4,2026,융합응용화학과,학생부종합(학생부종합Ⅱ),학생부종합,4,36
4,2026,융합응용화학과,논술(논술전형),논술,7,479
4,2026,영어영문학과,학생부교과(지역균형선발),학생부교과,10,118
4,2026,영어영문학과,학생부종합(학생부종합Ⅰ),학생부종합,18,164
4,2026,국어국문학과,학생부교과(지역균형선발),학생부교과,11,135
4,2026,국어국문학과,학생부종합(학생부종합Ⅰ),학생부종합,11,92
4,2026,국어국문학과,학생부종합(기회균형Ⅰ),학생부종합,3,22
4,2026,국사학과,학생부교과(지역균형선발),학생부교과,11,104
4,2026,국사학과,학생부종합(학생부종합Ⅰ),학생부종합,19,280
4,2026,국사학과,학생부종합(학생부종합Ⅱ),학생부종합,5,56
4,2026,국사학과,논술(논술전형),논술,10,779
4,2026,철학과,학생부교과(지역균형선발),학생부교과,16,114
4,2026,철학과,학생부종합(학생부종합Ⅰ),학생부종합,7,88
4,2026,철학과,학생부종합(학생부종합Ⅱ),학생부종합,9,109
4,2026,철학과,논술(논술전형),논술,13,541
4,2026,음악학과,실기/실적(실기전형),실기/실적,15,191
4,2026,산업디자인전공,실기/실적(실기전형),실기/실적,22,307
4,2026,스포츠과학과,실기/실적(실기전형),실기/실적,26,203
4,2026,자유전공학부,학생부교과(지역균형선발),학생부교과,14,113
4,2026,자유전공학부,학생부종합(학생부종합Ⅰ),학생부종합,15,149
4,2026,자유전공학부,학생부종합(기회균형Ⅰ),학생부종합,1,6
5,2024,국어국문학과,학생부교과(학생부교과),학생부교과,24,180
5,2024,국어국문학과,학생부교과(지역인재),학생부교과,12,36
5,2024,국어국문학과,학생부종합(학생부종합),학생부종합,5,35
5,2024,국어국문학과,학생부종합(지역인재),학생부종합,8,21
5,2024,국어국문학과,논술(논술전형),논술,14,121
5,2024,영어영문학과,학생부교과(학생부교과),학생부교과,18,155
5,2024,영어영문학과,학생부교과(지역인재),학생부교과,3,9
5,2024,영어영문학과,학생부종합(학생부종합),학생부종합,14,80
5,2024,영어영문학과,학생부종합(지역인재),학생부종합,13,52
5,2024,영어영문학과,학생부종합(저소득층학생),학생부종합,3,14
5,2024,중어중문학과,학생부교과(학생부교과),학생부교과,6,23
5,2024,중어중문학과,학생부교과(지역인재),학생부교과,11,43
5,2024,중어중문학과,학생부종합(학생부종합),학생부종합,16,173
5,2024,중어중문학과,학생부종합(지역인재),학생부종합,14,75
5,2024,사학과,학생부종합(학생부종합),학생부종합,19,161
5,2024,사학과,학생부종합(지역인재),학생부종합,3,6
5,2024,철학과,학생부교과(학생부교과),학생부교과,18,92
5,2024,철학과,학생부교과(지역인재),학생부교과,7,21
5,2024,철학과,학생부종합(학생부종합),학생부종합,9,102
5,2024,철학과,학생부종합(지역인재),학생부종합,6,13
5,2024,철학과,학생부종합(저소득층학생),학생부종합,4,20
5,2024,행정학과,학생부교과(학생부교과),학생부교과,19,126
5,2024,행정학과,학생부교과(지역인재),학생부교과,7,23
5,2024,행정학과,학생부종합(지역인재),학생부종합,11,90
5,2024,행정학과,논술(논술전형),논술,9,95
5,2024,정치외교학과,학생부종합(학생부종합),학생부종합,11,138
5,2024,정치외교학과,학생부종합(지역인재),학생부종합,9,68
5,2024,사회복지학과,학생부교과(학생부교과),학생부교과,23,139
5,2024,사회복지학과,학생부교과(지역인재),학생부교과,7,23
5,2024,사회복지학과,학생부종합(학생부종합),학생부종합,11,120
5,2024,사회복지학과,학생부종합(지역인재),학생부종합,15,40
5,2024,사회복지학과,논술(논술전형),논술,9,124
5,2024,사회복지학과,학생부종합(저소득층학생),학생부종합,4,19
5,2024,심리학과,학생부교과(학생부교과),학생부교과,9,63
5,2024,심리학과,학생부교과(지역인재),학생부교과,11,87
5,2024,심리학과,학생부종합(학생부종합),학생부종합,16,273
5,2024,심리학과,학생부종합(지역인재),학생부종합,7,40
5,2024,심리학과,논술(논술전형),논술,11,177
5,2024,미디어커뮤니케이션학과,학생부교과(학생부교과),학생부교과,13,67
5,2024,미디어커뮤니케이션학과,학생부종합(학생부종합),학생부종합,19,318
5,2024,미디어커뮤니케이션학과,학생부종합(지역인재),학생부종합,14,91
5,2024,경제학부,학생부교과(학생부교과),학생부교과,9,92
5,2024,경제학부,학생부교과(지역인재),학생부교과,15,114
5,2024,경제학부,학생부종합(학생부종합),학생부종합,10,145
5,2024,경제학부,학생부종합(지역인재),학생부종합,9,62
5,2024,경제학부,논술(논술전형),논술,9,137
5,2024,경제학부,학생부종합(저소득층학생),학생부종합,1,5
5,2024,무역학부,학생부교과(지역인재),학생부교과,5,33
5,2024,무역학부,학생부종합(학생부종합),학생부종합,13,75
5,2024,무역학부,학생부종합(지역인재),학생부종합,14,40
5,2024,경영학과,학생부교과(학생부교과),학생부교과,7,49
5,2024,경영학과,학생부교과(지역인재),학생부교과,10,79
5,2024,경영학과,학생부종합(학생부종합),학생부종합,5,92
5,2024,경영학과,학생부종합(지역인재),학생부종합,10,46
5,2024,관광컨벤션학과,학생부교과(학생부교과),학생부교과,14,90
5,2024,관광컨벤션학과,학생부교과(지역인재),학생부교과,5,26
5,2024,관광컨벤션학과,학생부종합(학생부종합),학생부종합,11,159
5,2024,관광컨벤션학과,학생부종합(저소득층학생),학생부종합,4,13
5,2024,수학과,학생부교과(학생부교과),학생부교과,21,205
5,2024,수학과,학생부교과(지역인재),학생부교과,5,29
5,2024,수학과,학생부종합(학생부종합),학생부종합,5,54
5,2024,수학과,학생부종합(지역인재),학생부종합,4,21
5,2024,수학과,학생부종합(저소득층학생),학생부종합,2,9
5,2024,통계학과,학생부교과(학생부교과),학생부교과,5,17
5,2024,통계학과,학생부교과(지역인재),학생부교과,3,11
5,2024,통계학과,학생부종합(학생부종합),학생부종합,6,70
5,2024,통계학과,학생부종합(저소득층학생),학생부종합,2,13
5,2024,물리학과,학생부교과(학생부교과),학생부교과,6,51
5,2024,물리학과,학생부종합(학생부종합),학생부종합,14,120
5,2024,물리학과,학생부종합(지역인재),학생부종합,11,63
5,2024,물리학과,논술(논술전형),논술,9,248
5,2024,물리학과,학생부종합(저소득층학생),학생부종합,1,6
5,2024,화학과,학생부교과(학생부교과),학생부교과,16,107
5,2024,화학과,학생부교과(지역인재),학생부교과,11,66
5,2024,화학과,학생부종합(학생부종합),학생부종합,10,68
5,2024,화학과,학생부종합(지역인재),학생부종합,3,18
5,2024,화학과,논술(논술전형),논술,5,145
5,2024,화학과,학생부종합(저소득층학생),학생부종합,2,8
5,2024,생명과학과,학생부교과(학생부교과),학생부교과,18,98
5,2024,생명과학과,학생부교과(지역인재),학생부교과,15,44
5,2024,생명과학과,학생부종합(학생부종합),학생부종합,13,141
5,2024,생명과학과,학생부종합(지역인재),학생부종합,9,62
5,2024,생명과학과,논술(논술전형),논술,10,293
5,2024,생명과학과,학생부종합(저소득층학생),학생부종합,4,25
5,2024,해양학과,학생부교과(학생부교과),학생부교과,10,105
5,2024,해양학과,학생부교과(지역인재),학생부교과,15,114
5,2024,해양학과,학생부종합(학생부종합),학생부종합,18,139
5,2024,해양학과,학생부종합(지역인재),학생부종합,3,14
5,2024,해양학과,논술(논술전형),논술,12,356
5,2024,해양학과,학생부종합(저소득층학생),학생부종합,2,6
5,2024,기계공학부,학생부교과(지역인재),학생부교과,15,68
5,2024,기계공학부,학생부종합(학생부종합),학생부종합,6,94
5,2024,기계공학부,학생부종합(지역인재),학생부종합,15,49
5,2024,기계공학부,논술(논술전형),논술,4,118
5,2024,기계공학부,학생부종합(저소득층학생),학생부종합,4,27
5,2024,전기전자공학부,학생부교과(학생부교과),학생부교과,20,127
5,2024,전기전자공학부,학생부종합(학생부종합),학생부종합,18,162
5,2024,정보컴퓨터공학부,학생부교과(학생부교과),학생부교과,24,147
5,2024,정보컴퓨터공학부,학생부종합(학생부종합),학생부종합,18,420
5,2024,정보컴퓨터공학부,학생부종합(지역인재),학생부종합,8,51
5,2024,정보컴퓨터공학부,학생부종합(저소득층학생),학생부종합,3,21
5,2024,화공생명·환경공학부,학생부교과(학생부교과),학생부교과,17,118
5,2024,화공생명·환경공학부,학생부교과(지역인재),학생부교과,3,12
5,2024,화공생명·환경공학부,학생부종합(학생부종합),학생부종합,11,130
5,2024,화공생명·환경공학부,학생부종합(저소득층학생),학생부종합,1,3
5,2024,건축학과,학생부교과(학생부교과),학생부교과,19,169
5,2024,건축학과,학생부종합(학생부종합),학생부종합,10,183
5,2024,건축학과,학생부종합(저소득층학생),학생부종합,4,25
5,2024,사회기반시스템공학과,학생부교과(학생부교과),학생부교과,8,43
5,2024,사회기반시스템공학과,학생부교과(지역인재),학생부교과,14,54
5,2024,사회기반시스템공학과,학생부종합(학생부종합),학생부종합,14,115
5,2024,사회기반시스템공학과,논술(논술전형),논술,6,82
5,2024,재료공학부,학생부교과(학생부교과),학생부교과,7,68
5,2024,재료공학부,학생부교과(지역인재),학생부교과,9,29
5,2024,재료공학부,학생부종합(학생부종합),학생부종합,8,44
5,2024,항공우주공학과,학생부교과(학생부교과),학생부교과,11,57
5,2024,항공우주공학과,학생부교과(지역인재),학생부교과,9,33
5,2024,항공우주공학과,학생부종합(학생부종합),학생부종합,18,294
5,2024,항공우주공학과,학생부종합(지역인재),학생부종합,5,24
5,2024,항공우주공학과,학생부종합(저소득층학생),학생부종합,2,6
5,2024,조선해양공학과,학생부교과(학생부교과),학생부교과,12,121
5,2024,조선해양공학과,학생부교과(지역인재),학생부교과,9,71
5,2024,조선해양공학과,학생부종합(학생부종합),학생부종합,6,39
5,2024,조선해양공학과,학생부종합(저소득층학생),학생부종합,3,20
5,2024,산업공학과,학생부교과(학생부교과),학생부교과,6,36
5,2024,산업공학과,학생부교과(지역인재),학생부교과,13,49
5,2024,산업공학과,학생부종합(학생부종합),학생부종합,10,105
5,2024,산업공학과,학생부종합(지역인재),학생부종합,13,59
5,2024,산업공학과,논술(논술전형),논술,3,72
5,2024,의예과,학생부교과(학생부교과),학생부교과,11,110
5,2024,의예과,학생부종합(학생부종합),학생부종합,6,106
5,2024,의예과,학생부종합(지역인재),학생부종합,3,29
5,2024,의예과,논술(논술전형),논술,8,408
5,2024,의예과,학생부종합(저소득층학생),학생부종합,3,30
5,2024,약학부,학생부교과(학생부교과),학생부교과,6,87
5,2024,약학부,학생부교과(지역인재),학생부교과,3,42
5,2024,약학부,학생부종합(학생부종합),학생부종합,5,160
5,2024,약학부,학생부종합(지역인재),학생부종합,5,39
5,2024,약학부,학생부종합(저소득층학생),학생부종합,4,28
5,2024,간호학과,학생부교과(학생부교과),학생부교과,14,137
5,2024,간호학과,학생부교과(지역인재),학생부교과,5,42
5,2024,간호학과,학생부종합(학생부종합),학생부종합,10,131
5,2024,간호학과,학생부종합(지역인재),학생부종합,8,66
5,2024,국어교육과,학생부교과(학생부교과),학생부교과,24,101
5,2024,국어교육과,학생부교과(지역인재),학생부교과,6,35
5,2024,국어교육과,학생부종합(학생부종합),학생부종합,20,175
5,2024,국어교육과,학생부종합(지역인재),학생부종합,15,95
5,2024,국어교육과,학생부종합(저소득층학생),학생부종합,1,10
5,2024,수학교육과,학생부종합(학생부종합),학생부종합,13,148
5,2024,수학교육과,학생부종합(저소득층학생),학생부종합,2,6
5,2024,체육교육과,실기/실적(실기·실적),실기/실적,12,135
5,2024,디자인학과,실기/실적(실기·실적),실기/실적,8,96
5,2024,음악학과,실기/실적(실기·실적),실기/실적,26,183
5,2025,국어국문학과,학생부교과(학생부교과),학생부교과,24,168
5,2025,국어국문학과,학생부교과(지역인재),학생부교과,10,40
5,2025,국어국문학과,학생부종합(학생부종합),학생부종합,5,42
5,2025,국어국문학과,학생부종합(지역인재),학생부종합,8,22
5,2025,국어국문학과,논술(논술전형),논술,13,177
5,2025,영어영문학과,학생부교과(학생부교과),학생부교과,18,142
5,2025,영어영문학과,학생부교과(지역인재),학생부교과,3,10
5,2025,영어영문학과,학생부종합(학생부종합),학생부종합,14,87
5,2025,영어영문학과,학생부종합(지역인재),학생부종합,13,74
5,2025,영어영문학과,학생부종합(저소득층학생),학생부종합,3,17
5,2025,중어중문학과,학생부교과(학생부교과),학생부교과,6,24
5,2025,중어중문학과,학생부교과(지역인재),학생부교과,9,52
5,2025,중어중문학과,학생부종합(학생부종합),학생부종합,16,197
5,2025,중어중문학과,학생부종합(지역인재),학생부종합,14,89
5,2025,사학과,학생부교과(학생부교과),학생부교과,21,70
5,2025,사학과,학생부종합(학생부종합),학생부종합,19,169
5,2025,사학과,학생부종합(지역인재),학생부종합,4,10
5,2025,사학과,학생부종합(저소득층학생),학생부종합,1,5
5,2025,철학과,학생부교과(학생부교과),학생부교과,22,142
5,2025,철학과,학생부교과(지역인재),학생부교과,6,26
5,2025,철학과,학생부종합(학생부종합),학생부종합,7,93
5,2025,철학과,학생부종합(지역인재),학생부종합,6,17
5,2025,철학과,학생부종합(저소득층학생),학생부종합,4,19
5,2025,행정학과,학생부교과(학생부교과),학생부교과,16,90
5,2025,행정학과,학생부교과(지역인재),학생부교과,6,21
5,2025,행정학과,학생부종합(지역인재),학생부종합,11,91
5,2025,행정학과,논술(논술전형),논술,9,135
5,2025,정치외교학과,학생부종합(학생부종합),학생부종합,11,142
5,2025,정치외교학과,학생부종합(지역인재),학생부종합,10,59
5,2025,사회복지학과,학생부교과(학생부교과),학생부교과,23,237
5,2025,사회복지학과,학생부교과(지역인재),학생부교과,7,25
5,2025,사회복지학과,학생부종합(학생부종합),학생부종합,11,184
5,2025,사회복지학과,학생부종합(지역인재),학생부종합,15,45
5,2025,사회복지학과,논술(논술전형),논술,9,151
5,2025,사회복지학과,학생부종합(저소득층학생),학생부종합,3,11
5,2025,심리학과,학생부교과(학생부교과),학생부교과,9,58
5,2025,심리학과,학생부교과(지역인재),학생부교과,13,95
5,2025,심리학과,학생부종합(학생부종합),학생부종합,16,244
5,2025,심리학과,학생부종합(지역인재),학생부종합,7,44
5,2025,심리학과,논술(논술전형),논술,9,144
5,2025,미디어커뮤니케이션학과,학생부교과(학생부교과),학생부교과,13,77
5,2025,미디어커뮤니케이션학과,학생부종합(학생부종합),학생부종합,19,392
5,2025,미디어커뮤니케이션학과,학생부종합(지역인재),학생부종합,16,170
5,2025,경제학부,학생부교과(학생부교과),학생부교과,10,108
5,2025,경제학부,학생부교과(지역인재),학생부교과,12,86
5,2025,경제학부,학생부종합(학생부종합),학생부종합,11,208
5,2025,경제학부,학생부종합(지역인재),학생부종합,9,74
5,2025,경제학부,논술(논술전형),논술,9,212
5,2025,경제학부,학생부종합(저소득층학생),학생부종합,1,6
5,2025,무역학부,학생부교과(학생부교과),학생부교과,13,82
5,2025,무역학부,학생부교과(지역인재),학생부교과,6,30
5,2025,무역학부,학생부종합(학생부종합),학생부종합,11,85
5,2025,무역학부,학생부종합(지역인재),학생부종합,14,59
5,2025,경영학과,학생부교과(학생부교과),학생부교과,7,43
5,2025,경영학과,학생부교과(지역인재),학생부교과,10,96
5,2025,경영학과,학생부종합(학생부종합),학생부종합,5,74
5,2025,경영학과,학생부종합(지역인재),학생부종합,9,46
5,2025,관광컨벤션학과,학생부교과(학생부교과),학생부교과,14,84
5,2025,관광컨벤션학과,학생부교과(지역인재),학생부교과,5,30
5,2025,관광컨벤션학과,학생부종합(학생부종합),학생부종합,9,130
5,2025,관광컨벤션학과,학생부종합(저소득층학생),학생부종합,4,11
5,2025,수학과,학생부교과(학생부교과),학생부교과,20,186
5,2025,수학과,학생부교과(지역인재),학생부교과,5,35
5,2025,수학과,학생부종합(학생부종합),학생부종합,4,45
5,2025,수학과,학생부종합(지역인재),학생부종합,4,24
5,2025,수학과,학생부종합(저소득층학생),학생부종합,2,8
5,2025,통계학과,학생부교과(학생부교과),학생부교과,5,21
5,2025,통계학과,학생부교과(지역인재),학생부교과,3,8
5,2025,통계학과,학생부종합(학생부종합),학생부종합,5,71
5,2025,통계학과,학생부종합(지역인재),학생부종합,4,11
5,2025,통계학과,학생부종합(저소득층학생),학생부종합,1,6
5,2025,물리학과,학생부교과(학생부교과),학생부교과,6,58
5,2025,물리학과,학생부종합(학생부종합),학생부종합,14,119
5,2025,물리학과,학생부종합(지역인재),학생부종합,9,56
5,2025,물리학과,논술(논술전형),논술,11,435
5,2025,물리학과,학생부종합(저소득층학생),학생부종합,1,6
5,2025,화학과,학생부교과(학생부교과),학생부교과,16,147
5,2025,화학과,학생부교과(지역인재),학생부교과,11,74
5,2025,화학과,학생부종합(학생부종합),학생부종합,10,95
5,2025,화학과,학생부종합(지역인재),학생부종합,2,14
5,2025,화학과,논술(논술전형),논술,6,138
5,2025,화학과,학생부종합(저소득층학생),학생부종합,2,9
5,2025,생명과학과,학생부교과(학생부교과),학생부교과,18,111
5,2025,생명과학과,학생부교과(지역인재),학생부교과,15,57
5,2025,생명과학과,학생부종합(학생부종합),학생부종합,13,170
5,2025,생명과학과,학생부종합(지역인재),학생부종합,9,73
5,2025,생명과학과,논술(논술전형),논술,10,238
5,2025,생명과학과,학생부종합(저소득층학생),학생부종합,4,22
5,2025,해양학과,학생부교과(학생부교과),학생부교과,10,108
5,2025,해양학과,학생부교과(지역인재),학생부교과,12,105
5,2025,해양학과,학생부종합(학생부종합),학생부종합,18,158
5,2025,해양학과,학생부종합(지역인재),학생부종합,3,17
5,2025,해양학과,논술(논술전형),논술,12,274
5,2025,해양학과,학생부종합(저소득층학생),학생부종합,2,7
5,2025,기계공학부,학생부교과(지역인재),학생부교과,15,79
5,2025,기계공학부,학생부종합(학생부종합),학생부종합,6,76
5,2025,기계공학부,학생부종합(지역인재),학생부종합,15,52
5,2025,기계공학부,논술(논술전형),논술,4,88
5,2025,기계공학부,학생부종합(저소득층학생),학생부종합,5,29
5,2025,전기전자공학부,학생부교과(학생부교과),학생부교과,20,131
5,2025,전기전자공학부,학생부종합(학생부종합),학생부종합,18,172
5,2025,전기전자공학부,학생부종합(저소득층학생),학생부종합,3,23
5,2025,정보컴퓨터공학부,학생부교과(학생부교과),학생부교과,20,150
5,2025,정보컴퓨터공학부,학생부종합(학생부종합),학생부종합,15,255
5,2025,정보컴퓨터공학부,학생부종합(지역인재),학생부종합,10,62
5,2025,정보컴퓨터공학부,학생부종합(저소득층학생),학생부종합,4,31
5,2025,화공생명·환경공학부,학생부교과(학생부교과),학생부교과,17,122
5,2025,화공생명·환경공학부,학생부교과(지역인재),학생부교과,3,12
5,2025,화공생명·환경공학부,학생부종합(학생부종합),학생부종합,11,144
5,2025,화공생명·환경공학부,논술(논술전형),논술,7,240
5,2025,화공생명·환경공학부,학생부종합(저소득층학생),학생부종합,1,4
5,2025,건축학과,학생부교과(학생부교과),학생부교과,16,155
5,2025,건축학과,학생부종합(학생부종합),학생부종합,12,236
5,2025,건축학과,학생부종합(저소득층학생),학생부종합,4,39
5,2025,사회기반시스템공학과,학생부교과(학생부교과),학생부교과,9,59
5,2025,사회기반시스템공학과,학생부교과(지역인재),학생부교과,11,45
5,2025,사회기반시스템공학과,학생부종합(학생부종합),학생부종합,14,163
5,2025,사회기반시스템공학과,논술(논술전형),논술,6,94
5,2025,재료공학부,학생부교과(학생부교과),학생부교과,8,87
5,2025,재료공학부,학생부교과(지역인재),학생부교과,9,28
5,2025,재료공학부,학생부종합(학생부종합),학생부종합,6,46
5,2025,항공우주공학과,학생부교과(학생부교과),학생부교과,11,50
5,2025,항공우주공학과,학생부교과(지역인재),학생부교과,9,34
5,2025,항공우주공학과,학생부종합(학생부종합),학생부종합,18,223
5,2025,항공우주공학과,학생부종합(지역인재),학생부종합,5,23
5,2025,항공우주공학과,학생부종합(저소득층학생),학생부종합,1,4
5,2025,조선해양공학과,학생부교과(학생부교과),학생부교과,12,119
5,2025,조선해양공학과,학생부교과(지역인재),학생부교과,8,53
5,2025,조선해양공학과,학생부종합(학생부종합),학생부종합,6,53
5,2025,조선해양공학과,학생부종합(저소득층학생),학생부종합,3,24
5,2025,산업공학과,학생부교과(학생부교과),학생부교과,5,43
5,2025,산업공학과,학생부교과(지역인재),학생부교과,13,48
5,2025,산업공학과,학생부종합(학생부종합),학생부종합,12,152
5,2025,산업공학과,학생부종합(지역인재),학생부종합,13,102
5,2025,산업공학과,논술(논술전형),논술,4,108
5,2025,의예과,학생부교과(학생부교과),학생부교과,11,148
5,2025,의예과,학생부종합(학생부종합),학생부종합,6,123
5,2025,의예과,학생부종합(지역인재),학생부종합,3,38
5,2025,의예과,논술(논술전형),논술,8,524
5,2025,의예과,학생부종합(저소득층학생),학생부종합,3,25
5,2025,약학부,학생부교과(학생부교과),학생부교과,6,76
5,2025,약학부,학생부교과(지역인재),학생부교과,3,44
5,2025,약학부,학생부종합(학생부종합),학생부종합,5,168
5,2025,약학부,학생부종합(지역인재),학생부종합,6,54
5,2025,약학부,학생부종합(저소득층학생),학생부종합,4,43
5,2025,간호학과,학생부교과(학생부교과),학생부교과,14,184
5,2025,간호학과,학생부교과(지역인재),학생부교과,5,31
5,2025,간호학과,학생부종합(학생부종합),학생부종합,8,110
5,2025,간호학과,학생부종합(지역인재),학생부종합,8,80
5,2025,국어교육과,학생부교과(학생부교과),학생부교과,29,163
5,2025,국어교육과,학생부교과(지역인재),학생부교과,7,40
5,2025,국어교육과,학생부종합(학생부종합),학생부종합,20,154
5,2025,국어교육과,학생부종합(지역인재),학생부종합,15,114
5,2025,국어교육과,학생부종합(저소득층학생),학생부종합,1,8
5,2025,수학교육과,학생부종합(학생부종합),학생부종합,13,172
5,2025,수학교육과,학생부종합(저소득층학생),학생부종합,3,11
5,2025,체육교육과,실기/실적(실기·실적),실기/실적,12,160
5,2025,디자인학과,실기/실적(실기·실적),실기/실적,8,83
5,2025,음악학과,실기/실적(실기·실적),실기/실적,26,267
5,2025,첨단융합학부,학생부교과(학생부교과),학생부교과,20,94
5,2025,첨단융합학부,학생부교과(지역인재),학생부교과,14,41
5,2025,첨단융합학부,학생부종합(학생부종합),학생부종합,11,99
5,2025,첨단융합학부,학생부종합(지역인재),학생부종합,8,65
5,2025,첨단융합학부,논술(논술전형),논술,9,209
5,2025,첨단융합학부,학생부종합(저소득층학생),학생부종합,3,22
5,2026,국어국문학과,학생부교과(학생부교과),학생부교과,24,206
5,2026,국어국문학과,학생부교과(지역인재),학생부교과,10,45
5,2026,국어국문학과,학생부종합(학생부종합),학생부종합,4,31
5,2026,국어국문학과,학생부종합(지역인재),학생부종합,8,22
5,2026,국어국문학과,논술(논술전형),논술,12,146
5,2026,영어영문학과,학생부교과(학생부교과),학생부교과,18,143
5,2026,영어영문학과,학생부교과(지역인재),학생부교과,4,17
5,2026,영어영문학과,학생부종합(학생부종합),학생부종합,13,92
5,2026,영어영문학과,학생부종합(지역인재),학생부종합,12,68
5,2026,영어영문학과,학생부종합(저소득층학생),학생부종합,2,10
5,2026,중어중문학과,학생부교과(학생부교과),학생부교과,7,30
5,2026,중어중문학과,학생부교과(지역인재),학생부교과,11,67
5,2026,중어중문학과,학생부종합(학생부종합),학생부종합,16,190
5,2026,중어중문학과,학생부종합(지역인재),학생부종합,11,59
5,2026,사학과,학생부교과(학생부교과),학생부교과,19,85
5,2026,사학과,학생부종합(학생부종합),학생부종합,19,145
5,2026,사학과,학생부종합(지역인재),학생부종합,4,9
5,2026,사학과,학생부종합(저소득층학생),학생부종합,1,5
5,2026,철학과,학생부교과(학생부교과),학생부교과,22,170
5,2026,철학과,학생부종합(학생부종합),학생부종합,7,82
5,2026,철학과,학생부종합(지역인재),학생부종합,6,21
5,2026,철학과,학생부종합(저소득층학생),학생부종합,4,15
5,2026,행정학과,학생부교과(학생부교과),학생부교과,19,140
5,2026,행정학과,학생부교과(지역인재),학생부교과,6,26
5,2026,행정학과,학생부종합(지역인재),학생부종합,13,122
5,2026,행정학과,논술(논술전형),논술,7,114
5,2026,정치외교학과,학생부종합(학생부종합),학생부종합,11,151
5,2026,정치외교학과,학생부종합(지역인재),학생부종합,12,89
5,2026,사회복지학과,학생부교과(학생부교과),학생부교과,18,121
5,2026,사회복지학과,학생부교과(지역인재),학생부교과,7,28
5,2026,사회복지학과,학생부종합(학생부종합),학생부종합,13,200
5,2026,사회복지학과,학생부종합(지역인재),학생부종합,15,64
5,2026,사회복지학과,논술(논술전형),논술,9,202
5,2026,심리학과,학생부교과(학생부교과),학생부교과,8,64
5,2026,심리학과,학생부교과(지역인재),학생부교과,10,67
5,2026,심리학과,학생부종합(학생부종합),학생부종합,16,259
5,2026,심리학과,학생부종합(지역인재),학생부종합,6,40
5,2026,심리학과,논술(논술전형),논술,9,175
5,2026,미디어커뮤니케이션학과,학생부교과(학생부교과),학생부교과,13,57
5,2026,미디어커뮤니케이션학과,학생부종합(학생부종합),학생부종합,19,339
5,2026,미디어커뮤니케이션학과,학생부종합(지역인재),학생부종합,16,177
5,2026,경제학부,학생부교과(학생부교과),학생부교과,10,138
5,2026,경제학부,학생부교과(지역인재),학생부교과,14,98
5,2026,경제학부,학생부종합(학생부종합),학생부종합,11,201
5,2026,경제학부,학생부종합(지역인재),학생부종합,8,64
5,2026,경제학부,논술(논술전형),논술,7,133
5,2026,경제학부,학생부종합(저소득층학생),학생부종합,1,4
5,2026,무역학부,학생부교과(학생부교과),학생부교과,13,111
5,2026,무역학부,학생부교과(지역인재),학생부교과,6,40
5,2026,무역학부,학생부종합(학생부종합),학생부종합,11,82
5,2026,무역학부,학생부종합(지역인재),학생부종합,14,50
5,2026,경영학과,학생부교과(학생부교과),학생부교과,7,52
5,2026,경영학과,학생부교과(지역인재),학생부교과,9,93
5,2026,경영학과,학생부종합(학생부종합),학생부종합,6,97
5,2026,경영학과,학생부종합(지역인재),학생부종합,9,30
5,2026,관광컨벤션학과,학생부교과(학생부교과),학생부교과,14,104
5,2026,관광컨벤션학과,학생부교과(지역인재),학생부교과,4,26
5,2026,관광컨벤션학과,학생부종합(학생부종합),학생부종합,9,124
5,2026,관광컨벤션학과,학생부종합(저소득층학생),학생부종합,5,16
5,2026,수학과,학생부교과(학생부교과),학생부교과,20,183
5,2026,수학과,학생부교과(지역인재),학생부교과,5,24
5,2026,수학과,학생부종합(학생부종합),학생부종합,4,58
5,2026,수학과,학생부종합(지역인재),학생부종합,4,28
5,2026,수학과,학생부종합(저소득층학생),학생부종합,2,9
5,2026,통계학과,학생부교과(학생부교과),학생부교과,5,25
5,2026,통계학과,학생부교과(지역인재),학생부교과,3,10
5,2026,통계학과,학생부종합(학생부종합),학생부종합,4,44
5,2026,통계학과,학생부종합(지역인재),학생부종합,4,11
5,2026,통계학과,학생부종합(저소득층학생),학생부종합,2,13
5,2026,물리학과,학생부교과(학생부교과),학생부교과,6,50
5,2026,물리학과,학생부종합(학생부종합),학생부종합,14,95
5,2026,물리학과,학생부종합(지역인재),학생부종합,9,44
5,2026,물리학과,논술(논술전형),논술,13,387
5,2026,물리학과,학생부종합(저소득층학생),학생부종합,1,6
5,2026,화학과,학생부교과(학생부교과),학생부교과,18,152
5,2026,화학과,학생부교과(지역인재),학생부교과,11,76
5,2026,화학과,학생부종합(학생부종합),학생부종합,10,69
5,2026,화학과,학생부종합(지역인재),학생부종합,1,7
5,2026,화학과,논술(논술전형),논술,5,113
5,2026,화학과,학생부종합(저소득층학생),학생부종합,2,7
5,2026,생명과학과,학생부교과(학생부교과),학생부교과,18,133
5,2026,생명과학과,학생부교과(지역인재),학생부교과,15,68
5,2026,생명과학과,학생부종합(학생부종합),학생부종합,15,226
5,2026,생명과학과,학생부종합(지역인재),학생부종합,9,58
5,2026,생명과학과,논술(논술전형),논술,10,272
5,2026,생명과학과,학생부종합(저소득층학생),학생부종합,5,23
5,2026,해양학과,학생부교과(학생부교과),학생부교과,10,88
5,2026,해양학과,학생부교과(지역인재),학생부교과,14,103
5,2026,해양학과,학생부종합(학생부종합),학생부종합,18,181
5,2026,해양학과,학생부종합(지역인재),학생부종합,4,22
5,2026,해양학과,논술(논술전형),논술,12,323
5,2026,해양학과,학생부종합(저소득층학생),학생부종합,2,8
5,2026,기계공학부,학생부교과(지역인재),학생부교과,12,68
5,2026,기계공학부,학생부종합(학생부종합),학생부종합,6,92
5,2026,기계공학부,학생부종합(지역인재),학생부종합,15,72
5,2026,기계공학부,학생부종합(저소득층학생),학생부종합,5,29
5,2026,전기전자공학부,학생부교과(학생부교과),학생부교과,20,134
5,2026,전기전자공학부,학생부종합(학생부종합),학생부종합,18,127
5,2026,전기전자공학부,학생부종합(저소득층학생),학생부종합,4,25
5,2026,정보컴퓨터공학부,학생부교과(학생부교과),학생부교과,20,132
5,2026,정보컴퓨터공학부,학생부종합(학생부종합),학생부종합,15,256
5,2026,정보컴퓨터공학부,학생부종합(지역인재),학생부종합,12,105
5,2026,정보컴퓨터공학부,학생부종합(저소득층학생),학생부종합,5,36
5,2026,화공생명·환경공학부,학생부교과(학생부교과),학생부교과,16,140
5,2026,화공생명·환경공학부,학생부교과(지역인재),학생부교과,2,8
5,2026,화공생명·환경공학부,학생부종합(학생부종합),학생부종합,11,144
5,2026,화공생명·환경공학부,논술(논술전형),논술,7,267
5,2026,건축학과,학생부종합(학생부종합),학생부종합,12,185
5,2026,건축학과,학생부종합(저소득층학생),학생부종합,4,31
5,2026,사회기반시스템공학과,학생부교과(학생부교과),학생부교과,9,52
5,2026,사회기반시스템공학과,학생부교과(지역인재),학생부교과,10,43
5,2026,사회기반시스템공학과,학생부종합(학생부종합),학생부종합,14,162
5,2026,재료공학부,학생부교과(학생부교과),학생부교과,7,90
5,2026,재료공학부,학생부종합(학생부종합),학생부종합,6,40
5,2026,항공우주공학과,학생부교과(학생부교과),학생부교과,11,50
5,2026,항공우주공학과,학생부교과(지역인재),학생부교과,11,57
5,2026,항공우주공학과,학생부종합(학생부종합),학생부종합,18,254
5,2026,항공우주공학과,학생부종합(지역인재),학생부종합,5,29
5,2026,항공우주공학과,학생부종합(저소득층학생),학생부종합,1,4
5,2026,조선해양공학과,학생부교과(학생부교과),학생부교과,10,114
5,2026,조선해양공학과,학생부교과(지역인재),학생부교과,9,92
5,2026,조선해양공학과,학생부종합(학생부종합),학생부종합,6,50
5,2026,조선해양공학과,학생부종합(저소득층학생),학생부종합,3,26
5,2026,산업공학과,학생부교과(학생부교과),학생부교과,5,35
5,2026,산업공학과,학생부교과(지역인재),학생부교과,13,53
5,2026,산업공학과,학생부종합(학생부종합),학생부종합,11,120
5,2026,산업공학과,학생부종합(지역인재),학생부종합,13,97
5,2026,산업공학과,논술(논술전형),논술,4,120
5,2026,의예과,학생부교과(학생부교과),학생부교과,10,146
5,2026,의예과,학생부종합(학생부종합),학생부종합,6,143
5,2026,의예과,학생부종합(지역인재),학생부종합,3,33
5,2026,의예과,논술(논술전형),논술,8,511
5,2026,의예과,학생부종합(저소득층학생),학생부종합,3,27
5,2026,약학부,학생부교과(학생부교과),학생부교과,6,94
5,2026,약학부,학생부종합(학생부종합),학생부종합,5,125
5,2026,약학부,학생부종합(지역인재),학생부종합,6,62
5,2026,약학부,학생부종합(저소득층학생),학생부종합,5,56
5,2026,간호학과,학생부교과(학생부교과),학생부교과,14,172
5,2026,간호학과,학생부교과(지역인재),학생부교과,4,38
5,2026,간호학과,학생부종합(학생부종합),학생부종합,9,141
5,2026,간호학과,학생부종합(지역인재),학생부종합,8,106
5,2026,국어교육과,학생부교과(학생부교과),학생부교과,24,111
5,2026,국어교육과,학생부교과(지역인재),학생부교과,6,28
5,2026,국어교육과,학생부종합(학생부종합),학생부종합,20,222
5,2026,국어교육과,학생부종합(지역인재),학생부종합,15,111
5,2026,국어교육과,학생부종합(저소득층학생),학생부종합,1,8
5,2026,수학교육과,학생부종합(학생부종합),학생부종합,12,200
5,2026,수학교육과,학생부종합(저소득층학생),학생부종합,4,16
5,2026,체육교육과,실기/실적(실기·실적),실기/실적,12,158
5,2026,디자인학과,실기/실적(실기·실적),실기/실적,8,96
5,2026,음악학과,실기/실적(실기·실적),실기/실적,26,210
5,2026,첨단융합학부,학생부교과(학생부교과),학생부교과,20,103
5,2026,첨단융합학부,학생부교과(지역인재),학생부교과,14,48
5,2026,첨단융합학부,학생부종합(학생부종합),학생부종합,10,85
5,2026,첨단융합학부,학생부종합(지역인재),학생부종합,8,75
5,2026,첨단융합학부,학생부종합(저소득층학생),학생부종합,3,24
18,2024,국어국문학과,학생부교과(교과우수자),학생부교과,22,175
18,2024,국어국문학과,학생부종합(일반학생),학생부종합,11,59
18,2024,국어국문학과,학생부종합(기회균형),학생부종합,3,14
18,2024,영어영문학과,학생부교과(교과우수자),학생부교과,8,27
18,2024,영어영문학과,학생부종합(일반학생),학생부종합,14,57
18,2024,영어영문학과,논술(논술AAT),논술,11,176
18,2024,영어영문학과,학생부종합(기회균형),학생부종합,3,9
18,2024,사학과,학생부교과(교과우수자),학생부교과,13,63
18,2024,사학과,학생부교과(지역인재),학생부교과,4,21
18,2024,사학과,학생부종합(일반학생),학생부종합,10,52
18,2024,사학과,학생부종합(지역인재),학생부종합,9,36
18,2024,사학과,학생부종합(기회균형),학생부종합,1,4
18,2024,철학과,학생부종합(일반학생),학생부종합,12,75
18,2024,철학과,학생부종합(지역인재),학생부종합,12,51
18,2024,철학과,논술(논술AAT),논술,13,390
18,2024,철학과,학생부종합(기회균형),학생부종합,4,18
18,2024,고고인류학과,학생부교과(교과우수자),학생부교과,19,55
18,2024,고고인류학과,학생부교과(지역인재),학생부교과,8,23
18,2024,고고인류학과,학생부종합(일반학생),학생부종합,19,134
18,2024,고고인류학과,학생부종합(지역인재),학생부종합,5,19
18,2024,고고인류학과,논술(논술AAT),논술,11,261
18,2024,정치외교학과,학생부교과(교과우수자),학생부교과,9,49
18,2024,정치외교학과,학생부교과(지역인재),학생부교과,5,23
18,2024,정치외교학과,학생부종합(일반학생),학생부종합,15,115
18,2024,정치외교학과,논술(논술AAT),논술,13,247
18,2024,사회학과,학생부교과(지역인재),학생부교과,12,56
18,2024,사회학과,학생부종합(일반학생),학생부종합,6,61
18,2024,사회학과,학생부종합(지역인재),학생부종합,14,118
18,2024,사회학과,논술(논술AAT),논술,3,70
18,2024,심리학과,학생부교과(교과우수자),학생부교과,14,79
18,2024,심리학과,학생부종합(일반학생),학생부종합,15,146
18,2024,심리학과,학생부종합(지역인재),학생부종합,14,125
18,2024,심리학과,논술(논술AAT),논술,8,246
18,2024,문헌정보학과,학생부교과(교과우수자),학생부교과,24,172
18,2024,문헌정보학과,학생부교과(지역인재),학생부교과,7,20
18,2024,문헌정보학과,학생부종합(일반학생),학생부종합,17,185
18,2024,문헌정보학과,학생부종합(지역인재),학생부종합,7,22
18,2024,문헌정보학과,논술(논술AAT),논술,10,152
18,2024,문헌정보학과,학생부종합(기회균형),학생부종합,1,7
18,2024,신문방송학과,학생부교과(교과우수자),학생부교과,7,28
18,2024,신문방송학과,학생부교과(지역인재),학생부교과,10,39
18,2024,신문방송학과,학생부종합(일반학생),학생부종합,14,114
18,2024,신문방송학과,학생부종합(지역인재),학생부종합,13,88
18,2024,경제통상학부,학생부교과(교과우수자),학생부교과,17,86
18,2024,경제통상학부,학생부교과(지역인재),학생부교과,15,92
18,2024,경제통상학부,학생부종합(일반학생),학생부종합,8,122
18,2024,경제통상학부,학생부종합(지역인재),학생부종합,8,33
18,2024,경제통상학부,학생부종합(기회균형),학생부종합,3,17
18,2024,경영학부,학생부교과(교과우수자),학생부교과,10,52
18,2024,경영학부,학생부교과(지역인재),학생부교과,13,71
18,2024,경영학부,학생부종합(일반학생),학생부종합,14,128
18,2024,경영학부,학생부종합(지역인재),학생부종합,10,43
18,2024,행정학부,학생부교과(지역인재),학생부교과,11,50
18,2024,행정학부,학생부종합(일반학생),학생부종합,5,89
18,2024,행정학부,학생부종합(지역인재),학생부종합,9,45
18,2024,행정학부,논술(논술AAT),논술,7,195
18,2024,수학과,학생부교과(교과우수자),학생부교과,19,96
18,2024,수학과,학생부교과(지역인재),학생부교과,10,58
18,2024,수학과,학생부종합(일반학생),학생부종합,11,110
18,2024,수학과,학생부종합(지역인재),학생부종합,9,59
18,2024,수학과,논술(논술AAT),논술,11,209
18,2024,수학과,학생부종합(기회균형),학생부종합,3,20
18,2024,물리학과,학생부교과(교과우수자),학생부교과,22,155
18,2024,물리학과,학생부종합(일반학생),학생부종합,9,67
18,2024,물리학과,논술(논술AAT),논술,14,206
18,2024,물리학과,학생부종합(기회균형),학생부종합,2,6
18,2024,화학과,학생부교과(지역인재),학생부교과,3,12
18,2024,화학과,학생부종합(일반학생),학생부종합,5,43
18,2024,생명과학부,학생부교과(교과우수자),학생부교과,19,187
18,2024,생명과학부,학생부종합(일반학생),학생부종합,11,137
18,2024,생명과학부,학생부종합(지역인재),학생부종합,10,80
18,2024,통계학과,학생부교과(교과우수자),학생부교과,20,99
18,2024,통계학과,논술(논술AAT),논술,4,133
18,2024,지구시스템과학부,학생부교과(교과우수자),학생부교과,24,164
18,2024,지구시스템과학부,학생부교과(지역인재),학생부교과,15,87
18,2024,지구시스템과학부,학생부종합(일반학생),학생부종합,8,73
18,2024,지구시스템과학부,학생부종합(지역인재),학생부종합,15,44
18,2024,지구시스템과학부,논술(논술AAT),논술,4,118
18,2024,신소재공학부,학생부교과(교과우수자),학생부교과,24,270
18,2024,신소재공학부,학생부교과(지역인재),학생부교과,11,65
18,2024,신소재공학부,학생부종합(일반학생),학생부종합,14,137
18,2024,신소재공학부,학생부종합(지역인재),학생부종합,4,33
18,2024,신소재공학부,논술(논술AAT),논술,8,159
18,2024,신소재공학부,학생부종합(기회균형),학생부종합,4,27
18,2024,기계공학부,학생부교과(교과우수자),학생부교과,5,41
18,2024,기계공학부,학생부교과(지역인재),학생부교과,15,44
18,2024,기계공학부,학생부종합(일반학생),학생부종합,19,227
18,2024,기계공학부,학생부종합(지역인재),학생부종합,10,30
18,2024,기계공학부,학생부종합(기회균형),학생부종합,2,15
18,2024,건축학부,학생부교과(지역인재),학생부교과,15,44
18,2024,건축학부,학생부종합(일반학생),학생부종합,18,181
18,2024,건축학부,학생부종합(지역인재),학생부종합,12,56
18,2024,건축학부,논술(논술AAT),논술,7,168
18,2024,건축학부,학생부종합(기회균형),학생부종합,2,12
18,2024,응용화학공학부,학생부교과(교과우수자),학생부교과,5,30
18,2024,응용화학공학부,학생부교과(지역인재),학생부교과,8,49
18,2024,응용화학공학부,학생부종합(일반학생),학생부종합,19,240
18,2024,응용화학공학부,학생부종합(기회균형),학생부종합,4,27
18,2024,환경공학과,학생부교과(교과우수자),학생부교과,22,158
18,2024,환경공학과,학생부교과(지역인재),학생부교과,5,25
18,2024,환경공학과,학생부종합(일반학생),학생부종합,16,188
18,2024,환경공학과,학생부종합(지역인재),학생부종합,10,50
18,2024,환경공학과,논술(논술AAT),논술,7,193
18,2024,전자공학부,학생부교과(교과우수자),학생부교과,24,147
18,2024,전자공학부,학생부종합(일반학생),학생부종합,16,93
18,2024,컴퓨터학부,학생부교과(교과우수자),학생부교과,22,295
18,2024,컴퓨터학부,학생부교과(지역인재),학생부교과,5,37
18,2024,컴퓨터학부,학생부종합(일반학생),학생부종합,5,60
18,2024,컴퓨터학부,학생부종합(지역인재),학생부종합,11,125
18,2024,컴퓨터학부,논술(논술AAT),논술,7,341
18,2024,컴퓨터학부,학생부종합(기회균형),학생부종합,1,7
18,2024,글로벌소프트웨어융합전공,학생부교과(교과우수자),학생부교과,22,139
18,2024,글로벌소프트웨어융합전공,학생부교과(지역인재),학생부교과,4,24
18,2024,글로벌소프트웨어융합전공,학생부종합(일반학생),학생부종합,10,87
18,2024,글로벌소프트웨어융합전공,학생부종합(지역인재),학생부종합,4,24
18,2024,전기공학과,학생부교과(교과우수자),학생부교과,5,35
18,2024,전기공학과,학생부교과(지역인재),학생부교과,12,47
18,2024,전기공학과,학생부종합(일반학생),학생부종합,5,48
18,2024,전기공학과,학생부종합(지역인재),학생부종합,14,66
18,2024,전기공학과,논술(논술AAT),논술,6,225
18,2024,의예과,학생부교과(교과우수자),학생부교과,16,339
18,2024,의예과,학생부교과(지역인재),학생부교과,7,100
18,2024,의예과,학생부종합(일반학생),학생부종합,13,549
18,2024,의예과,학생부종합(지역인재),학생부종합,3,48
18,2024,의예과,학생부종합(기회균형),학생부종합,2,36
18,2024,치의예과,학생부교과(교과우수자),학생부교과,6,91
18,2024,치의예과,학생부종합(일반학생),학생부종합,9,136
18,2024,치의예과,학생부종합(지역인재),학생부종합,3,30
18,2024,치의예과,학생부종합(기회균형),학생부종합,2,18
18,2024,수의예과,학생부교과(교과우수자),학생부교과,8,133
18,2024,수의예과,학생부종합(일반학생),학생부종합,6,66
18,2024,수의예과,논술(논술AAT),논술,10,261
18,2024,약학과,학생부교과(교과우수자),학생부교과,13,256
18,2024,약학과,학생부교과(지역인재),학생부교과,5,61
18,2024,약학과,학생부종합(일반학생),학생부종합,6,172
18,2024,약학과,학생부종합(지역인재),학생부종합,5,70
18,2024,약학과,학생부종합(기회균형),학생부종합,4,42
18,2024,간호학과,학생부교과(교과우수자),학생부교과,21,144
18,2024,간호학과,학생부교과(지역인재),학생부교과,13,86
18,2024,간호학과,학생부종합(일반학생),학생부종합,12,160
18,2024,농업경제학과,학생부교과(교과우수자),학생부교과,19,173
18,2024,농업경제학과,학생부종합(지역인재),학생부종합,7,57
18,2024,식품공학부,학생부교과(교과우수자),학생부교과,11,61
18,2024,식품공학부,학생부교과(지역인재),학생부교과,9,52
18,2024,식품공학부,학생부종합(일반학생),학생부종합,14,127
18,2024,체육교육과,실기/실적(실기),실기/실적,28,480
18,2024,미술학과,실기/실적(실기),실기/실적,25,125
18,2025,국어국문학과,학생부교과(교과우수자),학생부교과,26,201
18,2025,국어국문학과,학생부종합(일반학생),학생부종합,11,65
18,2025,국어국문학과,학생부종합(기회균형),학생부종합,4,15
18,2025,영어영문학과,학생부교과(교과우수자),학생부교과,8,28
18,2025,영어영문학과,학생부종합(일반학생),학생부종합,14,88
18,2025,영어영문학과,논술(논술AAT),논술,12,221
18,2025,영어영문학과,학생부종합(기회균형),학생부종합,4,15
18,2025,사학과,학생부교과(교과우수자),학생부교과,10,45
18,2025,사학과,학생부교과(지역인재),학생부교과,4,25
18,2025,사학과,학생부종합(일반학생),학생부종합,10,61
18,2025,사학과,학생부종합(지역인재),학생부종합,9,34
18,2025,사학과,학생부종합(기회균형),학생부종합,1,3
18,2025,철학과,학생부종합(일반학생),학생부종합,13,64
18,2025,철학과,학생부종합(지역인재),학생부종합,11,65
18,2025,철학과,논술(논술AAT),논술,13,275
18,2025,철학과,학생부종합(기회균형),학생부종합,5,26
18,2025,고고인류학과,학생부교과(교과우수자),학생부교과,19,81
18,2025,고고인류학과,학생부교과(지역인재),학생부교과,8,18
18,2025,고고인류학과,학생부종합(일반학생),학생부종합,17,114
18,2025,고고인류학과,학생부종합(지역인재),학생부종합,4,18
18,2025,고고인류학과,논술(논술AAT),논술,11,308
18,2025,정치외교학과,학생부교과(교과우수자),학생부교과,9,46
18,2025,정치외교학과,학생부교과(지역인재),학생부교과,5,25
18,2025,정치외교학과,학생부종합(일반학생),학생부종합,15,105
18,2025,정치외교학과,논술(논술AAT),논술,13,355
18,2025,사회학과,학생부교과(지역인재),학생부교과,12,73
18,2025,사회학과,학생부종합(일반학생),학생부종합,6,55
18,2025,사회학과,학생부종합(지역인재),학생부종합,14,112
18,2025,사회학과,논술(논술AAT),논술,3,72
18,2025,심리학과,학생부교과(교과우수자),학생부교과,14,85
18,2025,심리학과,학생부종합(일반학생),학생부종합,15,111
18,2025,심리학과,학생부종합(지역인재),학생부종합,14,84
18,2025,심리학과,논술(논술AAT),논술,6,208
18,2025,문헌정보학과,학생부교과(교과우수자),학생부교과,24,232
18,2025,문헌정보학과,학생부교과(지역인재),학생부교과,7,27
18,2025,문헌정보학과,학생부종합(일반학생),학생부종합,15,135
18,2025,문헌정보학과,학생부종합(지역인재),학생부종합,7,25
18,2025,문헌정보학과,논술(논술AAT),논술,10,156
18,2025,문헌정보학과,학생부종합(기회균형),학생부종합,1,5
18,2025,신문방송학과,학생부교과(교과우수자),학생부교과,7,33
18,2025,신문방송학과,학생부교과(지역인재),학생부교과,10,35
18,2025,신문방송학과,학생부종합(일반학생),학생부종합,15,116
18,2025,신문방송학과,학생부종합(지역인재),학생부종합,11,58
18,2025,신문방송학과,논술(논술AAT),논술,9,347
18,2025,경제통상학부,학생부교과(교과우수자),학생부교과,19,118
18,2025,경제통상학부,학생부교과(지역인재),학생부교과,15,108
18,2025,경제통상학부,학생부종합(일반학생),학생부종합,8,99
18,2025,경제통상학부,학생부종합(지역인재),학생부종합,8,45
18,2025,경제통상학부,논술(논술AAT),논술,12,421
18,2025,경제통상학부,학생부종합(기회균형),학생부종합,3,16
18,2025,경영학부,학생부교과(교과우수자),학생부교과,12,67
18,2025,경영학부,학생부교과(지역인재),학생부교과,16,134
18,2025,경영학부,학생부종합(일반학생),학생부종합,14,149
18,2025,경영학부,학생부종합(지역인재),학생부종합,11,51
18,2025,경영학부,논술(논술AAT),논술,13,282
18,2025,행정학부,학생부교과(지역인재),학생부교과,10,44
18,2025,행정학부,학생부종합(일반학생),학생부종합,6,72
18,2025,행정학부,학생부종합(지역인재),학생부종합,9,35
18,2025,행정학부,논술(논술AAT),논술,6,178
18,2025,수학과,학생부교과(교과우수자),학생부교과,19,98
18,2025,수학과,학생부교과(지역인재),학생부교과,11,72
18,2025,수학과,학생부종합(일반학생),학생부종합,11,143
18,2025,수학과,학생부종합(지역인재),학생부종합,9,59
18,2025,수학과,논술(논술AAT),논술,11,204
18,2025,수학과,학생부종합(기회균형),학생부종합,3,18
18,2025,물리학과,학생부교과(교과우수자),학생부교과,22,117
18,2025,물리학과,학생부종합(일반학생),학생부종합,9,92
18,2025,물리학과,논술(논술AAT),논술,15,304
18,2025,물리학과,학생부종합(기회균형),학생부종합,3,8
18,2025,화학과,학생부교과(교과우수자),학생부교과,8,67
18,2025,화학과,학생부교과(지역인재),학생부교과,3,15
18,2025,화학과,학생부종합(일반학생),학생부종합,5,46
18,2025,생명과학부,학생부교과(교과우수자),학생부교과,19,178
18,2025,생명과학부,학생부종합(일반학생),학생부종합,10,96
18,2025,생명과학부,학생부종합(지역인재),학생부종합,10,66
18,2025,통계학과,학생부교과(교과우수자),학생부교과,16,76
18,2025,통계학과,논술(논술AAT),논술,4,116
18,2025,통계학과,학생부종합(기회균형),학생부종합,1,4
18,2025,지구시스템과학부,학생부교과(교과우수자),학생부교과,24,113
18,2025,지구시스템과학부,학생부교과(지역인재),학생부교과,15,78
18,2025,지구시스템과학부,학생부종합(일반학생),학생부종합,8,79
18,2025,지구시스템과학부,학생부종합(지역인재),학생부종합,13,41
18,2025,지구시스템과학부,논술(논술AAT),논술,3,109
18,2025,신소재공학부,학생부교과(교과우수자),학생부교과,24,227
18,2025,신소재공학부,학생부교과(지역인재),학생부교과,11,75
18,2025,신소재공학부,학생부종합(일반학생),학생부종합,14,126
18,2025,신소재공학부,학생부종합(지역인재),학생부종합,3,17
18,2025,신소재공학부,논술(논술AAT),논술,8,199
18,2025,신소재공학부,학생부종합(기회균형),학생부종합,4,23
18,2025,기계공학부,학생부교과(교과우수자),학생부교과,5,52
18,2025,기계공학부,학생부교과(지역인재),학생부교과,14,40
18,2025,기계공학부,학생부종합(일반학생),학생부종합,19,185
18,2025,기계공학부,학생부종합(지역인재),학생부종합,12,41
18,2025,기계공학부,학생부종합(기회균형),학생부종합,2,11
18,2025,건축학부,학생부교과(지역인재),학생부교과,15,49
18,2025,건축학부,학생부종합(일반학생),학생부종합,16,230
18,2025,건축학부,학생부종합(지역인재),학생부종합,10,52
18,2025,건축학부,논술(논술AAT),논술,7,206
18,2025,건축학부,학생부종합(기회균형),학생부종합,2,11
18,2025,응용화학공학부,학생부교과(교과우수자),학생부교과,6,48
18,2025,응용화학공학부,학생부교과(지역인재),학생부교과,8,69
18,2025,응용화학공학부,학생부종합(일반학생),학생부종합,19,280
18,2025,응용화학공학부,학생부종합(기회균형),학생부종합,4,25
18,2025,환경공학과,학생부교과(교과우수자),학생부교과,22,180
18,2025,환경공학과,학생부교과(지역인재),학생부교과,5,27
18,2025,환경공학과,학생부종합(일반학생),학생부종합,16,183
18,2025,환경공학과,학생부종합(지역인재),학생부종합,10,59
18,2025,환경공학과,논술(논술AAT),논술,7,212
18,2025,전자공학부,학생부교과(교과우수자),학생부교과,24,181
18,2025,전자공학부,학생부종합(일반학생),학생부종합,16,100
18,2025,컴퓨터학부,학생부교과(교과우수자),학생부교과,25,262
18,2025,컴퓨터학부,학생부교과(지역인재),학생부교과,5,40
18,2025,컴퓨터학부,학생부종합(일반학생),학생부종합,4,32
18,2025,컴퓨터학부,학생부종합(지역인재),학생부종합,11,117
18,2025,컴퓨터학부,논술(논술AAT),논술,7,306
18,2025,컴퓨터학부,학생부종합(기회균형),학생부종합,1,7
18,2025,글로벌소프트웨어융합전공,학생부교과(교과우수자),학생부교과,22,106
18,2025,글로벌소프트웨어융합전공,학생부교과(지역인재),학생부교과,4,25
18,2025,글로벌소프트웨어융합전공,학생부종합(일반학생),학생부종합,12,114
18,2025,글로벌소프트웨어융합전공,학생부종합(지역인재),학생부종합,5,33
18,2025,전기공학과,학생부교과(교과우수자),학생부교과,5,37
18,2025,전기공학과,학생부교과(지역인재),학생부교과,12,33
18,2025,전기공학과,학생부종합(일반학생),학생부종합,6,45
18,2025,전기공학과,학생부종합(지역인재),학생부종합,14,48
18,2025,전기공학과,논술(논술AAT),논술,6,204
18,2025,의예과,학생부교과(교과우수자),학생부교과,14,340
18,2025,의예과,학생부교과(지역인재),학생부교과,7,69
18,2025,의예과,학생부종합(일반학생),학생부종합,16,634
18,2025,의예과,학생부종합(지역인재),학생부종합,3,47
18,2025,의예과,학생부종합(기회균형),학생부종합,2,28
18,2025,치의예과,학생부교과(교과우수자),학생부교과,6,75
18,2025,치의예과,학생부종합(일반학생),학생부종합,11,195
18,2025,치의예과,학생부종합(지역인재),학생부종합,2,26
18,2025,치의예과,학생부종합(기회균형),학생부종합,2,19
18,2025,수의예과,학생부교과(교과우수자),학생부교과,9,207
18,2025,수의예과,학생부종합(일반학생),학생부종합,6,71
18,2025,수의예과,학생부종합(지역인재),학생부종합,11,65
18,2025,수의예과,논술(논술AAT),논술,9,254
18,2025,약학과,학생부교과(교과우수자),학생부교과,11,219
18,2025,약학과,학생부교과(지역인재),학생부교과,6,64
18,2025,약학과,학생부종합(일반학생),학생부종합,7,178
18,2025,약학과,학생부종합(지역인재),학생부종합,4,50
18,2025,약학과,학생부종합(기회균형),학생부종합,3,44
18,2025,간호학과,학생부교과(교과우수자),학생부교과,21,120
18,2025,간호학과,학생부교과(지역인재),학생부교과,13,77
18,2025,간호학과,학생부종합(일반학생),학생부종합,12,122
18,2025,간호학과,학생부종합(지역인재),학생부종합,7,88
18,2025,농업경제학과,학생부교과(교과우수자),학생부교과,19,223
18,2025,농업경제학과,학생부종합(지역인재),학생부종합,6,36
18,2025,식품공학부,학생부교과(교과우수자),학생부교과,13,58
18,2025,식품공학부,학생부교과(지역인재),학생부교과,9,58
18,2025,식품공학부,학생부종합(일반학생),학생부종합,14,134
18,2025,체육교육과,실기/실적(실기),실기/실적,28,336
18,2025,미술학과,실기/실적(실기),실기/실적,25,125
18,2025,자율전공부,학생부교과(교과우수자),학생부교과,24,138
18,2025,자율전공부,학생부교과(지역인재),학생부교과,11,63
18,2025,자율전공부,학생부종합(일반학생),학생부종합,11,81
18,2025,자율전공부,학생부종합(기회균형),학생부종합,4,27
18,2026,국어국문학과,학생부교과(교과우수자),학생부교과,26,259
18,2026,국어국문학과,학생부종합(일반학생),학생부종합,11,55
18,2026,국어국문학과,학생부종합(기회균형),학생부종합,4,21
18,2026,영어영문학과,학생부종합(일반학생),학생부종합,14,74
18,2026,영어영문학과,논술(논술AAT),논술,13,216
18,2026,영어영문학과,학생부종합(기회균형),학생부종합,4,18
18,2026,사학과,학생부교과(교과우수자),학생부교과,10,60
18,2026,사학과,학생부교과(지역인재),학생부교과,4,25
18,2026,사학과,학생부종합(일반학생),학생부종합,10,83
18,2026,사학과,학생부종합(지역인재),학생부종합,9,40
18,2026,사학과,학생부종합(기회균형),학생부종합,1,3
18,2026,철학과,학생부종합(일반학생),학생부종합,13,103
18,2026,철학과,학생부종합(지역인재),학생부종합,11,73
18,2026,철학과,논술(논술AAT),논술,13,346
18,2026,철학과,학생부종합(기회균형),학생부종합,5,23
18,2026,정치외교학과,학생부교과(교과우수자),학생부교과,9,48
18,2026,정치외교학과,학생부교과(지역인재),학생부교과,5,32
18,2026,정치외교학과,학생부종합(일반학생),학생부종합,15,125
18,2026,정치외교학과,논술(논술AAT),논술,13,289
18,2026,사회학과,학생부교과(지역인재),학생부교과,10,70
18,2026,사회학과,학생부종합(일반학생),학생부종합,6,69
18,2026,사회학과,학생부종합(지역인재),학생부종합,11,71
18,2026,사회학과,논술(논술AAT),논술,3,56
18,2026,심리학과,학생부교과(교과우수자),학생부교과,13,83
18,2026,심리학과,학생부종합(일반학생),학생부종합,15,117
18,2026,심리학과,논술(논술AAT),논술,7,198
18,2026,문헌정보학과,학생부교과(교과우수자),학생부교과,22,210
18,2026,문헌정보학과,학생부교과(지역인재),학생부교과,8,32
18,2026,문헌정보학과,학생부종합(일반학생),학생부종합,13,158
18,2026,문헌정보학과,학생부종합(지역인재),학생부종합,7,28
18,2026,문헌정보학과,학생부종합(기회균형),학생부종합,1,6
18,2026,신문방송학과,학생부교과(교과우수자),학생부교과,6,37
18,2026,신문방송학과,학생부교과(지역인재),학생부교과,10,46
18,2026,신문방송학과,학생부종합(일반학생),학생부종합,15,121
18,2026,신문방송학과,학생부종합(지역인재),학생부종합,11,91
18,2026,신문방송학과,논술(논술AAT),논술,10,392
18,2026,경제통상학부,학생부교과(교과우수자),학생부교과,22,135
18,2026,경제통상학부,학생부교과(지역인재),학생부교과,15,98
18,2026,경제통상학부,학생부종합(일반학생),학생부종합,10,162
18,2026,경제통상학부,학생부종합(지역인재),학생부종합,8,47
18,2026,경제통상학부,논술(논술AAT),논술,12,414
18,2026,경제통상학부,학생부종합(기회균형),학생부종합,2,12
18,2026,경영학부,학생부교과(교과우수자),학생부교과,13,65
18,2026,경영학부,학생부교과(지역인재),학생부교과,16,107
18,2026,경영학부,학생부종합(일반학생),학생부종합,14,175
18,2026,경영학부,학생부종합(지역인재),학생부종합,11,59
18,2026,경영학부,논술(논술AAT),논술,13,460
18,2026,행정학부,학생부교과(지역인재),학생부교과,10,68
18,2026,행정학부,학생부종합(일반학생),학생부종합,5,69
18,2026,행정학부,학생부종합(지역인재),학생부종합,8,36
18,2026,행정학부,논술(논술AAT),논술,6,188
18,2026,수학과,학생부교과(교과우수자),학생부교과,19,92
18,2026,수학과,학생부교과(지역인재),학생부교과,11,71
18,2026,수학과,학생부종합(일반학생),학생부종합,9,137
18,2026,수학과,학생부종합(지역인재),학생부종합,9,56
18,2026,수학과,논술(논술AAT),논술,11,203
18,2026,수학과,학생부종합(기회균형),학생부종합,3,24
18,2026,물리학과,학생부교과(교과우수자),학생부교과,22,154
18,2026,물리학과,학생부종합(일반학생),학생부종합,10,113
18,2026,물리학과,논술(논술AAT),논술,15,331
18,2026,물리학과,학생부종합(기회균형),학생부종합,4,11
18,2026,화학과,학생부교과(교과우수자),학생부교과,8,64
18,2026,화학과,학생부교과(지역인재),학생부교과,2,12
18,2026,화학과,학생부종합(일반학생),학생부종합,6,61
18,2026,생명과학부,학생부교과(교과우수자),학생부교과,16,162
18,2026,생명과학부,학생부종합(일반학생),학생부종합,12,132
18,2026,생명과학부,학생부종합(지역인재),학생부종합,10,94
18,2026,통계학과,학생부교과(교과우수자),학생부교과,16,92
18,2026,통계학과,논술(논술AAT),논술,4,138
18,2026,통계학과,학생부종합(기회균형),학생부종합,1,4
18,2026,지구시스템과학부,학생부교과(교과우수자),학생부교과,24,201
18,2026,지구시스템과학부,학생부교과(지역인재),학생부교과,15,131
18,2026,지구시스템과학부,학생부종합(일반학생),학생부종합,7,86
18,2026,지구시스템과학부,학생부종합(지역인재),학생부종합,13,43
18,2026,지구시스템과학부,논술(논술AAT),논술,3,119
18,2026,신소재공학부,학생부교과(교과우수자),학생부교과,25,277
18,2026,신소재공학부,학생부교과(지역인재),학생부교과,11,87
18,2026,신소재공학부,학생부종합(일반학생),학생부종합,14,205
18,2026,신소재공학부,학생부종합(지역인재),학생부종합,3,22
18,2026,신소재공학부,학생부종합(기회균형),학생부종합,4,37
18,2026,기계공학부,학생부교과(교과우수자),학생부교과,5,59
18,2026,기계공학부,학생부교과(지역인재),학생부교과,14,56
18,2026,기계공학부,학생부종합(일반학생),학생부종합,19,243
18,2026,기계공학부,학생부종합(지역인재),학생부종합,11,45
18,2026,기계공학부,학생부종합(기회균형),학생부종합,2,17
18,2026,건축학부,학생부교과(지역인재),학생부교과,15,55
18,2026,건축학부,학생부종합(일반학생),학생부종합,16,244
18,2026,건축학부,학생부종합(지역인재),학생부종합,10,70
18,2026,건축학부,논술(논술AAT),논술,7,282
18,2026,건축학부,학생부종합(기회균형),학생부종합,2,15
18,2026,응용화학공학부,학생부교과(교과우수자),학생부교과,6,45
18,2026,응용화학공학부,학생부교과(지역인재),학생부교과,8,61
18,2026,응용화학공학부,학생부종합(일반학생),학생부종합,19,364
18,2026,응용화학공학부,학생부종합(기회균형),학생부종합,4,30
18,2026,환경공학과,학생부교과(교과우수자),학생부교과,20,168
18,2026,환경공학과,학생부교과(지역인재),학생부교과,5,23
18,2026,환경공학과,학생부종합(일반학생),학생부종합,16,169
18,2026,환경공학과,학생부종합(지역인재),학생부종합,9,53
18,2026,환경공학과,논술(논술AAT),논술,8,194
18,2026,전자공학부,학생부교과(교과우수자),학생부교과,20,206
18,2026,전자공학부,학생부종합(일반학생),학생부종합,13,101
18,2026,컴퓨터학부,학생부교과(교과우수자),학생부교과,25,410
18,2026,컴퓨터학부,학생부종합(일반학생),학생부종합,4,44
18,2026,컴퓨터학부,학생부종합(지역인재),학생부종합,13,141
18,2026,컴퓨터학부,논술(논술AAT),논술,8,339
18,2026,컴퓨터학부,학생부종합(기회균형),학생부종합,1,10
18,2026,글로벌소프트웨어융합전공,학생부교과(교과우수자),학생부교과,22,163
18,2026,글로벌소프트웨어융합전공,학생부교과(지역인재),학생부교과,4,25
18,2026,글로벌소프트웨어융합전공,학생부종합(일반학생),학생부종합,14,150
18,2026,글로벌소프트웨어융합전공,학생부종합(지역인재),학생부종합,5,24
18,2026,전기공학과,학생부교과(교과우수자),학생부교과,4,31
18,2026,전기공학과,학생부교과(지역인재),학생부교과,11,39
18,2026,전기공학과,학생부종합(일반학생),학생부종합,6,60
18,2026,전기공학과,학생부종합(지역인재),학생부종합,11,45
18,2026,전기공학과,논술(논술AAT),논술,6,172
18,2026,의예과,학생부교과(교과우수자),학생부교과,14,340
18,2026,의예과,학생부교과(지역인재),학생부교과,7,105
18,2026,의예과,학생부종합(일반학생),학생부종합,16,557
18,2026,의예과,학생부종합(지역인재),학생부종합,4,93
18,2026,의예과,학생부종합(기회균형),학생부종합,2,36
18,2026,치의예과,학생부교과(교과우수자),학생부교과,6,122
18,2026,치의예과,학생부종합(일반학생),학생부종합,11,171
18,2026,치의예과,학생부종합(지역인재),학생부종합,1,17
18,2026,치의예과,학생부종합(기회균형),학생부종합,3,34
18,2026,수의예과,학생부교과(교과우수자),학생부교과,8,160
18,2026,수의예과,학생부종합(일반학생),학생부종합,7,107
18,2026,수의예과,학생부종합(지역인재),학생부종합,11,84
18,2026,수의예과,논술(논술AAT),논술,8,280
18,2026,약학과,학생부교과(교과우수자),학생부교과,11,178
18,2026,약학과,학생부교과(지역인재),학생부교과,5,56
18,2026,약학과,학생부종합(일반학생),학생부종합,7,239
18,2026,약학과,학생부종합(지역인재),학생부종합,3,43
18,2026,약학과,학생부종합(기회균형),학생부종합,3,45
18,2026,간호학과,학생부교과(교과우수자),학생부교과,21,173
18,2026,간호학과,학생부교과(지역인재),학생부교과,10,69
18,2026,간호학과,학생부종합(일반학생),학생부종합,13,154
18,2026,간호학과,학생부종합(지역인재),학생부종합,8,113
18,2026,농업경제학과,학생부교과(교과우수자),학생부교과,17,198
18,2026,농업경제학과,학생부종합(지역인재),학생부종합,6,44
18,2026,식품공학부,학생부교과(교과우수자),학생부교과,15,66
18,2026,식품공학부,학생부교과(지역인재),학생부교과,9,48
18,2026,식품공학부,학생부종합(일반학생),학생부종합,13,150
18,2026,체육교육과,실기/실적(실기),실기/실적,28,379
18,2026,미술학과,실기/실적(실기),실기/실적,26,139
18,2026,자율전공부,학생부교과(교과우수자),학생부교과,24,216
18,2026,자율전공부,학생부교과(지역인재),학생부교과,9,47
18,2026,자율전공부,학생부종합(일반학생),학생부종합,13,112
24,2024,국어국문학과,학생부교과(지역균형),학생부교과,10,57
24,2024,국어국문학과,학생부종합(네오르네상스),학생부종합,20,401
24,2024,국어국문학과,학생부종합(기회균형),학생부종합,2,6
24,2024,국어국문학과,학생부종합(농어촌학생),학생부종합,2,11
24,2024,사학과,학생부교과(지역균형),학생부교과,14,118
24,2024,사학과,학생부종합(네오르네상스),학생부종합,6,115
24,2024,사학과,논술(논술우수자),논술,5,275
24,2024,사학과,학생부종합(기회균형),학생부종합,3,25
24,2024,사학과,학생부종합(농어촌학생),학생부종합,2,11
24,2024,철학과,학생부교과(지역균형),학생부교과,12,71
24,2024,철학과,학생부종합(네오르네상스),학생부종합,9,130
24,2024,철학과,논술(논술우수자),논술,3,191
24,2024,철학과,학생부종합(기회균형),학생부종합,4,35
24,2024,철학과,학생부종합(농어촌학생),학생부종합,1,9
24,2024,영미문학전공,학생부교과(지역균형),학생부교과,13,135
24,2024,영미문학전공,학생부종합(네오르네상스),학생부종합,16,243
24,2024,영미문학전공,학생부종합(기회균형),학생부종합,3,16
24,2024,영미문학전공,학생부종합(농어촌학생),학생부종합,2,12
24,2024,응용영어통번역전공,학생부교과(지역균형),학생부교과,6,51
24,2024,응용영어통번역전공,학생부종합(네오르네상스),학생부종합,22,393
24,2024,응용영어통번역전공,논술(논술우수자),논술,14,596
24,2024,정치외교학과,학생부종합(네오르네상스),학생부종합,22,183
24,2024,정치외교학과,논술(논술우수자),논술,11,715
24,2024,행정학과,학생부교과(지역균형),학생부교과,14,168
24,2024,행정학과,학생부종합(네오르네상스),학생부종합,21,406
24,2024,행정학과,논술(논술우수자),논술,10,539
24,2024,행정학과,학생부종합(농어촌학생),학생부종합,1,4
24,2024,사회학과,학생부종합(네오르네상스),학생부종합,24,404
24,2024,사회학과,논술(논술우수자),논술,13,460
24,2024,사회학과,학생부종합(기회균형),학생부종합,2,22
24,2024,경제학과,학생부교과(지역균형),학생부교과,10,101
24,2024,경제학과,학생부종합(네오르네상스),학생부종합,15,245
24,2024,경제학과,학생부종합(기회균형),학생부종합,4,28
24,2024,무역학과,학생부교과(지역균형),학생부교과,6,51
24,2024,무역학과,학생부종합(네오르네상스),학생부종합,21,369
24,2024,무역학과,논술(논술우수자),논술,4,370
24,2024,무역학과,학생부종합(기회균형),학생부종합,4,30
24,2024,미디어학과,학생부교과(지역균형),학생부교과,6,73
24,2024,미디어학과,학생부종합(네오르네상스),학생부종합,8,125
24,2024,미디어학과,논술(논술우수자),논술,11,909
24,2024,경영학과,학생부교과(지역균형),학생부교과,8,94
24,2024,경영학과,학생부종합(네오르네상스),학생부종합,8,212
24,2024,경영학과,논술(논술우수자),논술,12,737
24,2024,회계·세무학과,학생부종합(네오르네상스),학생부종합,6,87
24,2024,회계·세무학과,논술(논술우수자),논술,10,885
24,2024,회계·세무학과,학생부종합(기회균형),학생부종합,4,19
24,2024,Hospitality경영학부,학생부교과(지역균형),학생부교과,11,108
24,2024,Hospitality경영학부,학생부종합(네오르네상스),학생부종합,10,101
24,2024,Hospitality경영학부,학생부종합(농어촌학생),학생부종합,1,7
24,2024,수학과,학생부교과(지역균형),학생부교과,5,44
24,2024,수학과,학생부종합(네오르네상스),학생부종합,24,252
24,2024,수학과,논술(논술우수자),논술,7,364
24,2024,수학과,학생부종합(농어촌학생),학생부종합,1,4
24,2024,물리학과,학생부교과(지역균형),학생부교과,6,46
24,2024,물리학과,학생부종합(네오르네상스),학생부종합,9,82
24,2024,물리학과,학생부종합(기회균형),학생부종합,4,30
24,2024,화학과,학생부교과(지역균형),학생부교과,15,141
24,2024,화학과,학생부종합(네오르네상스),학생부종합,21,454
24,2024,화학과,논술(논술우수자),논술,13,393
24,2024,화학과,학생부종합(농어촌학생),학생부종합,2,8
24,2024,생물학과,학생부교과(지역균형),학생부교과,13,110
24,2024,생물학과,학생부종합(네오르네상스),학생부종합,10,178
24,2024,생물학과,논술(논술우수자),논술,8,284
24,2024,생물학과,학생부종합(농어촌학생),학생부종합,1,5
24,2024,지리학과,학생부교과(지역균형),학생부교과,4,42
24,2024,지리학과,학생부종합(네오르네상스),학생부종합,24,283
24,2024,지리학과,논술(논술우수자),논술,9,726
24,2024,지리학과,학생부종합(기회균형),학생부종합,2,23
24,2024,지리학과,학생부종합(농어촌학생),학생부종합,1,8
24,2024,의예과,학생부교과(지역균형),학생부교과,4,122
24,2024,의예과,학생부종합(네오르네상스),학생부종합,16,885
24,2024,의예과,논술(논술우수자),논술,6,309
24,2024,의예과,학생부종합(기회균형),학생부종합,3,71
24,2024,한의예과,학생부교과(지역균형),학생부교과,8,147
24,2024,한의예과,학생부종합(네오르네상스),학생부종합,11,285
24,2024,한의예과,논술(논술우수자),논술,6,438
24,2024,치의예과,학생부교과(지역균형),학생부교과,4,112
24,2024,치의예과,학생부종합(네오르네상스),학생부종합,16,416
24,2024,치의예과,학생부종합(기회균형),학생부종합,1,19
24,2024,약학과,학생부교과(지역균형),학생부교과,8,197
24,2024,약학과,학생부종합(네오르네상스),학생부종합,11,244
24,2024,약학과,논술(논술우수자),논술,6,796
24,2024,약학과,학생부종합(기회균형),학생부종합,2,23
24,2024,간호학과,학생부교과(지역균형),학생부교과,14,218
24,2024,간호학과,학생부종합(네오르네상스),학생부종합,20,284
24,2024,간호학과,논술(논술우수자),논술,13,1247
24,2024,간호학과,학생부종합(기회균형),학생부종합,1,13
24,2024,기계공학과,학생부교과(지역균형),학생부교과,14,110
24,2024,기계공학과,학생부종합(네오르네상스),학생부종합,25,309
24,2024,산업경영공학과,학생부교과(지역균형),학생부교과,13,128
24,2024,산업경영공학과,학생부종합(네오르네상스),학생부종합,8,142
24,2024,산업경영공학과,논술(논술우수자),논술,6,528
24,2024,원자력공학과,학생부교과(지역균형),학생부교과,13,102
24,2024,원자력공학과,학생부종합(네오르네상스),학생부종합,10,133
24,2024,원자력공학과,논술(논술우수자),논술,11,795
24,2024,화학공학과,학생부교과(지역균형),학생부교과,6,69
24,2024,화학공학과,학생부종합(네오르네상스),학생부종합,15,139
24,2024,전자공학과,학생부교과(지역균형),학생부교과,7,40
24,2024,전자공학과,학생부종합(네오르네상스),학생부종합,17,326
24,2024,전자공학과,논술(논술우수자),논술,9,284
24,2024,전자공학과,학생부종합(기회균형),학생부종합,4,25
24,2024,컴퓨터공학과,학생부교과(지역균형),학생부교과,11,99
24,2024,컴퓨터공학과,학생부종합(네오르네상스),학생부종합,19,278
24,2024,컴퓨터공학과,논술(논술우수자),논술,14,574
24,2024,컴퓨터공학과,학생부종합(기회균형),학생부종합,1,9
24,2024,컴퓨터공학과,학생부종합(농어촌학생),학생부종합,3,26
24,2024,소프트웨어융합학과,학생부종합(네오르네상스),학생부종합,22,315
24,2024,응용수학과,학생부교과(지역균형),학생부교과,13,121
24,2024,응용수학과,학생부종합(네오르네상스),학생부종합,9,142
24,2024,응용수학과,논술(논술우수자),논술,8,332
24,2024,우주과학과,학생부종합(네오르네상스),학생부종합,7,84
24,2024,체육학과,실기/실적(실기우수자),실기/실적,12,121
24,2024,포스트모던음악학과,실기/실적(실기우수자),실기/실적,12,66
24,2024,연극영화학과,실기/실적(실기우수자),실기/실적,28,165
24,2025,국어국문학과,학생부교과(지역균형),학생부교과,10,68
24,2025,국어국문학과,학생부종합(네오르네상스),학생부종합,21,376
24,2025,국어국문학과,학생부종합(기회균형),학생부종합,2,8
24,2025,국어국문학과,학생부종합(농어촌학생),학생부종합,2,9
24,2025,사학과,학생부교과(지역균형),학생부교과,12,143
24,2025,사학과,학생부종합(네오르네상스),학생부종합,6,124
24,2025,사학과,논술(논술우수자),논술,5,345
24,2025,사학과,학생부종합(기회균형),학생부종합,3,23
24,2025,사학과,학생부종합(농어촌학생),학생부종합,2,9
24,2025,철학과,학생부교과(지역균형),학생부교과,13,112
24,2025,철학과,학생부종합(네오르네상스),학생부종합,9,139
24,2025,철학과,논술(논술우수자),논술,4,400
24,2025,철학과,학생부종합(기회균형),학생부종합,4,28
24,2025,철학과,학생부종합(농어촌학생),학생부종합,1,10
24,2025,영미문학전공,학생부교과(지역균형),학생부교과,13,142
24,2025,영미문학전공,학생부종합(네오르네상스),학생부종합,19,336
24,2025,영미문학전공,학생부종합(기회균형),학생부종합,3,17
24,2025,영미문학전공,학생부종합(농어촌학생),학생부종합,3,26
24,2025,응용영어통번역전공,학생부교과(지역균형),학생부교과,6,83
24,2025,응용영어통번역전공,학생부종합(네오르네상스),학생부종합,22,604
24,2025,응용영어통번역전공,논술(논술우수자),논술,14,541
24,2025,정치외교학과,학생부교과(지역균형),학생부교과,12,194
24,2025,정치외교학과,학생부종합(네오르네상스),학생부종합,22,232
24,2025,정치외교학과,논술(논술우수자),논술,10,1100
24,2025,행정학과,학생부교과(지역균형),학생부교과,17,152
24,2025,행정학과,학생부종합(네오르네상스),학생부종합,21,598
24,2025,행정학과,논술(논술우수자),논술,10,886
24,2025,행정학과,학생부종합(농어촌학생),학생부종합,1,5
24,2025,사회학과,학생부종합(네오르네상스),학생부종합,24,395
24,2025,사회학과,논술(논술우수자),논술,13,639
24,2025,사회학과,학생부종합(기회균형),학생부종합,2,22
24,2025,경제학과,학생부교과(지역균형),학생부교과,10,151
24,2025,경제학과,학생부종합(네오르네상스),학생부종합,15,306
24,2025,경제학과,논술(논술우수자),논술,9,738
24,2025,경제학과,학생부종합(기회균형),학생부종합,4,27
24,2025,무역학과,학생부교과(지역균형),학생부교과,7,85
24,2025,무역학과,학생부종합(네오르네상스),학생부종합,22,417
24,2025,무역학과,논술(논술우수자),논술,3,346
24,2025,무역학과,학생부종합(기회균형),학생부종합,4,46
24,2025,미디어학과,학생부교과(지역균형),학생부교과,6,88
24,2025,미디어학과,학생부종합(네오르네상스),학생부종합,8,193
24,2025,미디어학과,논술(논술우수자),논술,13,1042
24,2025,경영학과,학생부교과(지역균형),학생부교과,8,96
24,2025,경영학과,학생부종합(네오르네상스),학생부종합,8,256
24,2025,경영학과,논술(논술우수자),논술,10,531
24,2025,회계·세무학과,학생부종합(네오르네상스),학생부종합,6,105
24,2025,회계·세무학과,논술(논술우수자),논술,10,820
24,2025,회계·세무학과,학생부종합(기회균형),학생부종합,4,18
24,2025,Hospitality경영학부,학생부교과(지역균형),학생부교과,11,145
24,2025,Hospitality경영학부,학생부종합(네오르네상스),학생부종합,10,129
24,2025,Hospitality경영학부,학생부종합(농어촌학생),학생부종합,1,8
24,2025,수학과,학생부교과(지역균형),학생부교과,5,54
24,2025,수학과,학생부종합(네오르네상스),학생부종합,24,184
24,2025,수학과,논술(논술우수자),논술,7,332
24,2025,수학과,학생부종합(농어촌학생),학생부종합,2,7
24,2025,물리학과,학생부교과(지역균형),학생부교과,6,44
24,2025,물리학과,학생부종합(네오르네상스),학생부종합,7,49
24,2025,물리학과,논술(논술우수자),논술,14,1084
24,2025,물리학과,학생부종합(기회균형),학생부종합,5,36
24,2025,화학과,학생부교과(지역균형),학생부교과,16,125
24,2025,화학과,학생부종합(네오르네상스),학생부종합,25,443
24,2025,화학과,논술(논술우수자),논술,12,516
24,2025,화학과,학생부종합(농어촌학생),학생부종합,1,4
24,2025,생물학과,학생부교과(지역균형),학생부교과,13,117
24,2025,생물학과,학생부종합(네오르네상스),학생부종합,10,286
24,2025,생물학과,논술(논술우수자),논술,8,262
24,2025,생물학과,학생부종합(농어촌학생),학생부종합,1,6
24,2025,지리학과,학생부교과(지역균형),학생부교과,3,43
24,2025,지리학과,학생부종합(네오르네상스),학생부종합,24,327
24,2025,지리학과,논술(논술우수자),논술,9,777
24,2025,지리학과,학생부종합(기회균형),학생부종합,3,30
24,2025,지리학과,학생부종합(농어촌학생),학생부종합,2,19
24,2025,의예과,학생부교과(지역균형),학생부교과,3,115
24,2025,의예과,학생부종합(네오르네상스),학생부종합,16,950
24,2025,의예과,논술(논술우수자),논술,6,428
24,2025,의예과,학생부종합(기회균형),학생부종합,2,42
24,2025,한의예과,학생부교과(지역균형),학생부교과,8,125
24,2025,한의예과,학생부종합(네오르네상스),학생부종합,11,237
24,2025,한의예과,논술(논술우수자),논술,7,474
24,2025,치의예과,학생부교과(지역균형),학생부교과,4,88
24,2025,치의예과,학생부종합(네오르네상스),학생부종합,16,596
24,2025,치의예과,학생부종합(기회균형),학생부종합,1,25
24,2025,약학과,학생부교과(지역균형),학생부교과,10,283
24,2025,약학과,학생부종합(네오르네상스),학생부종합,12,333
24,2025,약학과,논술(논술우수자),논술,6,758
24,2025,약학과,학생부종합(기회균형),학생부종합,2,24
24,2025,간호학과,학생부교과(지역균형),학생부교과,14,290
24,2025,간호학과,학생부종합(네오르네상스),학생부종합,18,434
24,2025,간호학과,논술(논술우수자),논술,13,1428
24,2025,간호학과,학생부종합(기회균형),학생부종합,1,14
24,2025,기계공학과,학생부교과(지역균형),학생부교과,14,122
24,2025,기계공학과,학생부종합(네오르네상스),학생부종합,23,343
24,2025,산업경영공학과,학생부교과(지역균형),학생부교과,13,145
24,2025,산업경영공학과,학생부종합(네오르네상스),학생부종합,8,194
24,2025,산업경영공학과,논술(논술우수자),논술,6,564
24,2025,원자력공학과,학생부교과(지역균형),학생부교과,13,122
24,2025,원자력공학과,학생부종합(네오르네상스),학생부종합,10,165
24,2025,원자력공학과,논술(논술우수자),논술,11,741
24,2025,화학공학과,학생부교과(지역균형),학생부교과,7,86
24,2025,화학공학과,학생부종합(네오르네상스),학생부종합,13,151
24,2025,전자공학과,학생부교과(지역균형),학생부교과,7,44
24,2025,전자공학과,학생부종합(네오르네상스),학생부종합,17,323
24,2025,전자공학과,논술(논술우수자),논술,9,267
24,2025,전자공학과,학생부종합(기회균형),학생부종합,4,41
24,2025,컴퓨터공학과,학생부교과(지역균형),학생부교과,11,94
24,2025,컴퓨터공학과,학생부종합(네오르네상스),학생부종합,19,293
24,2025,컴퓨터공학과,논술(논술우수자),논술,17,806
24,2025,컴퓨터공학과,학생부종합(기회균형),학생부종합,1,11
24,2025,컴퓨터공학과,학생부종합(농어촌학생),학생부종합,4,26
24,2025,소프트웨어융합학과,학생부종합(네오르네상스),학생부종합,22,386
24,2025,응용수학과,학생부교과(지역균형),학생부교과,13,125
24,2025,응용수학과,학생부종합(네오르네상스),학생부종합,9,166
24,2025,응용수학과,논술(논술우수자),논술,8,453
24,2025,응용수학과,학생부종합(기회균형),학생부종합,2,11
24,2025,우주과학과,학생부교과(지역균형),학생부교과,10,63
24,2025,우주과학과,학생부종합(네오르네상스),학생부종합,6,79
24,2025,체육학과,실기/실적(실기우수자),실기/실적,12,99
24,2025,포스트모던음악학과,실기/실적(실기우수자),실기/실적,10,56
24,2025,연극영화학과,실기/실적(실기우수자),실기/실적,26,161
24,2025,자유전공학부,학생부교과(지역균형),학생부교과,13,160
24,2025,자유전공학부,학생부종합(네오르네상스),학생부종합,8,167
24,2025,자유전공학부,논술(논술우수자),논술,13,1150
24,2025,자유전공학부,학생부종합(기회균형),학생부종합,1,5
24,2026,국어국문학과,학생부교과(지역균형),학생부교과,10,101
24,2026,국어국문학과,학생부종합(네오르네상스),학생부종합,21,475
24,2026,국어국문학과,학생부종합(농어촌학생),학생부종합,2,10
24,2026,사학과,학생부교과(지역균형),학생부교과,12,115
24,2026,사학과,학생부종합(네오르네상스),학생부종합,6,130
24,2026,사학과,논술(논술우수자),논술,6,437
24,2026,사학과,학생부종합(기회균형),학생부종합,4,39
24,2026,사학과,학생부종합(농어촌학생),학생부종합,3,15
24,2026,철학과,학생부교과(지역균형),학생부교과,12,111
24,2026,철학과,학생부종합(네오르네상스),학생부종합,7,147
24,2026,철학과,논술(논술우수자),논술,4,366
24,2026,철학과,학생부종합(기회균형),학생부종합,4,29
24,2026,철학과,학생부종합(농어촌학생),학생부종합,1,8
24,2026,영미문학전공,학생부교과(지역균형),학생부교과,13,108
24,2026,영미문학전공,학생부종합(네오르네상스),학생부종합,15,316
24,2026,영미문학전공,학생부종합(기회균형),학생부종합,3,16
24,2026,영미문학전공,학생부종합(농어촌학생),학생부종합,3,25
24,2026,응용영어통번역전공,학생부종합(네오르네상스),학생부종합,22,622
24,2026,응용영어통번역전공,논술(논술우수자),논술,14,632
24,2026,정치외교학과,학생부교과(지역균형),학생부교과,12,178
24,2026,정치외교학과,학생부종합(네오르네상스),학생부종합,24,293
24,2026,정치외교학과,논술(논술우수자),논술,10,1087
24,2026,행정학과,학생부교과(지역균형),학생부교과,16,154
24,2026,행정학과,학생부종합(네오르네상스),학생부종합,24,675
24,2026,행정학과,논술(논술우수자),논술,10,885
24,2026,행정학과,학생부종합(농어촌학생),학생부종합,1,5
24,2026,사회학과,학생부종합(네오르네상스),학생부종합,20,282
24,2026,사회학과,논술(논술우수자),논술,13,674
24,2026,사회학과,학생부종합(기회균형),학생부종합,2,17
24,2026,경제학과,학생부교과(지역균형),학생부교과,10,153
24,2026,경제학과,학생부종합(네오르네상스),학생부종합,14,267
24,2026,경제학과,논술(논술우수자),논술,9,656
24,2026,경제학과,학생부종합(기회균형),학생부종합,4,32
24,2026,무역학과,학생부교과(지역균형),학생부교과,7,100
24,2026,무역학과,학생부종합(네오르네상스),학생부종합,22,427
24,2026,무역학과,논술(논술우수자),논술,2,167
24,2026,무역학과,학생부종합(기회균형),학생부종합,4,38
24,2026,미디어학과,학생부교과(지역균형),학생부교과,7,123
24,2026,미디어학과,학생부종합(네오르네상스),학생부종합,8,172
24,2026,경영학과,학생부교과(지역균형),학생부교과,10,140
24,2026,경영학과,학생부종합(네오르네상스),학생부종합,8,181
24,2026,경영학과,논술(논술우수자),논술,10,763
24,2026,회계·세무학과,학생부종합(네오르네상스),학생부종합,6,104
24,2026,회계·세무학과,논술(논술우수자),논술,10,654
24,2026,회계·세무학과,학생부종합(기회균형),학생부종합,5,28
24,2026,Hospitality경영학부,학생부교과(지역균형),학생부교과,11,120
24,2026,Hospitality경영학부,학생부종합(네오르네상스),학생부종합,10,146
24,2026,Hospitality경영학부,학생부종합(농어촌학생),학생부종합,1,9
24,2026,수학과,학생부교과(지역균형),학생부교과,6,62
24,2026,수학과,학생부종합(네오르네상스),학생부종합,24,226
24,2026,수학과,논술(논술우수자),논술,7,504
24,2026,수학과,학생부종합(농어촌학생),학생부종합,2,7
24,2026,물리학과,학생부교과(지역균형),학생부교과,6,45
24,2026,물리학과,학생부종합(네오르네상스),학생부종합,7,53
24,2026,물리학과,논술(논술우수자),논술,11,742
24,2026,물리학과,학생부종합(기회균형),학생부종합,5,32
24,2026,화학과,학생부교과(지역균형),학생부교과,15,153
24,2026,화학과,학생부종합(네오르네상스),학생부종합,25,611
24,2026,화학과,논술(논술우수자),논술,10,421
24,2026,화학과,학생부종합(농어촌학생),학생부종합,1,5
24,2026,생물학과,학생부교과(지역균형),학생부교과,13,127
24,2026,생물학과,학생부종합(네오르네상스),학생부종합,10,282
24,2026,생물학과,논술(논술우수자),논술,8,371
24,2026,생물학과,학생부종합(농어촌학생),학생부종합,1,5
24,2026,지리학과,학생부교과(지역균형),학생부교과,3,40
24,2026,지리학과,학생부종합(네오르네상스),학생부종합,27,364
24,2026,지리학과,논술(논술우수자),논술,8,641
24,2026,지리학과,학생부종합(기회균형),학생부종합,3,38
24,2026,지리학과,학생부종합(농어촌학생),학생부종합,2,15
24,2026,의예과,학생부교과(지역균형),학생부교과,3,120
24,2026,의예과,학생부종합(네오르네상스),학생부종합,13,531
24,2026,의예과,논술(논술우수자),논술,6,299
24,2026,의예과,학생부종합(기회균형),학생부종합,3,65
24,2026,한의예과,학생부교과(지역균형),학생부교과,10,185
24,2026,한의예과,학생부종합(네오르네상스),학생부종합,12,246
24,2026,한의예과,논술(논술우수자),논술,8,752
24,2026,치의예과,학생부종합(네오르네상스),학생부종합,16,529
24,2026,치의예과,학생부종합(기회균형),학생부종합,1,19
24,2026,약학과,학생부교과(지역균형),학생부교과,10,270
24,2026,약학과,학생부종합(네오르네상스),학생부종합,12,226
24,2026,약학과,논술(논술우수자),논술,5,683
24,2026,약학과,학생부종합(기회균형),학생부종합,2,19
24,2026,간호학과,학생부교과(지역균형),학생부교과,14,336
24,2026,간호학과,학생부종합(네오르네상스),학생부종합,21,343
24,2026,간호학과,논술(논술우수자),논술,11,1091
24,2026,간호학과,학생부종합(기회균형),학생부종합,1,11
24,2026,기계공학과,학생부교과(지역균형),학생부교과,16,153
24,2026,기계공학과,학생부종합(네오르네상스),학생부종합,19,296
24,2026,산업경영공학과,학생부교과(지역균형),학생부교과,13,169
24,2026,산업경영공학과,학생부종합(네오르네상스),학생부종합,8,215
24,2026,산업경영공학과,논술(논술우수자),논술,6,681
24,2026,원자력공학과,학생부교과(지역균형),학생부교과,10,97
24,2026,원자력공학과,학생부종합(네오르네상스),학생부종합,10,174
24,2026,원자력공학과,논술(논술우수자),논술,11,938
24,2026,화학공학과,학생부교과(지역균형),학생부교과,7,87
24,2026,화학공학과,학생부종합(네오르네상스),학생부종합,13,196
24,2026,전자공학과,학생부교과(지역균형),학생부교과,7,52
24,2026,전자공학과,학생부종합(네오르네상스),학생부종합,17,361
24,2026,전자공학과,논술(논술우수자),논술,9,359
24,2026,전자공학과,학생부종합(기회균형),학생부종합,4,40
24,2026,컴퓨터공학과,학생부교과(지역균형),학생부교과,12,91
24,2026,컴퓨터공학과,학생부종합(네오르네상스),학생부종합,21,271
24,2026,컴퓨터공학과,논술(논술우수자),논술,17,596
24,2026,컴퓨터공학과,학생부종합(기회균형),학생부종합,1,9
24,2026,컴퓨터공학과,학생부종합(농어촌학생),학생부종합,3,19
24,2026,소프트웨어융합학과,학생부종합(네오르네상스),학생부종합,22,383
24,2026,응용수학과,학생부교과(지역균형),학생부교과,13,103
24,2026,응용수학과,학생부종합(네오르네상스),학생부종합,9,155
24,2026,응용수학과,학생부종합(기회균형),학생부종합,2,12
24,2026,체육학과,실기/실적(실기우수자),실기/실적,12,127
24,2026,포스트모던음악학과,실기/실적(실기우수자),실기/실적,8,50
24,2026,연극영화학과,실기/실적(실기우수자),실기/실적,26,257
24,2026,자유전공학부,학생부교과(지역균형),학생부교과,13,199
24,2026,자유전공학부,학생부종합(네오르네상스),학생부종합,8,192
24,2026,자유전공학부,논술(논술우수자),논술,13,932
24,2026,자유전공학부,학생부종합(기회균형),학생부종합,1,4
114,2024,유아교육과,학생부교과(교과우수자),학생부교과,25,215
114,2024,유아교육과,학생부교과(지역인재),학생부교과,15,57
114,2024,유아교육과,학생부종합(일반학생),학생부종합,11,83
114,2024,유아교육과,학생부종합(지역인재),학생부종합,4,11
114,2024,유아교육과,학생부교과(기회균형),학생부교과,4,20
114,2024,특수교육과,학생부교과(교과우수자),학생부교과,28,182
114,2024,특수교육과,학생부교과(지역인재),학생부교과,6,39
114,2024,특수교육과,학생부종합(일반학생),학생부종합,16,74
114,2024,영미학과,학생부교과(교과우수자),학생부교과,20,137
114,2024,영미학과,학생부교과(지역인재),학생부교과,15,65
114,2024,영미학과,학생부종합(일반학생),학생부종합,10,99
114,2024,영미학과,학생부교과(기회균형),학생부교과,2,6
114,2024,중국학과,학생부교과(교과우수자),학생부교과,20,132
114,2024,중국학과,학생부종합(일반학생),학생부종합,5,17
114,2024,중국학과,학생부종합(지역인재),학생부종합,4,12
114,2024,미디어커뮤니케이션학과,학생부교과(교과우수자),학생부교과,14,49
114,2024,미디어커뮤니케이션학과,학생부종합(일반학생),학생부종합,11,44
114,2024,미디어커뮤니케이션학과,학생부교과(기회균형),학생부교과,2,5
114,2024,법학과,학생부교과(교과우수자),학생부교과,9,38
114,2024,법학과,학생부종합(일반학생),학생부종합,19,101
114,2024,법학과,학생부종합(지역인재),학생부종합,4,15
114,2024,법학과,학생부교과(기회균형),학생부교과,2,5
114,2024,행정학과,학생부교과(교과우수자),학생부교과,8,47
114,2024,행정학과,학생부교과(지역인재),학생부교과,12,50
114,2024,행정학과,학생부종합(일반학생),학생부종합,13,79
114,2024,행정학과,학생부종합(지역인재),학생부종합,14,81
114,2024,경찰행정학과,학생부교과(교과우수자),학생부교과,30,322
114,2024,경찰행정학과,학생부교과(지역인재),학생부교과,10,32
114,2024,경찰행정학과,학생부종합(일반학생),학생부종합,10,96
114,2024,경찰행정학과,학생부종합(지역인재),학생부종합,9,55
114,2024,경찰행정학과,학생부교과(기회균형),학생부교과,1,5
114,2024,사회복지학과,학생부교과(교과우수자),학생부교과,15,111
114,2024,사회복지학과,학생부교과(지역인재),학생부교과,7,17
114,2024,사회복지학과,학생부종합(일반학생),학생부종합,17,144
114,2024,사회복지학과,학생부종합(지역인재),학생부종합,5,39
114,2024,사회복지학과,학생부교과(기회균형),학생부교과,2,5
114,2024,경영학과,학생부교과(교과우수자),학생부교과,10,59
114,2024,경영학과,학생부교과(지역인재),학생부교과,13,113
114,2024,경영학과,학생부종합(일반학생),학생부종합,8,73
114,2024,경영학과,학생부종합(지역인재),학생부종합,5,23
114,2024,경영학과,학생부교과(기회균형),학생부교과,4,13
114,2024,국제통상학과,학생부교과(교과우수자),학생부교과,23,134
114,2024,국제통상학과,학생부종합(일반학생),학생부종합,7,53
114,2024,국제통상학과,학생부종합(지역인재),학생부종합,7,49
114,2024,국제통상학과,학생부교과(기회균형),학생부교과,2,8
114,2024,관광경영학과,학생부교과(교과우수자),학생부교과,25,236
114,2024,관광경영학과,학생부종합(일반학생),학생부종합,18,167
114,2024,관광경영학과,학생부종합(지역인재),학생부종합,7,59
114,2024,경제금융학과,학생부종합(일반학생),학생부종합,12,94
114,2024,경제금융학과,학생부종합(지역인재),학생부종합,4,33
114,2024,화학과,학생부교과(교과우수자),학생부교과,22,59
114,2024,화학과,학생부교과(지역인재),학생부교과,7,19
114,2024,화학과,학생부종합(일반학생),학생부종합,5,40
114,2024,화학과,학생부종합(지역인재),학생부종합,15,93
114,2024,식품영양학과,학생부교과(교과우수자),학생부교과,22,101
114,2024,식품영양학과,학생부교과(지역인재),학생부교과,4,23
114,2024,식품영양학과,학생부종합(일반학생),학생부종합,18,170
114,2024,식품영양학과,학생부종합(지역인재),학생부종합,6,17
114,2024,식품영양학과,학생부교과(기회균형),학생부교과,4,21
114,2024,환경보건학과,학생부교과(교과우수자),학생부교과,23,181
114,2024,환경보건학과,학생부교과(지역인재),학생부교과,12,31
114,2024,환경보건학과,학생부종합(일반학생),학생부종합,9,59
114,2024,환경보건학과,학생부종합(지역인재),학생부종합,15,105
114,2024,생명시스템학과,학생부교과(교과우수자),학생부교과,14,76
114,2024,생명시스템학과,학생부종합(일반학생),학생부종합,16,114
114,2024,생명시스템학과,학생부종합(지역인재),학생부종합,11,72
114,2024,의약공학과,학생부교과(교과우수자),학생부교과,30,110
114,2024,의약공학과,학생부교과(지역인재),학생부교과,7,25
114,2024,의약공학과,학생부종합(일반학생),학생부종합,13,112
114,2024,의약공학과,학생부교과(기회균형),학생부교과,2,10
114,2024,컴퓨터공학과,학생부교과(교과우수자),학생부교과,14,145
114,2024,컴퓨터공학과,학생부교과(지역인재),학생부교과,4,32
114,2024,컴퓨터공학과,학생부종합(일반학생),학생부종합,17,119
114,2024,컴퓨터공학과,학생부종합(지역인재),학생부종합,6,53
114,2024,정보보호학과,학생부교과(교과우수자),학생부교과,22,119
114,2024,정보보호학과,학생부교과(지역인재),학생부교과,4,28
114,2024,정보보호학과,학생부종합(일반학생),학생부종합,20,126
114,2024,정보보호학과,학생부종합(지역인재),학생부종합,3,21
114,2024,정보보호학과,학생부교과(기회균형),학생부교과,3,11
114,2024,전자공학과,학생부교과(교과우수자),학생부교과,15,54
114,2024,전자공학과,학생부교과(지역인재),학생부교과,14,72
114,2024,전자공학과,학생부종합(일반학생),학생부종합,8,65
114,2024,전자공학과,학생부종합(지역인재),학생부종합,14,82
114,2024,전기공학과,학생부교과(지역인재),학생부교과,15,65
114,2024,전기공학과,학생부종합(일반학생),학생부종합,18,183
114,2024,기계공학과,학생부교과(교과우수자),학생부교과,30,92
114,2024,기계공학과,학생부교과(지역인재),학생부교과,8,65
114,2024,기계공학과,학생부종합(일반학생),학생부종합,12,50
114,2024,기계공학과,학생부종합(지역인재),학생부종합,15,49
114,2024,에너지공학과,학생부교과(교과우수자),학생부교과,13,94
114,2024,에너지공학과,학생부종합(일반학생),학생부종합,12,67
114,2024,에너지공학과,학생부교과(기회균형),학생부교과,2,7
114,2024,의료IT공학과,학생부교과(교과우수자),학생부교과,19,61
114,2024,의료IT공학과,학생부교과(지역인재),학생부교과,13,76
114,2024,의료IT공학과,학생부종합(일반학생),학생부종합,17,60
114,2024,의료IT공학과,학생부종합(지역인재),학생부종합,13,66
114,2024,의료IT공학과,학생부교과(기회균형),학생부교과,1,1
114,2024,의료생명공학과,학생부교과(교과우수자),학생부교과,19,133
114,2024,의료생명공학과,학생부교과(지역인재),학생부교과,3,19
114,2024,의료생명공학과,학생부종합(일반학생),학생부종합,11,43
114,2024,의료생명공학과,학생부종합(지역인재),학생부종합,6,28
114,2024,의료생명공학과,학생부교과(기회균형),학생부교과,2,4
114,2024,의예과,학생부교과(교과우수자),학생부교과,11,133
114,2024,의예과,학생부교과(지역인재),학생부교과,4,38
114,2024,의예과,학생부종합(일반학생),학생부종합,11,248
114,2024,의예과,학생부종합(지역인재),학생부종합,11,183
114,2024,약학과,학생부교과(지역인재),학생부교과,7,73
114,2024,약학과,학생부종합(일반학생),학생부종합,6,85
114,2024,약학과,학생부종합(지역인재),학생부종합,4,33
114,2024,간호학과,학생부교과(교과우수자),학생부교과,15,102
114,2024,간호학과,학생부종합(일반학생),학생부종합,9,85
114,2024,임상병리학과,학생부교과(교과우수자),학생부교과,27,168
114,2024,임상병리학과,학생부교과(지역인재),학생부교과,10,72
114,2024,임상병리학과,학생부종합(일반학생),학생부종합,5,25
114,2024,임상병리학과,학생부종합(지역인재),학생부종합,10,55
114,2024,작업치료학과,학생부교과(교과우수자),학생부교과,20,171
114,2024,작업치료학과,학생부종합(일반학생),학생부종합,15,92
114,2024,작업치료학과,학생부종합(지역인재),학생부종합,13,82
114,2024,작업치료학과,학생부교과(기회균형),학생부교과,4,14
114,2024,스포츠의학과,실기/실적(실기우수자),실기/실적,18,211
114,2024,공연영상학과,실기/실적(실기우수자),실기/실적,15,58
114,2025,유아교육과,학생부교과(교과우수자),학생부교과,25,167
114,2025,유아교육과,학생부교과(지역인재),학생부교과,15,54
114,2025,유아교육과,학생부종합(일반학생),학생부종합,11,110
114,2025,유아교육과,학생부종합(지역인재),학생부종합,3,11
114,2025,유아교육과,학생부교과(기회균형),학생부교과,4,16
114,2025,특수교육과,학생부교과(교과우수자),학생부교과,32,201
114,2025,특수교육과,학생부교과(지역인재),학생부교과,6,36
114,2025,특수교육과,학생부종합(일반학생),학생부종합,16,80
114,2025,영미학과,학생부교과(교과우수자),학생부교과,20,133
114,2025,영미학과,학생부교과(지역인재),학생부교과,14,42
114,2025,영미학과,학생부종합(일반학생),학생부종합,10,98
114,2025,영미학과,학생부교과(기회균형),학생부교과,2,7
114,2025,중국학과,학생부교과(교과우수자),학생부교과,22,155
114,2025,중국학과,학생부종합(일반학생),학생부종합,5,13
114,2025,중국학과,학생부종합(지역인재),학생부종합,3,10
114,2025,미디어커뮤니케이션학과,학생부교과(교과우수자),학생부교과,14,42
114,2025,미디어커뮤니케이션학과,학생부교과(지역인재),학생부교과,8,50
114,2025,미디어커뮤니케이션학과,학생부종합(일반학생),학생부종합,9,28
114,2025,미디어커뮤니케이션학과,학생부교과(기회균형),학생부교과,2,5
114,2025,법학과,학생부교과(교과우수자),학생부교과,8,42
114,2025,법학과,학생부종합(일반학생),학생부종합,19,125
114,2025,법학과,학생부종합(지역인재),학생부종합,5,12
114,2025,법학과,학생부교과(기회균형),학생부교과,2,4
114,2025,행정학과,학생부교과(교과우수자),학생부교과,8,38
114,2025,행정학과,학생부교과(지역인재),학생부교과,12,58
114,2025,행정학과,학생부종합(일반학생),학생부종합,13,71
114,2025,행정학과,학생부종합(지역인재),학생부종합,14,77
114,2025,경찰행정학과,학생부교과(교과우수자),학생부교과,30,311
114,2025,경찰행정학과,학생부교과(지역인재),학생부교과,9,39
114,2025,경찰행정학과,학생부종합(일반학생),학생부종합,10,81
114,2025,경찰행정학과,학생부종합(지역인재),학생부종합,9,49
114,2025,경찰행정학과,학생부교과(기회균형),학생부교과,2,10
114,2025,사회복지학과,학생부교과(교과우수자),학생부교과,15,119
114,2025,사회복지학과,학생부교과(지역인재),학생부교과,7,17
114,2025,사회복지학과,학생부종합(일반학생),학생부종합,17,130
114,2025,사회복지학과,학생부종합(지역인재),학생부종합,4,23
114,2025,사회복지학과,학생부교과(기회균형),학생부교과,2,6
114,2025,경영학과,학생부교과(교과우수자),학생부교과,10,74
114,2025,경영학과,학생부교과(지역인재),학생부교과,13,115
114,2025,경영학과,학생부종합(일반학생),학생부종합,8,60
114,2025,경영학과,학생부종합(지역인재),학생부종합,6,32
114,2025,경영학과,학생부교과(기회균형),학생부교과,4,13
114,2025,국제통상학과,학생부교과(교과우수자),학생부교과,20,99
114,2025,국제통상학과,학생부종합(일반학생),학생부종합,7,48
114,2025,국제통상학과,학생부종합(지역인재),학생부종합,7,50
114,2025,국제통상학과,학생부교과(기회균형),학생부교과,2,8
114,2025,관광경영학과,학생부교과(교과우수자),학생부교과,25,195
114,2025,관광경영학과,학생부종합(일반학생),학생부종합,18,121
114,2025,관광경영학과,학생부종합(지역인재),학생부종합,7,49
114,2025,경제금융학과,학생부교과(교과우수자),학생부교과,27,191
114,2025,경제금융학과,학생부종합(일반학생),학생부종합,12,87
114,2025,경제금융학과,학생부종합(지역인재),학생부종합,4,34
114,2025,화학과,학생부교과(교과우수자),학생부교과,22,68
114,2025,화학과,학생부교과(지역인재),학생부교과,7,18
114,2025,화학과,학생부종합(일반학생),학생부종합,6,36
114,2025,화학과,학생부종합(지역인재),학생부종합,15,62
114,2025,식품영양학과,학생부교과(교과우수자),학생부교과,26,87
114,2025,식품영양학과,학생부교과(지역인재),학생부교과,4,16
114,2025,식품영양학과,학생부종합(일반학생),학생부종합,20,142
114,2025,식품영양학과,학생부종합(지역인재),학생부종합,6,15
114,2025,식품영양학과,학생부교과(기회균형),학생부교과,4,24
114,2025,환경보건학과,학생부교과(교과우수자),학생부교과,23,173
114,2025,환경보건학과,학생부교과(지역인재),학생부교과,14,45
114,2025,환경보건학과,학생부종합(일반학생),학생부종합,9,49
114,2025,환경보건학과,학생부종합(지역인재),학생부종합,16,131
114,2025,생명시스템학과,학생부교과(교과우수자),학생부교과,14,75
114,2025,생명시스템학과,학생부종합(일반학생),학생부종합,16,104
114,2025,생명시스템학과,학생부종합(지역인재),학생부종합,11,56
114,2025,의약공학과,학생부교과(교과우수자),학생부교과,32,96
114,2025,의약공학과,학생부교과(지역인재),학생부교과,7,20
114,2025,의약공학과,학생부종합(일반학생),학생부종합,13,129
114,2025,의약공학과,학생부교과(기회균형),학생부교과,3,11
114,2025,컴퓨터공학과,학생부교과(교과우수자),학생부교과,14,135
114,2025,컴퓨터공학과,학생부교과(지역인재),학생부교과,5,47
114,2025,컴퓨터공학과,학생부종합(일반학생),학생부종합,17,120
114,2025,컴퓨터공학과,학생부종합(지역인재),학생부종합,6,41
114,2025,정보보호학과,학생부교과(교과우수자),학생부교과,22,134
114,2025,정보보호학과,학생부교과(지역인재),학생부교과,5,41
114,2025,정보보호학과,학생부종합(일반학생),학생부종합,20,163
114,2025,정보보호학과,학생부종합(지역인재),학생부종합,3,17
114,2025,정보보호학과,학생부교과(기회균형),학생부교과,2,7
114,2025,전자공학과,학생부교과(교과우수자),학생부교과,15,43
114,2025,전자공학과,학생부교과(지역인재),학생부교과,14,53
114,2025,전자공학과,학생부종합(일반학생),학생부종합,10,91
114,2025,전자공학과,학생부종합(지역인재),학생부종합,12,76
114,2025,전기공학과,학생부교과(교과우수자),학생부교과,21,121
114,2025,전기공학과,학생부교과(지역인재),학생부교과,15,72
114,2025,전기공학과,학생부종합(일반학생),학생부종합,18,207
114,2025,전기공학과,학생부교과(기회균형),학생부교과,3,13
114,2025,기계공학과,학생부교과(교과우수자),학생부교과,30,82
114,2025,기계공학과,학생부교과(지역인재),학생부교과,8,53
114,2025,기계공학과,학생부종합(일반학생),학생부종합,12,46
114,2025,기계공학과,학생부종합(지역인재),학생부종합,15,62
114,2025,에너지공학과,학생부교과(교과우수자),학생부교과,13,78
114,2025,에너지공학과,학생부종합(일반학생),학생부종합,12,69
114,2025,에너지공학과,학생부종합(지역인재),학생부종합,4,15
114,2025,에너지공학과,학생부교과(기회균형),학생부교과,2,6
114,2025,의료IT공학과,학생부교과(교과우수자),학생부교과,22,74
114,2025,의료IT공학과,학생부교과(지역인재),학생부교과,10,41
114,2025,의료IT공학과,학생부종합(일반학생),학생부종합,17,87
114,2025,의료IT공학과,학생부종합(지역인재),학생부종합,16,77
114,2025,의료IT공학과,학생부교과(기회균형),학생부교과,1,1
114,2025,의료생명공학과,학생부교과(교과우수자),학생부교과,19,123
114,2025,의료생명공학과,학생부교과(지역인재),학생부교과,4,25
114,2025,의료생명공학과,학생부종합(일반학생),학생부종합,11,43
114,2025,의료생명공학과,학생부종합(지역인재),학생부종합,6,34
114,2025,의료생명공학과,학생부교과(기회균형),학생부교과,1,2
114,2025,의예과,학생부교과(교과우수자),학생부교과,11,117
114,2025,의예과,학생부교과(지역인재),학생부교과,4,34
114,2025,의예과,학생부종합(일반학생),학생부종합,13,278
114,2025,의예과,학생부종합(지역인재),학생부종합,11,213
114,2025,약학과,학생부교과(지역인재),학생부교과,7,66
114,2025,약학과,학생부종합(일반학생),학생부종합,7,86
114,2025,약학과,학생부종합(지역인재),학생부종합,5,36
114,2025,간호학과,학생부교과(교과우수자),학생부교과,17,109
114,2025,간호학과,학생부종합(일반학생),학생부종합,8,88
114,2025,임상병리학과,학생부교과(교과우수자),학생부교과,27,175
114,2025,임상병리학과,학생부교과(지역인재),학생부교과,10,78
114,2025,임상병리학과,학생부종합(일반학생),학생부종합,5,30
114,2025,임상병리학과,학생부종합(지역인재),학생부종합,10,75
114,2025,작업치료학과,학생부교과(교과우수자),학생부교과,20,173
114,2025,작업치료학과,학생부종합(일반학생),학생부종합,12,78
114,2025,작업치료학과,학생부종합(지역인재),학생부종합,12,63
114,2025,작업치료학과,학생부교과(기회균형),학생부교과,4,14
114,2025,스포츠의학과,실기/실적(실기우수자),실기/실적,18,151
114,2025,공연영상학과,실기/실적(실기우수자),실기/실적,15,51
114,2025,AI·빅데이터학과,학생부교과(지역인재),학생부교과,10,58
114,2025,AI·빅데이터학과,학생부종합(일반학생),학생부종합,9,96
114,2025,AI·빅데이터학과,학생부종합(지역인재),학생부종합,8,46
114,2025,AI·빅데이터학과,학생부교과(기회균형),학생부교과,4,10
114,2026,유아교육과,학생부교과(교과우수자),학생부교과,29,163
114,2026,유아교육과,학생부교과(지역인재),학생부교과,12,41
114,2026,유아교육과,학생부종합(일반학생),학생부종합,11,93
114,2026,유아교육과,학생부종합(지역인재),학생부종합,2,6
114,2026,유아교육과,학생부교과(기회균형),학생부교과,4,14
114,2026,특수교육과,학생부교과(교과우수자),학생부교과,31,200
114,2026,특수교육과,학생부교과(지역인재),학생부교과,7,35
114,2026,특수교육과,학생부종합(일반학생),학생부종합,13,71
114,2026,영미학과,학생부교과(교과우수자),학생부교과,20,137
114,2026,영미학과,학생부교과(지역인재),학생부교과,14,49
114,2026,영미학과,학생부종합(일반학생),학생부종합,10,102
114,2026,영미학과,학생부교과(기회균형),학생부교과,1,4
114,2026,중국학과,학생부교과(교과우수자),학생부교과,18,147
114,2026,중국학과,학생부종합(일반학생),학생부종합,5,19
114,2026,중국학과,학생부종합(지역인재),학생부종합,3,9
114,2026,미디어커뮤니케이션학과,학생부교과(교과우수자),학생부교과,14,57
114,2026,미디어커뮤니케이션학과,학생부교과(지역인재),학생부교과,6,30
114,2026,미디어커뮤니케이션학과,학생부종합(일반학생),학생부종합,7,30
114,2026,미디어커뮤니케이션학과,학생부교과(기회균형),학생부교과,3,7
114,2026,법학과,학생부교과(교과우수자),학생부교과,8,38
114,2026,법학과,학생부종합(일반학생),학생부종합,23,160
114,2026,법학과,학생부종합(지역인재),학생부종합,5,12
114,2026,법학과,학생부교과(기회균형),학생부교과,2,5
114,2026,행정학과,학생부교과(교과우수자),학생부교과,8,43
114,2026,행정학과,학생부교과(지역인재),학생부교과,12,56
114,2026,행정학과,학생부종합(일반학생),학생부종합,16,110
114,2026,행정학과,학생부종합(지역인재),학생부종합,14,56
114,2026,경찰행정학과,학생부교과(교과우수자),학생부교과,30,280
114,2026,경찰행정학과,학생부교과(지역인재),학생부교과,9,36
114,2026,경찰행정학과,학생부종합(일반학생),학생부종합,12,110
114,2026,경찰행정학과,학생부종합(지역인재),학생부종합,9,52
114,2026,경찰행정학과,학생부교과(기회균형),학생부교과,2,10
114,2026,사회복지학과,학생부교과(교과우수자),학생부교과,15,82
114,2026,사회복지학과,학생부교과(지역인재),학생부교과,7,25
114,2026,사회복지학과,학생부종합(일반학생),학생부종합,15,137
114,2026,사회복지학과,학생부종합(지역인재),학생부종합,4,29
114,2026,사회복지학과,학생부교과(기회균형),학생부교과,3,10
114,2026,경영학과,학생부교과(교과우수자),학생부교과,10,73
114,2026,경영학과,학생부교과(지역인재),학생부교과,13,91
114,2026,경영학과,학생부종합(일반학생),학생부종합,8,77
114,2026,경영학과,학생부종합(지역인재),학생부종합,6,36
114,2026,경영학과,학생부교과(기회균형),학생부교과,4,11
114,2026,국제통상학과,학생부교과(교과우수자),학생부교과,21,139
114,2026,국제통상학과,학생부종합(일반학생),학생부종합,7,52
114,2026,국제통상학과,학생부종합(지역인재),학생부종합,7,46
114,2026,국제통상학과,학생부교과(기회균형),학생부교과,2,7
114,2026,관광경영학과,학생부교과(교과우수자),학생부교과,25,146
114,2026,관광경영학과,학생부종합(일반학생),학생부종합,15,98
114,2026,관광경영학과,학생부종합(지역인재),학생부종합,7,57
114,2026,경제금융학과,학생부교과(교과우수자),학생부교과,27,214
114,2026,경제금융학과,학생부종합(일반학생),학생부종합,12,80
114,2026,경제금융학과,학생부종합(지역인재),학생부종합,3,18
114,2026,화학과,학생부교과(교과우수자),학생부교과,24,56
114,2026,화학과,학생부교과(지역인재),학생부교과,7,18
114,2026,화학과,학생부종합(일반학생),학생부종합,6,45
114,2026,화학과,학생부종합(지역인재),학생부종합,15,72
114,2026,식품영양학과,학생부교과(교과우수자),학생부교과,30,106
114,2026,식품영양학과,학생부교과(지역인재),학생부교과,4,16
114,2026,식품영양학과,학생부종합(일반학생),학생부종합,20,181
114,2026,식품영양학과,학생부종합(지역인재),학생부종합,6,17
114,2026,식품영양학과,학생부교과(기회균형),학생부교과,4,15
114,2026,환경보건학과,학생부교과(교과우수자),학생부교과,23,157
114,2026,환경보건학과,학생부교과(지역인재),학생부교과,17,50
114,2026,환경보건학과,학생부종합(일반학생),학생부종합,7,41
114,2026,환경보건학과,학생부종합(지역인재),학생부종합,16,132
114,2026,생명시스템학과,학생부교과(교과우수자),학생부교과,14,98
114,2026,생명시스템학과,학생부종합(일반학생),학생부종합,13,68
114,2026,생명시스템학과,학생부종합(지역인재),학생부종합,11,83
114,2026,의약공학과,학생부교과(교과우수자),학생부교과,32,121
114,2026,의약공학과,학생부교과(지역인재),학생부교과,8,29
114,2026,의약공학과,학생부종합(일반학생),학생부종합,11,85
114,2026,의약공학과,학생부교과(기회균형),학생부교과,4,23
114,2026,컴퓨터공학과,학생부교과(교과우수자),학생부교과,14,95
114,2026,컴퓨터공학과,학생부교과(지역인재),학생부교과,5,35
114,2026,컴퓨터공학과,학생부종합(일반학생),학생부종합,14,98
114,2026,컴퓨터공학과,학생부종합(지역인재),학생부종합,6,40
114,2026,정보보호학과,학생부교과(교과우수자),학생부교과,22,150
114,2026,정보보호학과,학생부교과(지역인재),학생부교과,5,32
114,2026,정보보호학과,학생부종합(일반학생),학생부종합,20,153
114,2026,정보보호학과,학생부종합(지역인재),학생부종합,3,15
114,2026,정보보호학과,학생부교과(기회균형),학생부교과,3,15
114,2026,전자공학과,학생부교과(교과우수자),학생부교과,17,46
114,2026,전자공학과,학생부교과(지역인재),학생부교과,14,64
114,2026,전자공학과,학생부종합(일반학생),학생부종합,12,112
114,2026,전기공학과,학생부교과(교과우수자),학생부교과,18,118
114,2026,전기공학과,학생부교과(지역인재),학생부교과,15,63
114,2026,전기공학과,학생부종합(일반학생),학생부종합,20,196
114,2026,전기공학과,학생부교과(기회균형),학생부교과,3,15
114,2026,기계공학과,학생부교과(교과우수자),학생부교과,30,83
114,2026,기계공학과,학생부종합(일반학생),학생부종합,10,42
114,2026,기계공학과,학생부종합(지역인재),학생부종합,13,37
114,2026,에너지공학과,학생부교과(교과우수자),학생부교과,13,104
114,2026,에너지공학과,학생부종합(일반학생),학생부종합,12,66
114,2026,에너지공학과,학생부종합(지역인재),학생부종합,4,19
114,2026,에너지공학과,학생부교과(기회균형),학생부교과,3,10
114,2026,의료IT공학과,학생부교과(교과우수자),학생부교과,22,104
114,2026,의료IT공학과,학생부교과(지역인재),학생부교과,10,52
114,2026,의료IT공학과,학생부종합(일반학생),학생부종합,17,65
114,2026,의료IT공학과,학생부종합(지역인재),학생부종합,16,86
114,2026,의료IT공학과,학생부교과(기회균형),학생부교과,1,1
114,2026,의료생명공학과,학생부교과(교과우수자),학생부교과,15,83
114,2026,의료생명공학과,학생부교과(지역인재),학생부교과,4,18
114,2026,의료생명공학과,학생부종합(일반학생),학생부종합,10,46
114,2026,의료생명공학과,학생부종합(지역인재),학생부종합,7,36
114,2026,의료생명공학과,학생부교과(기회균형),학생부교과,1,3
114,2026,의예과,학생부교과(교과우수자),학생부교과,11,166
114,2026,의예과,학생부교과(지역인재),학생부교과,4,38
114,2026,의예과,학생부종합(일반학생),학생부종합,12,193
114,2026,의예과,학생부종합(지역인재),학생부종합,12,228
114,2026,약학과,학생부교과(지역인재),학생부교과,7,89
114,2026,약학과,학생부종합(일반학생),학생부종합,7,88
114,2026,약학과,학생부종합(지역인재),학생부종합,6,50
114,2026,간호학과,학생부교과(교과우수자),학생부교과,17,138
114,2026,간호학과,학생부종합(일반학생),학생부종합,8,75
114,2026,임상병리학과,학생부교과(교과우수자),학생부교과,30,142
114,2026,임상병리학과,학생부교과(지역인재),학생부교과,10,65
114,2026,임상병리학과,학생부종합(일반학생),학생부종합,4,16
114,2026,임상병리학과,학생부종합(지역인재),학생부종합,8,47
114,2026,작업치료학과,학생부교과(교과우수자),학생부교과,22,135
114,2026,작업치료학과,학생부종합(일반학생),학생부종합,12,94
114,2026,작업치료학과,학생부종합(지역인재),학생부종합,12,65
114,2026,작업치료학과,학생부교과(기회균형),학생부교과,3,9
114,2026,스포츠의학과,실기/실적(실기우수자),실기/실적,18,141
114,2026,공연영상학과,실기/실적(실기우수자),실기/실적,15,46
114,2026,AI·빅데이터학과,학생부교과(지역인재),학생부교과,10,57
114,2026,AI·빅데이터학과,학생부종합(일반학생),학생부종합,9,90
114,2026,AI·빅데이터학과,학생부종합(지역인재),학생부종합,8,40
114,2026,AI·빅데이터학과,학생부교과(기회균형),학생부교과,3,8
135,2024,원불교학과,학생부교과(지역인재),학생부교과,9,61
135,2024,원불교학과,학생부종합(서류면접),학생부종합,5,36
135,2024,원불교학과,학생부종합(지역인재),학생부종합,12,45
135,2024,원불교학과,학생부교과(기회균형),학생부교과,1,3
135,2024,국어국문학과,학생부교과(교과성적우수자),학생부교과,18,81
135,2024,국어국문학과,학생부교과(지역인재),학생부교과,13,37
135,2024,국어국문학과,학생부종합(서류면접),학생부종합,6,15
135,2024,국어국문학과,학생부종합(지역인재),학생부종합,3,13
135,2024,영어영문학과,학생부교과(교과성적우수자),학생부교과,14,102
135,2024,영어영문학과,학생부종합(서류면접),학생부종합,9,75
135,2024,영어영문학과,학생부종합(지역인재),학생부종합,11,34
135,2024,역사문화학부,학생부교과(교과성적우수자),학생부교과,23,123
135,2024,역사문화학부,학생부교과(지역인재),학생부교과,6,20
135,2024,역사문화학부,학생부종합(서류면접),학생부종합,7,47
135,2024,역사문화학부,학생부종합(지역인재),학생부종합,10,64
135,2024,경찰행정학과,학생부교과(교과성적우수자),학생부교과,21,215
135,2024,경찰행정학과,학생부종합(서류면접),학생부종합,20,204
135,2024,경찰행정학과,학생부교과(기회균형),학생부교과,4,19
135,2024,소방행정학과,학생부교과(교과성적우수자),학생부교과,10,85
135,2024,소방행정학과,학생부교과(지역인재),학생부교과,11,38
135,2024,소방행정학과,학생부종합(서류면접),학생부종합,18,184
135,2024,소방행정학과,학생부종합(지역인재),학생부종합,14,49
135,2024,행정언론학부,학생부교과(교과성적우수자),학생부교과,23,85
135,2024,행정언론학부,학생부교과(지역인재),학생부교과,3,19
135,2024,행정언론학부,학생부종합(서류면접),학생부종합,15,74
135,2024,경영학부,학생부교과(교과성적우수자),학생부교과,21,176
135,2024,경영학부,학생부교과(지역인재),학생부교과,13,86
135,2024,경영학부,학생부종합(서류면접),학생부종합,9,45
135,2024,경제금융학과,학생부교과(교과성적우수자),학생부교과,30,273
135,2024,경제금융학과,학생부교과(지역인재),학생부교과,11,90
135,2024,경제금융학과,학생부종합(서류면접),학생부종합,19,203
135,2024,사회복지학부,학생부교과(교과성적우수자),학생부교과,12,65
135,2024,사회복지학부,학생부교과(지역인재),학생부교과,13,38
135,2024,사회복지학부,학생부종합(서류면접),학생부종합,15,79
135,2024,사회복지학부,학생부종합(지역인재),학생부종합,10,39
135,2024,사회복지학부,학생부교과(기회균형),학생부교과,2,5
135,2024,유아교육과,학생부교과(교과성적우수자),학생부교과,11,70
135,2024,유아교육과,학생부교과(지역인재),학생부교과,9,63
135,2024,유아교육과,학생부종합(서류면접),학생부종합,11,106
135,2024,유아교육과,학생부종합(지역인재),학생부종합,4,20
135,2024,유아교육과,학생부교과(기회균형),학생부교과,2,6
135,2024,수학정보통계학과,학생부교과(교과성적우수자),학생부교과,29,224
135,2024,수학정보통계학과,학생부종합(서류면접),학생부종합,13,93
135,2024,수학정보통계학과,학생부종합(지역인재),학생부종합,14,51
135,2024,화학융합학부,학생부종합(서류면접),학생부종합,7,25
135,2024,화학융합학부,학생부종합(지역인재),학생부종합,3,23
135,2024,생명과학부,학생부교과(교과성적우수자),학생부교과,26,231
135,2024,생명과학부,학생부종합(서류면접),학생부종합,13,152
135,2024,생명과학부,학생부종합(지역인재),학생부종합,13,56
135,2024,생명과학부,학생부교과(기회균형),학생부교과,2,5
135,2024,기계공학과,학생부교과(교과성적우수자),학생부교과,10,101
135,2024,기계공학과,학생부교과(지역인재),학생부교과,8,31
135,2024,기계공학과,학생부종합(서류면접),학생부종합,20,236
135,2024,기계공학과,학생부종합(지역인재),학생부종합,5,12
135,2024,기계공학과,학생부교과(기회균형),학생부교과,4,12
135,2024,전기공학과,학생부교과(교과성적우수자),학생부교과,20,106
135,2024,전기공학과,학생부교과(지역인재),학생부교과,9,27
135,2024,전기공학과,학생부종합(서류면접),학생부종합,17,191
135,2024,전기공학과,학생부종합(지역인재),학생부종합,10,52
135,2024,전기공학과,학생부교과(기회균형),학생부교과,4,14
135,2024,전자공학과,학생부교과(교과성적우수자),학생부교과,15,126
135,2024,전자공학과,학생부교과(지역인재),학생부교과,4,13
135,2024,전자공학과,학생부종합(서류면접),학생부종합,11,72
135,2024,전자공학과,학생부교과(기회균형),학생부교과,2,6
135,2024,컴퓨터소프트웨어공학과,학생부교과(교과성적우수자),학생부교과,24,109
135,2024,컴퓨터소프트웨어공학과,학생부교과(지역인재),학생부교과,14,96
135,2024,컴퓨터소프트웨어공학과,학생부종합(서류면접),학생부종합,16,175
135,2024,컴퓨터소프트웨어공학과,학생부종합(지역인재),학생부종합,6,24
135,2024,컴퓨터소프트웨어공학과,학생부교과(기회균형),학생부교과,1,7
135,2024,게임콘텐츠학과,학생부교과(지역인재),학생부교과,8,25
135,2024,게임콘텐츠학과,학생부종합(서류면접),학생부종합,18,61
135,2024,게임콘텐츠학과,학생부종합(지역인재),학생부종합,5,38
135,2024,게임콘텐츠학과,학생부교과(기회균형),학생부교과,4,23
135,2024,건축공학과,학생부교과(교과성적우수자),학생부교과,28,233
135,2024,건축공학과,학생부종합(서류면접),학생부종합,6,59
135,2024,건축공학과,학생부종합(지역인재),학생부종합,5,33
135,2024,토목환경공학과,학생부교과(교과성적우수자),학생부교과,11,39
135,2024,토목환경공학과,학생부교과(지역인재),학생부교과,11,61
135,2024,토목환경공학과,학생부종합(서류면접),학생부종합,10,44
135,2024,토목환경공학과,학생부종합(지역인재),학생부종합,14,103
135,2024,식품생명공학과,학생부교과(교과성적우수자),학생부교과,18,88
135,2024,식품생명공학과,학생부교과(지역인재),학생부교과,9,45
135,2024,식품생명공학과,학생부종합(서류면접),학생부종합,9,118
135,2024,식품생명공학과,학생부교과(기회균형),학생부교과,4,21
135,2024,의예과,학생부교과(교과성적우수자),학생부교과,13,325
135,2024,의예과,학생부종합(서류면접),학생부종합,7,146
135,2024,의예과,학생부종합(지역인재),학생부종합,5,66
135,2024,한의예과,학생부교과(교과성적우수자),학생부교과,8,65
135,2024,한의예과,학생부교과(지역인재),학생부교과,5,35
135,2024,한의예과,학생부종합(서류면접),학생부종합,13,224
135,2024,한의예과,학생부종합(지역인재),학생부종합,6,89
135,2024,치의예과,학생부교과(교과성적우수자),학생부교과,14,136
135,2024,치의예과,학생부종합(서류면접),학생부종합,6,150
135,2024,치의예과,학생부종합(지역인재),학생부종합,3,16
135,2024,치의예과,학생부교과(기회균형),학생부교과,4,30
135,2024,약학과,학생부교과(교과성적우수자),학생부교과,11,214
135,2024,약학과,학생부교과(지역인재),학생부교과,3,42
135,2024,약학과,학생부종합(서류면접),학생부종합,8,110
135,2024,약학과,학생부종합(지역인재),학생부종합,11,92
135,2024,약학과,학생부교과(기회균형),학생부교과,1,10
135,2024,간호학과,학생부교과(교과성적우수자),학생부교과,17,74
135,2024,간호학과,학생부종합(서류면접),학생부종합,13,164
135,2024,간호학과,학생부종합(지역인재),학생부종합,7,39
135,2024,간호학과,학생부교과(기회균형),학생부교과,3,15
135,2024,임상병리학과,학생부교과(교과성적우수자),학생부교과,24,107
135,2024,임상병리학과,학생부교과(지역인재),학생부교과,6,17
135,2024,임상병리학과,학생부종합(서류면접),학생부종합,11,35
135,2024,임상병리학과,학생부교과(기회균형),학생부교과,3,5
135,2024,스포츠과학부,실기/실적(실기),실기/실적,10,75
135,2024,디자인학부,실기/실적(실기),실기/실적,16,62
135,2025,원불교학과,학생부교과(교과성적우수자),학생부교과,11,80
135,2025,원불교학과,학생부교과(지역인재),학생부교과,7,42
135,2025,원불교학과,학생부종합(서류면접),학생부종합,4,29
135,2025,원불교학과,학생부종합(지역인재),학생부종합,12,38
135,2025,원불교학과,학생부교과(기회균형),학생부교과,1,2
135,2025,국어국문학과,학생부교과(교과성적우수자),학생부교과,19,86
135,2025,국어국문학과,학생부교과(지역인재),학생부교과,13,40
135,2025,국어국문학과,학생부종합(서류면접),학생부종합,6,13
135,2025,국어국문학과,학생부종합(지역인재),학생부종합,2,12
135,2025,영어영문학과,학생부교과(교과성적우수자),학생부교과,11,59
135,2025,영어영문학과,학생부종합(서류면접),학생부종합,9,63
135,2025,영어영문학과,학생부종합(지역인재),학생부종합,11,42
135,2025,역사문화학부,학생부교과(교과성적우수자),학생부교과,23,139
135,2025,역사문화학부,학생부교과(지역인재),학생부교과,6,21
135,2025,역사문화학부,학생부종합(서류면접),학생부종합,7,47
135,2025,역사문화학부,학생부종합(지역인재),학생부종합,9,57
135,2025,경찰행정학과,학생부교과(교과성적우수자),학생부교과,21,159
135,2025,경찰행정학과,학생부종합(서류면접),학생부종합,18,140
135,2025,경찰행정학과,학생부교과(기회균형),학생부교과,4,21
135,2025,소방행정학과,학생부교과(교과성적우수자),학생부교과,10,74
135,2025,소방행정학과,학생부교과(지역인재),학생부교과,11,27
135,2025,소방행정학과,학생부종합(서류면접),학생부종합,18,212
135,2025,소방행정학과,학생부종합(지역인재),학생부종합,14,51
135,2025,행정언론학부,학생부교과(교과성적우수자),학생부교과,23,83
135,2025,행정언론학부,학생부교과(지역인재),학생부교과,2,10
135,2025,행정언론학부,학생부종합(서류면접),학생부종합,15,66
135,2025,경영학부,학생부교과(교과성적우수자),학생부교과,21,206
135,2025,경영학부,학생부교과(지역인재),학생부교과,15,84
135,2025,경영학부,학생부종합(서류면접),학생부종합,9,36
135,2025,경제금융학과,학생부교과(교과성적우수자),학생부교과,30,248
135,2025,경제금융학과,학생부교과(지역인재),학생부교과,11,92
135,2025,경제금융학과,학생부종합(서류면접),학생부종합,19,190
135,2025,사회복지학부,학생부교과(교과성적우수자),학생부교과,12,90
135,2025,사회복지학부,학생부교과(지역인재),학생부교과,10,29
135,2025,사회복지학부,학생부종합(서류면접),학생부종합,15,78
135,2025,사회복지학부,학생부종합(지역인재),학생부종합,10,41
135,2025,사회복지학부,학생부교과(기회균형),학생부교과,3,7
135,2025,유아교육과,학생부교과(교과성적우수자),학생부교과,11,83
135,2025,유아교육과,학생부교과(지역인재),학생부교과,9,82
135,2025,유아교육과,학생부종합(서류면접),학생부종합,11,102
135,2025,유아교육과,학생부종합(지역인재),학생부종합,3,14
135,2025,유아교육과,학생부교과(기회균형),학생부교과,1,3
135,2025,수학정보통계학과,학생부교과(교과성적우수자),학생부교과,29,179
135,2025,수학정보통계학과,학생부교과(지역인재),학생부교과,5,22
135,2025,수학정보통계학과,학생부종합(서류면접),학생부종합,13,90
135,2025,수학정보통계학과,학생부종합(지역인재),학생부종합,15,65
135,2025,화학융합학부,학생부종합(서류면접),학생부종합,8,31
135,2025,화학융합학부,학생부종합(지역인재),학생부종합,3,21
135,2025,생명과학부,학생부교과(교과성적우수자),학생부교과,31,212
135,2025,생명과학부,학생부종합(서류면접),학생부종합,13,97
135,2025,생명과학부,학생부종합(지역인재),학생부종합,13,55
135,2025,생명과학부,학생부교과(기회균형),학생부교과,2,5
135,2025,기계공학과,학생부교과(교과성적우수자),학생부교과,9,80
135,2025,기계공학과,학생부교과(지역인재),학생부교과,8,37
135,2025,기계공학과,학생부종합(서류면접),학생부종합,20,209
135,2025,기계공학과,학생부종합(지역인재),학생부종합,6,18
135,2025,기계공학과,학생부교과(기회균형),학생부교과,4,14
135,2025,전기공학과,학생부교과(교과성적우수자),학생부교과,18,110
135,2025,전기공학과,학생부교과(지역인재),학생부교과,10,36
135,2025,전기공학과,학생부종합(서류면접),학생부종합,16,158
135,2025,전기공학과,학생부종합(지역인재),학생부종합,12,60
135,2025,전기공학과,학생부교과(기회균형),학생부교과,4,14
135,2025,전자공학과,학생부교과(교과성적우수자),학생부교과,15,108
135,2025,전자공학과,학생부교과(지역인재),학생부교과,4,12
135,2025,전자공학과,학생부종합(서류면접),학생부종합,11,67
135,2025,전자공학과,학생부종합(지역인재),학생부종합,9,39
135,2025,전자공학과,학생부교과(기회균형),학생부교과,3,9
135,2025,컴퓨터소프트웨어공학과,학생부교과(교과성적우수자),학생부교과,24,94
135,2025,컴퓨터소프트웨어공학과,학생부교과(지역인재),학생부교과,14,104
135,2025,컴퓨터소프트웨어공학과,학생부종합(서류면접),학생부종합,15,160
135,2025,컴퓨터소프트웨어공학과,학생부종합(지역인재),학생부종합,6,19
135,2025,컴퓨터소프트웨어공학과,학생부교과(기회균형),학생부교과,1,5
135,2025,게임콘텐츠학과,학생부교과(교과성적우수자),학생부교과,10,62
135,2025,게임콘텐츠학과,학생부교과(지역인재),학생부교과,9,24
135,2025,게임콘텐츠학과,학생부종합(서류면접),학생부종합,18,50
135,2025,게임콘텐츠학과,학생부종합(지역인재),학생부종합,5,35
135,2025,게임콘텐츠학과,학생부교과(기회균형),학생부교과,4,17
135,2025,건축공학과,학생부교과(교과성적우수자),학생부교과,28,204
135,2025,건축공학과,학생부종합(서류면접),학생부종합,6,48
135,2025,건축공학과,학생부종합(지역인재),학생부종합,5,37
135,2025,토목환경공학과,학생부교과(교과성적우수자),학생부교과,11,40
135,2025,토목환경공학과,학생부교과(지역인재),학생부교과,11,68
135,2025,토목환경공학과,학생부종합(서류면접),학생부종합,10,44
135,2025,토목환경공학과,학생부종합(지역인재),학생부종합,14,98
135,2025,식품생명공학과,학생부교과(교과성적우수자),학생부교과,18,76
135,2025,식품생명공학과,학생부교과(지역인재),학생부교과,8,37
135,2025,식품생명공학과,학생부종합(서류면접),학생부종합,11,102
135,2025,식품생명공학과,학생부교과(기회균형),학생부교과,5,28
135,2025,의예과,학생부교과(교과성적우수자),학생부교과,13,279
135,2025,의예과,학생부교과(지역인재),학생부교과,6,107
135,2025,의예과,학생부종합(서류면접),학생부종합,8,195
135,2025,의예과,학생부종합(지역인재),학생부종합,5,60
135,2025,의예과,학생부교과(기회균형),학생부교과,1,14
135,2025,한의예과,학생부교과(교과성적우수자),학생부교과,8,54
135,2025,한의예과,학생부교과(지역인재),학생부교과,5,28
135,2025,한의예과,학생부종합(서류면접),학생부종합,11,252
135,2025,한의예과,학생부종합(지역인재),학생부종합,7,84
135,2025,치의예과,학생부교과(교과성적우수자),학생부교과,14,171
135,2025,치의예과,학생부종합(서류면접),학생부종합,5,95
135,2025,치의예과,학생부종합(지역인재),학생부종합,2,9
135,2025,치의예과,학생부교과(기회균형),학생부교과,4,29
135,2025,약학과,학생부교과(교과성적우수자),학생부교과,9,138
135,2025,약학과,학생부교과(지역인재),학생부교과,3,42
135,2025,약학과,학생부종합(서류면접),학생부종합,7,77
135,2025,약학과,학생부종합(지역인재),학생부종합,11,67
135,2025,약학과,학생부교과(기회균형),학생부교과,1,8
135,2025,간호학과,학생부교과(교과성적우수자),학생부교과,17,82
135,2025,간호학과,학생부종합(서류면접),학생부종합,10,150
135,2025,간호학과,학생부종합(지역인재),학생부종합,8,43
135,2025,간호학과,학생부교과(기회균형),학생부교과,2,9
135,2025,임상병리학과,학생부교과(교과성적우수자),학생부교과,24,97
135,2025,임상병리학과,학생부교과(지역인재),학생부교과,6,20
135,2025,임상병리학과,학생부종합(서류면접),학생부종합,11,37
135,2025,임상병리학과,학생부종합(지역인재),학생부종합,3,6
135,2025,임상병리학과,학생부교과(기회균형),학생부교과,2,5
135,2025,스포츠과학부,실기/실적(실기),실기/실적,10,57
135,2025,디자인학부,실기/실적(실기),실기/실적,14,60
135,2025,반도체디스플레이학부,학생부교과(지역인재),학생부교과,5,49
135,2025,반도체디스플레이학부,학생부종합(서류면접),학생부종합,17,92
135,2025,반도체디스플레이학부,학생부교과(기회균형),학생부교과,1,3
135,2026,원불교학과,학생부교과(교과성적우수자),학생부교과,11,58
135,2026,원불교학과,학생부교과(지역인재),학생부교과,7,32
135,2026,원불교학과,학생부종합(서류면접),학생부종합,5,32
135,2026,원불교학과,학생부종합(지역인재),학생부종합,12,43
135,2026,원불교학과,학생부교과(기회균형),학생부교과,2,4
135,2026,국어국문학과,학생부교과(교과성적우수자),학생부교과,22,75
135,2026,국어국문학과,학생부교과(지역인재),학생부교과,13,33
135,2026,국어국문학과,학생부종합(서류면접),학생부종합,6,11
135,2026,국어국문학과,학생부종합(지역인재),학생부종합,2,11
135,2026,영어영문학과,학생부교과(교과성적우수자),학생부교과,11,62
135,2026,영어영문학과,학생부종합(서류면접),학생부종합,9,55
135,2026,영어영문학과,학생부종합(지역인재),학생부종합,11,26
135,2026,역사문화학부,학생부교과(교과성적우수자),학생부교과,26,125
135,2026,역사문화학부,학생부교과(지역인재),학생부교과,6,20
135,2026,역사문화학부,학생부종합(서류면접),학생부종합,7,44
135,2026,역사문화학부,학생부종합(지역인재),학생부종합,9,46
135,2026,경찰행정학과,학생부교과(교과성적우수자),학생부교과,18,175
135,2026,경찰행정학과,학생부종합(서류면접),학생부종합,18,163
135,2026,경찰행정학과,학생부교과(기회균형),학생부교과,5,22
135,2026,소방행정학과,학생부교과(교과성적우수자),학생부교과,10,60
135,2026,소방행정학과,학생부교과(지역인재),학생부교과,11,33
135,2026,소방행정학과,학생부종합(서류면접),학생부종합,22,212
135,2026,소방행정학과,학생부종합(지역인재),학생부종합,14,48
135,2026,행정언론학부,학생부교과(교과성적우수자),학생부교과,23,61
135,2026,행정언론학부,학생부교과(지역인재),학생부교과,2,10
135,2026,행정언론학부,학생부종합(서류면접),학생부종합,12,62
135,2026,경영학부,학생부교과(교과성적우수자),학생부교과,21,167
135,2026,경영학부,학생부교과(지역인재),학생부교과,15,101
135,2026,경영학부,학생부종합(서류면접),학생부종합,9,37
135,2026,경제금융학과,학생부교과(교과성적우수자),학생부교과,30,226
135,2026,경제금융학과,학생부종합(서류면접),학생부종합,16,161
135,2026,사회복지학부,학생부교과(교과성적우수자),학생부교과,14,78
135,2026,사회복지학부,학생부종합(서류면접),학생부종합,17,71
135,2026,사회복지학부,학생부종합(지역인재),학생부종합,10,35
135,2026,사회복지학부,학생부교과(기회균형),학생부교과,3,5
135,2026,유아교육과,학생부교과(교과성적우수자),학생부교과,10,57
135,2026,유아교육과,학생부교과(지역인재),학생부교과,10,59
135,2026,유아교육과,학생부종합(서류면접),학생부종합,11,71
135,2026,유아교육과,학생부종합(지역인재),학생부종합,4,12
135,2026,유아교육과,학생부교과(기회균형),학생부교과,1,4
135,2026,수학정보통계학과,학생부교과(교과성적우수자),학생부교과,29,179
135,2026,수학정보통계학과,학생부교과(지역인재),학생부교과,6,22
135,2026,수학정보통계학과,학생부종합(서류면접),학생부종합,13,111
135,2026,수학정보통계학과,학생부종합(지역인재),학생부종합,15,38
135,2026,화학융합학부,학생부종합(서류면접),학생부종합,8,27
135,2026,화학융합학부,학생부종합(지역인재),학생부종합,2,12
135,2026,생명과학부,학생부교과(교과성적우수자),학생부교과,28,176
135,2026,생명과학부,학생부종합(서류면접),학생부종합,13,132
135,2026,생명과학부,학생부종합(지역인재),학생부종합,13,42
135,2026,생명과학부,학생부교과(기회균형),학생부교과,1,2
135,2026,기계공학과,학생부교과(교과성적우수자),학생부교과,9,58
135,2026,기계공학과,학생부교과(지역인재),학생부교과,8,30
135,2026,기계공학과,학생부종합(서류면접),학생부종합,20,190
135,2026,기계공학과,학생부종합(지역인재),학생부종합,6,17
135,2026,기계공학과,학생부교과(기회균형),학생부교과,3,9
135,2026,전기공학과,학생부교과(교과성적우수자),학생부교과,18,88
135,2026,전기공학과,학생부교과(지역인재),학생부교과,10,25
135,2026,전기공학과,학생부종합(서류면접),학생부종합,17,162
135,2026,전기공학과,학생부종합(지역인재),학생부종합,13,71
135,2026,전기공학과,학생부교과(기회균형),학생부교과,5,17
135,2026,전자공학과,학생부교과(교과성적우수자),학생부교과,15,71
135,2026,전자공학과,학생부교과(지역인재),학생부교과,4,8
135,2026,전자공학과,학생부종합(서류면접),학생부종합,11,59
135,2026,전자공학과,학생부종합(지역인재),학생부종합,10,33
135,2026,전자공학과,학생부교과(기회균형),학생부교과,3,10
135,2026,컴퓨터소프트웨어공학과,학생부교과(교과성적우수자),학생부교과,29,97
135,2026,컴퓨터소프트웨어공학과,학생부교과(지역인재),학생부교과,13,103
135,2026,컴퓨터소프트웨어공학과,학생부종합(서류면접),학생부종합,15,184
135,2026,컴퓨터소프트웨어공학과,학생부종합(지역인재),학생부종합,6,21
135,2026,컴퓨터소프트웨어공학과,학생부교과(기회균형),학생부교과,1,5
135,2026,게임콘텐츠학과,학생부교과(교과성적우수자),학생부교과,9,42
135,2026,게임콘텐츠학과,학생부교과(지역인재),학생부교과,11,23
135,2026,게임콘텐츠학과,학생부종합(서류면접),학생부종합,18,56
135,2026,게임콘텐츠학과,학생부종합(지역인재),학생부종합,5,27
135,2026,게임콘텐츠학과,학생부교과(기회균형),학생부교과,4,21
135,2026,건축공학과,학생부교과(교과성적우수자),학생부교과,28,145
135,2026,건축공학과,학생부종합(서류면접),학생부종합,5,44
135,2026,건축공학과,학생부종합(지역인재),학생부종합,5,38
135,2026,토목환경공학과,학생부교과(교과성적우수자),학생부교과,13,41
135,2026,토목환경공학과,학생부교과(지역인재),학생부교과,11,45
135,2026,토목환경공학과,학생부종합(서류면접),학생부종합,11,43
135,2026,토목환경공학과,학생부종합(지역인재),학생부종합,14,76
135,2026,식품생명공학과,학생부교과(교과성적우수자),학생부교과,14,56
135,2026,식품생명공학과,학생부교과(지역인재),학생부교과,9,42
135,2026,식품생명공학과,학생부종합(서류면접),학생부종합,9,70
135,2026,식품생명공학과,학생부교과(기회균형),학생부교과,5,18
135,2026,의예과,학생부교과(교과성적우수자),학생부교과,15,273
135,2026,의예과,학생부교과(지역인재),학생부교과,6,82
135,2026,의예과,학생부종합(서류면접),학생부종합,8,176
135,2026,의예과,학생부종합(지역인재),학생부종합,5,58
135,2026,의예과,학생부교과(기회균형),학생부교과,1,10
135,2026,한의예과,학생부교과(교과성적우수자),학생부교과,10,67
135,2026,한의예과,학생부교과(지역인재),학생부교과,5,31
135,2026,한의예과,학생부종합(서류면접),학생부종합,11,200
135,2026,한의예과,학생부종합(지역인재),학생부종합,7,83
135,2026,치의예과,학생부교과(교과성적우수자),학생부교과,14,137
135,2026,치의예과,학생부종합(서류면접),학생부종합,5,105
135,2026,치의예과,학생부종합(지역인재),학생부종합,3,18
135,2026,치의예과,학생부교과(기회균형),학생부교과,4,24
135,2026,약학과,학생부교과(교과성적우수자),학생부교과,9,116
135,2026,약학과,학생부교과(지역인재),학생부교과,3,28
135,2026,약학과,학생부종합(서류면접),학생부종합,8,63
135,2026,약학과,학생부종합(지역인재),학생부종합,11,69
135,2026,약학과,학생부교과(기회균형),학생부교과,1,8
135,2026,간호학과,학생부교과(교과성적우수자),학생부교과,17,70
135,2026,간호학과,학생부종합(서류면접),학생부종합,10,138
135,2026,간호학과,학생부종합(지역인재),학생부종합,9,33
135,2026,간호학과,학생부교과(기회균형),학생부교과,2,6
135,2026,임상병리학과,학생부교과(교과성적우수자),학생부교과,24,130
135,2026,임상병리학과,학생부교과(지역인재),학생부교과,7,21
135,2026,임상병리학과,학생부종합(서류면접),학생부종합,10,29
135,2026,임상병리학과,학생부종합(지역인재),학생부종합,3,7
135,2026,임상병리학과,학생부교과(기회균형),학생부교과,2,3
135,2026,스포츠과학부,실기/실적(실기),실기/실적,10,57
135,2026,디자인학부,실기/실적(실기),실기/실적,14,54
135,2026,반도체디스플레이학부,학생부교과(지역인재),학생부교과,5,31
135,2026,반도체디스플레이학부,학생부종합(서류면접),학생부종합,17,94
135,2026,반도체디스플레이학부,학생부교과(기회균형),학생부교과,1,3
143,2024,기계공학과,학생부교과(지역균형),학생부교과,8,90
143,2024,기계공학과,학생부종합(인하미래인재),학생부종합,21,170
143,2024,기계공학과,학생부종합(고른기회),학생부종합,3,26
143,2024,기계공학과,학생부종합(농어촌학생),학생부종합,3,32
143,2024,항공우주공학과,학생부종합(인하미래인재),학생부종합,5,68
143,2024,항공우주공학과,학생부종합(인하참인재),학생부종합,4,49
143,2024,항공우주공학과,학생부종합(고른기회),학생부종합,3,19
143,2024,조선해양공학과,학생부교과(지역균형),학생부교과,19,198
143,2024,조선해양공학과,학생부종합(인하미래인재),학생부종합,13,134
143,2024,조선해양공학과,학생부종합(인하참인재),학생부종합,9,52
143,2024,산업경영공학과,학생부교과(지역균형),학생부교과,6,87
143,2024,산업경영공학과,학생부종합(인하미래인재),학생부종합,9,112
143,2024,산업경영공학과,학생부종합(고른기회),학생부종합,1,10
143,2024,화학공학과,학생부교과(지역균형),학생부교과,20,211
143,2024,화학공학과,학생부종합(인하미래인재),학생부종합,14,320
143,2024,화학공학과,학생부종합(인하참인재),학생부종합,4,42
143,2024,화학공학과,논술(논술우수자),논술,6,199
143,2024,화학공학과,학생부종합(농어촌학생),학생부종합,3,22
143,2024,고분자공학과,학생부교과(지역균형),학생부교과,6,80
143,2024,고분자공학과,학생부종합(인하미래인재),학생부종합,20,229
143,2024,고분자공학과,학생부종합(고른기회),학생부종합,3,12
143,2024,고분자공학과,학생부종합(농어촌학생),학생부종합,2,11
143,2024,신소재공학과,학생부교과(지역균형),학생부교과,17,246
143,2024,신소재공학과,학생부종합(인하미래인재),학생부종합,10,231
143,2024,신소재공학과,논술(논술우수자),논술,9,310
143,2024,신소재공학과,학생부종합(농어촌학생),학생부종합,3,23
143,2024,사회인프라공학과,학생부교과(지역균형),학생부교과,9,166
143,2024,사회인프라공학과,학생부종합(인하미래인재),학생부종합,12,142
143,2024,사회인프라공학과,논술(논술우수자),논술,9,433
143,2024,사회인프라공학과,학생부종합(고른기회),학생부종합,3,20
143,2024,환경공학과,학생부교과(지역균형),학생부교과,8,85
143,2024,환경공학과,학생부종합(인하미래인재),학생부종합,16,350
143,2024,환경공학과,학생부종합(인하참인재),학생부종합,10,86
143,2024,환경공학과,학생부종합(고른기회),학생부종합,2,10
143,2024,환경공학과,학생부종합(농어촌학생),학생부종합,2,17
143,2024,공간정보공학과,학생부교과(지역균형),학생부교과,7,65
143,2024,공간정보공학과,학생부종합(인하미래인재),학생부종합,22,400
143,2024,공간정보공학과,논술(논술우수자),논술,10,473
143,2024,공간정보공학과,학생부종합(고른기회),학생부종합,3,25
143,2024,공간정보공학과,학생부종합(농어촌학생),학생부종합,1,7
143,2024,건축학부,학생부교과(지역균형),학생부교과,15,106
143,2024,건축학부,학생부종합(인하미래인재),학생부종합,18,354
143,2024,건축학부,학생부종합(고른기회),학생부종합,3,24
143,2024,건축학부,학생부종합(농어촌학생),학생부종합,2,13
143,2024,에너지자원공학과,학생부종합(인하미래인재),학생부종합,22,211
143,2024,에너지자원공학과,학생부종합(인하참인재),학생부종합,5,75
143,2024,에너지자원공학과,논술(논술우수자),논술,6,297
143,2024,에너지자원공학과,학생부종합(농어촌학생),학생부종합,3,13
143,2024,전기공학과,학생부교과(지역균형),학생부교과,18,196
143,2024,전기공학과,학생부종합(인하미래인재),학생부종합,21,378
143,2024,전기공학과,논술(논술우수자),논술,6,431
143,2024,전자공학과,학생부종합(인하미래인재),학생부종합,17,244
143,2024,정보통신공학과,학생부교과(지역균형),학생부교과,20,198
143,2024,정보통신공학과,학생부종합(인하미래인재),학생부종합,20,389
143,2024,정보통신공학과,논술(논술우수자),논술,12,418
143,2024,정보통신공학과,학생부종합(고른기회),학생부종합,4,28
143,2024,컴퓨터공학과,학생부교과(지역균형),학생부교과,16,237
143,2024,컴퓨터공학과,학생부종합(인하미래인재),학생부종합,19,499
143,2024,컴퓨터공학과,학생부종합(농어촌학생),학생부종합,1,5
143,2024,인공지능공학과,학생부교과(지역균형),학생부교과,17,221
143,2024,인공지능공학과,학생부종합(인하미래인재),학생부종합,18,338
143,2024,인공지능공학과,학생부종합(인하참인재),학생부종합,9,71
143,2024,수학과,학생부종합(인하미래인재),학생부종합,12,105
143,2024,수학과,논술(논술우수자),논술,8,410
143,2024,수학과,학생부종합(고른기회),학생부종합,2,14
143,2024,통계학과,학생부교과(지역균형),학생부교과,17,143
143,2024,통계학과,학생부종합(인하미래인재),학생부종합,8,84
143,2024,통계학과,학생부종합(고른기회),학생부종합,3,18
143,2024,물리학과,학생부교과(지역균형),학생부교과,6,59
143,2024,물리학과,학생부종합(인하미래인재),학생부종합,10,160
143,2024,물리학과,학생부종합(인하참인재),학생부종합,4,49
143,2024,화학과,학생부교과(지역균형),학생부교과,7,81
143,2024,화학과,학생부종합(인하미래인재),학생부종합,20,210
143,2024,화학과,학생부종합(인하참인재),학생부종합,10,87
143,2024,화학과,논술(논술우수자),논술,6,321
143,2024,해양과학과,학생부교과(지역균형),학생부교과,13,152
143,2024,해양과학과,학생부종합(인하미래인재),학생부종합,12,108
143,2024,해양과학과,학생부종합(인하참인재),학생부종합,5,60
143,2024,해양과학과,논술(논술우수자),논술,14,653
143,2024,해양과학과,학생부종합(농어촌학생),학생부종합,1,8
143,2024,식품영양학과,학생부교과(지역균형),학생부교과,19,136
143,2024,식품영양학과,학생부종합(인하미래인재),학생부종합,19,387
143,2024,식품영양학과,학생부종합(인하참인재),학생부종합,3,28
143,2024,식품영양학과,논술(논술우수자),논술,5,333
143,2024,식품영양학과,학생부종합(고른기회),학생부종합,4,32
143,2024,경영학과,학생부교과(지역균형),학생부교과,14,112
143,2024,경영학과,학생부종합(인하미래인재),학생부종합,22,333
143,2024,경영학과,학생부종합(인하참인재),학생부종합,4,64
143,2024,글로벌금융학과,학생부교과(지역균형),학생부교과,11,69
143,2024,글로벌금융학과,학생부종합(인하미래인재),학생부종합,21,481
143,2024,글로벌금융학과,학생부종합(인하참인재),학생부종합,9,57
143,2024,글로벌금융학과,논술(논술우수자),논술,6,204
143,2024,아태물류학부,학생부교과(지역균형),학생부교과,20,313
143,2024,아태물류학부,학생부종합(인하미래인재),학생부종합,21,367
143,2024,아태물류학부,학생부종합(인하참인재),학생부종합,7,101
143,2024,아태물류학부,학생부종합(농어촌학생),학생부종합,3,15
143,2024,국제통상학과,학생부교과(지역균형),학생부교과,13,85
143,2024,국제통상학과,학생부종합(인하미래인재),학생부종합,12,186
143,2024,국제통상학과,학생부종합(인하참인재),학생부종합,7,113
143,2024,국제통상학과,논술(논술우수자),논술,13,707
143,2024,행정학과,학생부교과(지역균형),학생부교과,19,230
143,2024,행정학과,학생부종합(인하미래인재),학생부종합,13,242
143,2024,행정학과,학생부종합(인하참인재),학생부종합,5,47
143,2024,행정학과,논술(논술우수자),논술,7,378
143,2024,행정학과,학생부종합(고른기회),학생부종합,3,21
143,2024,정치외교학과,학생부교과(지역균형),학생부교과,16,171
143,2024,정치외교학과,학생부종합(인하미래인재),학생부종합,21,366
143,2024,정치외교학과,학생부종합(고른기회),학생부종합,3,12
143,2024,미디어커뮤니케이션학과,학생부교과(지역균형),학생부교과,15,196
143,2024,미디어커뮤니케이션학과,학생부종합(인하미래인재),학생부종합,14,167
143,2024,미디어커뮤니케이션학과,학생부종합(인하참인재),학생부종합,6,62
143,2024,미디어커뮤니케이션학과,논술(논술우수자),논술,6,241
143,2024,경제학과,학생부교과(지역균형),학생부교과,13,199
143,2024,경제학과,학생부종합(인하미래인재),학생부종합,17,192
143,2024,경제학과,학생부종합(고른기회),학생부종합,2,20
143,2024,경제학과,학생부종합(농어촌학생),학생부종합,2,16
143,2024,국어국문학과,학생부교과(지역균형),학생부교과,13,68
143,2024,국어국문학과,학생부종합(인하미래인재),학생부종합,6,69
143,2024,국어국문학과,학생부종합(인하참인재),학생부종합,9,79
143,2024,영어영문학과,학생부교과(지역균형),학생부교과,15,149
143,2024,영어영문학과,학생부종합(인하미래인재),학생부종합,7,116
143,2024,영어영문학과,학생부종합(인하참인재),학생부종합,7,69
143,2024,영어영문학과,학생부종합(고른기회),학생부종합,2,7
143,2024,영어영문학과,학생부종합(농어촌학생),학생부종합,1,4
143,2024,의예과,학생부교과(지역균형),학생부교과,10,283
143,2024,의예과,학생부종합(인하미래인재),학생부종합,15,349
143,2024,의예과,학생부종합(인하참인재),학생부종합,3,74
143,2024,의예과,학생부종합(고른기회),학생부종합,4,102
143,2024,간호학과,학생부교과(지역균형),학생부교과,14,285
143,2024,간호학과,학생부종합(인하미래인재),학생부종합,9,246
143,2024,스포츠과학과,실기/실적(실기·실적),실기/실적,23,152
143,2024,디자인융합학과,실기/실적(실기·실적),실기/실적,8,52
143,2025,기계공학과,학생부교과(지역균형),학생부교과,8,88
143,2025,기계공학과,학생부종합(인하미래인재),학생부종합,21,192
143,2025,기계공학과,학생부종합(고른기회),학생부종합,3,33
143,2025,기계공학과,학생부종합(농어촌학생),학생부종합,3,22
143,2025,항공우주공학과,학생부종합(인하미래인재),학생부종합,4,65
143,2025,항공우주공학과,학생부종합(인하참인재),학생부종합,4,39
143,2025,항공우주공학과,학생부종합(고른기회),학생부종합,3,25
143,2025,조선해양공학과,학생부교과(지역균형),학생부교과,22,249
143,2025,조선해양공학과,학생부종합(인하미래인재),학생부종합,13,134
143,2025,조선해양공학과,학생부종합(인하참인재),학생부종합,9,61
143,2025,산업경영공학과,학생부교과(지역균형),학생부교과,6,105
143,2025,산업경영공학과,학생부종합(인하미래인재),학생부종합,8,112
143,2025,산업경영공학과,학생부종합(고른기회),학생부종합,1,11
143,2025,화학공학과,학생부교과(지역균형),학생부교과,23,304
143,2025,화학공학과,학생부종합(인하미래인재),학생부종합,13,257
143,2025,화학공학과,학생부종합(인하참인재),학생부종합,4,39
143,2025,화학공학과,논술(논술우수자),논술,6,212
143,2025,화학공학과,학생부종합(농어촌학생),학생부종합,4,29
143,2025,고분자공학과,학생부교과(지역균형),학생부교과,6,62
143,2025,고분자공학과,학생부종합(인하미래인재),학생부종합,20,232
143,2025,고분자공학과,학생부종합(고른기회),학생부종합,3,11
143,2025,고분자공학과,학생부종합(농어촌학생),학생부종합,2,12
143,2025,신소재공학과,학생부교과(지역균형),학생부교과,14,244
143,2025,신소재공학과,학생부종합(인하미래인재),학생부종합,10,217
143,2025,신소재공학과,논술(논술우수자),논술,9,346
143,2025,신소재공학과,학생부종합(농어촌학생),학생부종합,3,28
143,2025,사회인프라공학과,학생부교과(지역균형),학생부교과,9,173
143,2025,사회인프라공학과,학생부종합(인하미래인재),학생부종합,11,150
143,2025,사회인프라공학과,논술(논술우수자),논술,7,424
143,2025,사회인프라공학과,학생부종합(고른기회),학생부종합,2,18
143,2025,환경공학과,학생부교과(지역균형),학생부교과,8,77
143,2025,환경공학과,학생부종합(인하미래인재),학생부종합,16,340
143,2025,환경공학과,학생부종합(인하참인재),학생부종합,12,114
143,2025,환경공학과,학생부종합(고른기회),학생부종합,2,15
143,2025,환경공학과,학생부종합(농어촌학생),학생부종합,2,13
143,2025,공간정보공학과,학생부교과(지역균형),학생부교과,7,71
143,2025,공간정보공학과,학생부종합(인하미래인재),학생부종합,25,482
143,2025,공간정보공학과,논술(논술우수자),논술,9,417
143,2025,공간정보공학과,학생부종합(고른기회),학생부종합,2,18
143,2025,공간정보공학과,학생부종합(농어촌학생),학생부종합,1,8
143,2025,건축학부,학생부교과(지역균형),학생부교과,18,165
143,2025,건축학부,학생부종합(인하미래인재),학생부종합,18,418
143,2025,건축학부,학생부종합(고른기회),학생부종합,4,30
143,2025,건축학부,학생부종합(농어촌학생),학생부종합,1,5
143,2025,에너지자원공학과,학생부종합(인하미래인재),학생부종합,22,251
143,2025,에너지자원공학과,학생부종합(인하참인재),학생부종합,5,64
143,2025,에너지자원공학과,논술(논술우수자),논술,6,276
143,2025,에너지자원공학과,학생부종합(농어촌학생),학생부종합,3,16
143,2025,전기공학과,학생부교과(지역균형),학생부교과,21,298
143,2025,전기공학과,학생부종합(인하미래인재),학생부종합,19,302
143,2025,전기공학과,논술(논술우수자),논술,6,410
143,2025,전자공학과,학생부종합(인하미래인재),학생부종합,17,332
143,2025,전자공학과,학생부종합(고른기회),학생부종합,1,5
143,2025,정보통신공학과,학생부교과(지역균형),학생부교과,24,226
143,2025,정보통신공학과,학생부종합(인하미래인재),학생부종합,21,427
143,2025,정보통신공학과,논술(논술우수자),논술,13,634
143,2025,정보통신공학과,학생부종합(고른기회),학생부종합,4,37
143,2025,컴퓨터공학과,학생부교과(지역균형),학생부교과,17,391
143,2025,컴퓨터공학과,학생부종합(인하미래인재),학생부종합,19,400
143,2025,컴퓨터공학과,논술(논술우수자),논술,12,584
143,2025,컴퓨터공학과,학생부종합(농어촌학생),학생부종합,2,18
143,2025,인공지능공학과,학생부교과(지역균형),학생부교과,17,222
143,2025,인공지능공학과,학생부종합(인하미래인재),학생부종합,18,355
143,2025,인공지능공학과,학생부종합(인하참인재),학생부종합,8,93
143,2025,수학과,학생부교과(지역균형),학생부교과,17,192
143,2025,수학과,학생부종합(인하미래인재),학생부종합,10,116
143,2025,수학과,논술(논술우수자),논술,8,441
143,2025,수학과,학생부종합(고른기회),학생부종합,3,24
143,2025,통계학과,학생부교과(지역균형),학생부교과,20,214
143,2025,통계학과,학생부종합(인하미래인재),학생부종합,9,100
143,2025,통계학과,학생부종합(고른기회),학생부종합,3,24
143,2025,물리학과,학생부교과(지역균형),학생부교과,6,69
143,2025,물리학과,학생부종합(인하미래인재),학생부종합,10,165
143,2025,물리학과,학생부종합(인하참인재),학생부종합,4,48
143,2025,화학과,학생부교과(지역균형),학생부교과,7,95
143,2025,화학과,학생부종합(인하미래인재),학생부종합,20,225
143,2025,화학과,학생부종합(인하참인재),학생부종합,10,74
143,2025,화학과,논술(논술우수자),논술,6,414
143,2025,해양과학과,학생부교과(지역균형),학생부교과,12,159
143,2025,해양과학과,학생부종합(인하미래인재),학생부종합,13,101
143,2025,해양과학과,학생부종합(인하참인재),학생부종합,6,71
143,2025,해양과학과,논술(논술우수자),논술,14,733
143,2025,해양과학과,학생부종합(농어촌학생),학생부종합,1,8
143,2025,식품영양학과,학생부교과(지역균형),학생부교과,19,186
143,2025,식품영양학과,학생부종합(인하미래인재),학생부종합,19,399
143,2025,식품영양학과,학생부종합(인하참인재),학생부종합,3,26
143,2025,식품영양학과,논술(논술우수자),논술,5,254
143,2025,식품영양학과,학생부종합(고른기회),학생부종합,4,40
143,2025,경영학과,학생부교과(지역균형),학생부교과,11,133
143,2025,경영학과,학생부종합(인하미래인재),학생부종합,22,323
143,2025,경영학과,학생부종합(인하참인재),학생부종합,5,87
143,2025,글로벌금융학과,학생부교과(지역균형),학생부교과,13,104
143,2025,글로벌금융학과,학생부종합(인하미래인재),학생부종합,21,413
143,2025,글로벌금융학과,학생부종합(인하참인재),학생부종합,9,53
143,2025,글로벌금융학과,논술(논술우수자),논술,5,182
143,2025,아태물류학부,학생부교과(지역균형),학생부교과,20,309
143,2025,아태물류학부,학생부종합(인하미래인재),학생부종합,22,494
143,2025,아태물류학부,학생부종합(인하참인재),학생부종합,8,109
143,2025,아태물류학부,학생부종합(농어촌학생),학생부종합,3,14
143,2025,국제통상학과,학생부교과(지역균형),학생부교과,10,93
143,2025,국제통상학과,학생부종합(인하미래인재),학생부종합,11,152
143,2025,국제통상학과,학생부종합(인하참인재),학생부종합,8,117
143,2025,국제통상학과,논술(논술우수자),논술,16,677
143,2025,행정학과,학생부교과(지역균형),학생부교과,19,204
143,2025,행정학과,학생부종합(인하미래인재),학생부종합,13,262
143,2025,행정학과,학생부종합(인하참인재),학생부종합,5,42
143,2025,행정학과,논술(논술우수자),논술,7,435
143,2025,행정학과,학생부종합(고른기회),학생부종합,3,31
143,2025,정치외교학과,학생부교과(지역균형),학생부교과,16,204
143,2025,정치외교학과,학생부종합(인하미래인재),학생부종합,21,393
143,2025,정치외교학과,학생부종합(고른기회),학생부종합,4,18
143,2025,미디어커뮤니케이션학과,학생부교과(지역균형),학생부교과,15,145
143,2025,미디어커뮤니케이션학과,학생부종합(인하미래인재),학생부종합,14,195
143,2025,미디어커뮤니케이션학과,학생부종합(인하참인재),학생부종합,6,80
143,2025,미디어커뮤니케이션학과,논술(논술우수자),논술,7,240
143,2025,경제학과,학생부교과(지역균형),학생부교과,13,171
143,2025,경제학과,학생부종합(인하미래인재),학생부종합,17,199
143,2025,경제학과,학생부종합(고른기회),학생부종합,2,20
143,2025,경제학과,학생부종합(농어촌학생),학생부종합,3,24
143,2025,국어국문학과,학생부교과(지역균형),학생부교과,13,103
143,2025,국어국문학과,학생부종합(인하미래인재),학생부종합,7,85
143,2025,국어국문학과,학생부종합(인하참인재),학생부종합,10,87
143,2025,영어영문학과,학생부교과(지역균형),학생부교과,15,142
143,2025,영어영문학과,학생부종합(인하미래인재),학생부종합,7,96
143,2025,영어영문학과,학생부종합(인하참인재),학생부종합,8,91
143,2025,영어영문학과,학생부종합(고른기회),학생부종합,1,4
143,2025,영어영문학과,학생부종합(농어촌학생),학생부종합,1,5
143,2025,의예과,학생부교과(지역균형),학생부교과,10,419
143,2025,의예과,학생부종합(인하미래인재),학생부종합,15,410
143,2025,의예과,학생부종합(인하참인재),학생부종합,4,144
143,2025,의예과,학생부종합(고른기회),학생부종합,4,103
143,2025,간호학과,학생부교과(지역균형),학생부교과,14,259
143,2025,간호학과,학생부종합(인하미래인재),학생부종합,8,254
143,2025,스포츠과학과,실기/실적(실기·실적),실기/실적,25,210
143,2025,디자인융합학과,실기/실적(실기·실적),실기/실적,8,42
143,2026,기계공학과,학생부교과(지역균형),학생부교과,6,60
143,2026,기계공학과,학생부종합(인하미래인재),학생부종합,21,191
143,2026,기계공학과,학생부종합(고른기회),학생부종합,2,20
143,2026,기계공학과,학생부종합(농어촌학생),학생부종합,3,22
143,2026,항공우주공학과,학생부종합(인하미래인재),학생부종합,5,88
143,2026,항공우주공학과,학생부종합(인하참인재),학생부종합,4,43
143,2026,항공우주공학과,학생부종합(고른기회),학생부종합,2,19
143,2026,조선해양공학과,학생부교과(지역균형),학생부교과,18,248
143,2026,조선해양공학과,학생부종합(인하미래인재),학생부종합,13,126
143,2026,조선해양공학과,학생부종합(인하참인재),학생부종합,9,60
143,2026,산업경영공학과,학생부교과(지역균형),학생부교과,6,79
143,2026,산업경영공학과,학생부종합(인하미래인재),학생부종합,6,66
143,2026,산업경영공학과,학생부종합(고른기회),학생부종합,1,11
143,2026,화학공학과,학생부교과(지역균형),학생부교과,23,259
143,2026,화학공학과,학생부종합(인하미래인재),학생부종합,13,267
143,2026,화학공학과,학생부종합(인하참인재),학생부종합,3,43
143,2026,화학공학과,논술(논술우수자),논술,5,151
143,2026,화학공학과,학생부종합(농어촌학생),학생부종합,4,29
143,2026,고분자공학과,학생부교과(지역균형),학생부교과,6,71
143,2026,고분자공학과,학생부종합(인하미래인재),학생부종합,22,239
143,2026,고분자공학과,학생부종합(고른기회),학생부종합,3,16
143,2026,고분자공학과,학생부종합(농어촌학생),학생부종합,2,12
143,2026,신소재공학과,학생부교과(지역균형),학생부교과,14,236
143,2026,신소재공학과,학생부종합(인하미래인재),학생부종합,10,219
143,2026,신소재공학과,논술(논술우수자),논술,9,373
143,2026,신소재공학과,학생부종합(농어촌학생),학생부종합,4,29
143,2026,사회인프라공학과,학생부교과(지역균형),학생부교과,9,133
143,2026,사회인프라공학과,학생부종합(인하미래인재),학생부종합,9,97
143,2026,사회인프라공학과,논술(논술우수자),논술,7,399
143,2026,사회인프라공학과,학생부종합(고른기회),학생부종합,2,19
143,2026,환경공학과,학생부교과(지역균형),학생부교과,8,88
143,2026,환경공학과,학생부종합(인하미래인재),학생부종합,17,396
143,2026,환경공학과,학생부종합(인하참인재),학생부종합,12,92
143,2026,환경공학과,학생부종합(고른기회),학생부종합,3,22
143,2026,환경공학과,학생부종합(농어촌학생),학생부종합,2,17
143,2026,공간정보공학과,학생부교과(지역균형),학생부교과,8,64
143,2026,공간정보공학과,학생부종합(인하미래인재),학생부종합,29,523
143,2026,공간정보공학과,학생부종합(고른기회),학생부종합,3,20
143,2026,공간정보공학과,학생부종합(농어촌학생),학생부종합,1,7
143,2026,건축학부,학생부교과(지역균형),학생부교과,18,153
143,2026,건축학부,학생부종합(인하미래인재),학생부종합,18,307
143,2026,건축학부,학생부종합(고른기회),학생부종합,4,34
143,2026,건축학부,학생부종합(농어촌학생),학생부종합,1,6
143,2026,에너지자원공학과,학생부종합(인하미래인재),학생부종합,22,243
143,2026,에너지자원공학과,학생부종합(인하참인재),학생부종합,5,64
143,2026,에너지자원공학과,논술(논술우수자),논술,6,243
143,2026,에너지자원공학과,학생부종합(농어촌학생),학생부종합,3,15
143,2026,전기공학과,학생부교과(지역균형),학생부교과,21,267
143,2026,전기공학과,학생부종합(인하미래인재),학생부종합,18,266
143,2026,전기공학과,논술(논술우수자),논술,6,356
143,2026,전자공학과,학생부종합(인하미래인재),학생부종합,17,222
143,2026,전자공학과,학생부종합(고른기회),학생부종합,1,6
143,2026,정보통신공학과,학생부교과(지역균형),학생부교과,25,235
143,2026,정보통신공학과,학생부종합(인하미래인재),학생부종합,21,347
143,2026,정보통신공학과,논술(논술우수자),논술,16,712
143,2026,정보통신공학과,학생부종합(고른기회),학생부종합,3,21
143,2026,컴퓨터공학과,학생부교과(지역균형),학생부교과,17,344
143,2026,컴퓨터공학과,학생부종합(인하미래인재),학생부종합,19,572
143,2026,컴퓨터공학과,논술(논술우수자),논술,12,669
143,2026,컴퓨터공학과,학생부종합(농어촌학생),학생부종합,2,16
143,2026,인공지능공학과,학생부종합(인하미래인재),학생부종합,22,417
143,2026,인공지능공학과,학생부종합(인하참인재),학생부종합,9,80
143,2026,수학과,학생부교과(지역균형),학생부교과,18,200
143,2026,수학과,학생부종합(인하미래인재),학생부종합,10,119
143,2026,수학과,학생부종합(고른기회),학생부종합,4,26
143,2026,통계학과,학생부교과(지역균형),학생부교과,19,226
143,2026,통계학과,학생부종합(인하미래인재),학생부종합,9,91
143,2026,통계학과,학생부종합(고른기회),학생부종합,3,21
143,2026,물리학과,학생부교과(지역균형),학생부교과,6,56
143,2026,물리학과,학생부종합(인하미래인재),학생부종합,9,170
143,2026,물리학과,학생부종합(인하참인재),학생부종합,5,55
143,2026,화학과,학생부교과(지역균형),학생부교과,8,127
143,2026,화학과,학생부종합(인하미래인재),학생부종합,20,198
143,2026,화학과,학생부종합(인하참인재),학생부종합,10,93
143,2026,화학과,논술(논술우수자),논술,6,391
143,2026,해양과학과,학생부교과(지역균형),학생부교과,12,171
143,2026,해양과학과,학생부종합(인하미래인재),학생부종합,13,131
143,2026,해양과학과,학생부종합(인하참인재),학생부종합,6,59
143,2026,해양과학과,논술(논술우수자),논술,14,640
143,2026,해양과학과,학생부종합(농어촌학생),학생부종합,1,8
143,2026,식품영양학과,학생부교과(지역균형),학생부교과,20,208
143,2026,식품영양학과,학생부종합(인하미래인재),학생부종합,19,360
143,2026,식품영양학과,학생부종합(인하참인재),학생부종합,3,26
143,2026,식품영양학과,논술(논술우수자),논술,5,357
143,2026,식품영양학과,학생부종합(고른기회),학생부종합,5,36
143,2026,경영학과,학생부교과(지역균형),학생부교과,11,122
143,2026,경영학과,학생부종합(인하미래인재),학생부종합,22,252
143,2026,경영학과,학생부종합(인하참인재),학생부종합,5,54
143,2026,글로벌금융학과,학생부종합(인하미래인재),학생부종합,17,331
143,2026,글로벌금융학과,학생부종합(인하참인재),학생부종합,9,57
143,2026,글로벌금융학과,논술(논술우수자),논술,4,151
143,2026,아태물류학부,학생부교과(지역균형),학생부교과,17,273
143,2026,아태물류학부,학생부종합(인하미래인재),학생부종합,23,479
143,2026,아태물류학부,학생부종합(인하참인재),학생부종합,8,127
143,2026,아태물류학부,학생부종합(농어촌학생),학생부종합,3,14
143,2026,국제통상학과,학생부교과(지역균형),학생부교과,10,93
143,2026,국제통상학과,학생부종합(인하미래인재),학생부종합,11,180
143,2026,국제통상학과,학생부종합(인하참인재),학생부종합,8,134
143,2026,국제통상학과,논술(논술우수자),논술,15,764
143,2026,행정학과,학생부종합(인하미래인재),학생부종합,13,252
143,2026,행정학과,학생부종합(인하참인재),학생부종합,4,31
143,2026,행정학과,학생부종합(고른기회),학생부종합,2,20
143,2026,정치외교학과,학생부교과(지역균형),학생부교과,15,194
143,2026,정치외교학과,학생부종합(인하미래인재),학생부종합,25,364
143,2026,정치외교학과,학생부종합(고른기회),학생부종합,3,18
143,2026,미디어커뮤니케이션학과,학생부교과(지역균형),학생부교과,17,168
143,2026,미디어커뮤니케이션학과,학생부종합(인하미래인재),학생부종합,14,140
143,2026,미디어커뮤니케이션학과,학생부종합(인하참인재),학생부종합,6,56
143,2026,미디어커뮤니케이션학과,논술(논술우수자),논술,7,189
143,2026,경제학과,학생부교과(지역균형),학생부교과,13,198
143,2026,경제학과,학생부종합(인하미래인재),학생부종합,19,222
143,2026,경제학과,학생부종합(고른기회),학생부종합,2,14
143,2026,경제학과,학생부종합(농어촌학생),학생부종합,3,23
143,2026,국어국문학과,학생부교과(지역균형),학생부교과,12,63
143,2026,국어국문학과,학생부종합(인하미래인재),학생부종합,7,71
143,2026,국어국문학과,학생부종합(인하참인재),학생부종합,8,56
143,2026,영어영문학과,학생부교과(지역균형),학생부교과,15,163
143,2026,영어영문학과,학생부종합(인하미래인재),학생부종합,8,102
143,2026,영어영문학과,학생부종합(인하참인재),학생부종합,7,81
143,2026,영어영문학과,학생부종합(고른기회),학생부종합,1,3
143,2026,영어영문학과,학생부종합(농어촌학생),학생부종합,1,5
143,2026,의예과,학생부교과(지역균형),학생부교과,10,345
143,2026,의예과,학생부종합(인하미래인재),학생부종합,16,564
143,2026,의예과,학생부종합(인하참인재),학생부종합,4,124
143,2026,의예과,학생부종합(고른기회),학생부종합,4,100
143,2026,간호학과,학생부교과(지역균형),학생부교과,14,232
143,2026,간호학과,학생부종합(인하미래인재),학생부종합,8,176
143,2026,스포츠과학과,실기/실적(실기·실적),실기/실적,25,215
143,2026,디자인융합학과,실기/실적(실기·실적),실기/실적,10,63
143,2026,반도체시스템공학과,학생부교과(지역균형),학생부교과,16,161
143,2026,반도체시스템공학과,학생부종합(인하미래인재),학생부종합,11,189
143,2026,반도체시스템공학과,학생부종합(인하참인재),학생부종합,3,30
143,2026,반도체시스템공학과,논술(논술우수자),논술,4,228
143,2026,반도체시스템공학과,학생부종합(고른기회),학생부종합,3,24
151,2024,국어국문학과,학생부교과(일반전형),학생부교과,17,71
151,2024,국어국문학과,학생부교과(지역인재),학생부교과,9,38
151,2024,국어국문학과,학생부종합(일반전형),학생부종합,11,77
151,2024,국어국문학과,학생부종합(지역인재),학생부종합,9,43
151,2024,국어국문학과,학생부교과(기회균형),학생부교과,3,10
151,2024,영어영문학과,학생부교과(일반전형),학생부교과,12,36
151,2024,영어영문학과,학생부교과(지역인재),학생부교과,4,21
151,2024,영어영문학과,학생부종합(일반전형),학생부종합,9,31
151,2024,영어영문학과,학생부종합(지역인재),학생부종합,14,67
151,2024,영어영문학과,학생부교과(기회균형),학생부교과,2,2
151,2024,사학과,학생부교과(일반전형),학생부교과,26,78
151,2024,사학과,학생부교과(지역인재),학생부교과,14,85
151,2024,사학과,학생부종합(일반전형),학생부종합,9,53
151,2024,사학과,학생부종합(지역인재),학생부종합,5,12
151,2024,사학과,학생부교과(기회균형),학생부교과,1,1
151,2024,철학과,학생부교과(지역인재),학생부교과,8,21
151,2024,철학과,학생부종합(일반전형),학생부종합,13,94
151,2024,철학과,학생부종합(지역인재),학생부종합,6,31
151,2024,법학과,학생부교과(일반전형),학생부교과,17,84
151,2024,법학과,학생부교과(지역인재),학생부교과,13,42
151,2024,법학과,학생부종합(일반전형),학생부종합,20,153
151,2024,법학과,학생부교과(기회균형),학생부교과,3,12
151,2024,행정복지학부,학생부교과(일반전형),학생부교과,14,90
151,2024,행정복지학부,학생부교과(지역인재),학생부교과,13,63
151,2024,행정복지학부,학생부종합(일반전형),학생부종합,7,42
151,2024,행정복지학부,학생부종합(지역인재),학생부종합,4,14
151,2024,행정복지학부,학생부교과(기회균형),학생부교과,2,8
151,2024,정치외교학과,학생부교과(지역인재),학생부교과,12,83
151,2024,정치외교학과,학생부종합(일반전형),학생부종합,20,81
151,2024,정치외교학과,학생부종합(지역인재),학생부종합,15,111
151,2024,정치외교학과,학생부교과(기회균형),학생부교과,4,20
151,2024,신문방송학과,학생부교과(일반전형),학생부교과,30,261
151,2024,신문방송학과,학생부교과(지역인재),학생부교과,6,29
151,2024,신문방송학과,학생부종합(일반전형),학생부종합,13,92
151,2024,신문방송학과,학생부종합(지역인재),학생부종합,8,21
151,2024,신문방송학과,학생부교과(기회균형),학생부교과,2,10
151,2024,경영학부,학생부교과(일반전형),학생부교과,22,102
151,2024,경영학부,학생부교과(지역인재),학생부교과,7,34
151,2024,경영학부,학생부종합(일반전형),학생부종합,17,102
151,2024,경영학부,학생부교과(기회균형),학생부교과,2,12
151,2024,경제학과,학생부교과(일반전형),학생부교과,30,186
151,2024,경제학과,학생부교과(지역인재),학생부교과,13,89
151,2024,경제학과,학생부종합(일반전형),학생부종합,18,68
151,2024,경제학과,학생부종합(지역인재),학생부종합,4,30
151,2024,글로벌비즈니스학부,학생부교과(지역인재),학생부교과,14,65
151,2024,글로벌비즈니스학부,학생부종합(일반전형),학생부종합,17,172
151,2024,글로벌비즈니스학부,학생부종합(지역인재),학생부종합,12,73
151,2024,수학과,학생부교과(일반전형),학생부교과,29,184
151,2024,수학과,학생부교과(지역인재),학생부교과,11,39
151,2024,수학과,학생부종합(일반전형),학생부종합,19,75
151,2024,수학과,학생부종합(지역인재),학생부종합,15,35
151,2024,물리학과,학생부교과(지역인재),학생부교과,10,50
151,2024,물리학과,학생부종합(일반전형),학생부종합,9,27
151,2024,물리학과,학생부종합(지역인재),학생부종합,12,77
151,2024,물리학과,학생부교과(기회균형),학생부교과,1,4
151,2024,화학과,학생부교과(일반전형),학생부교과,28,134
151,2024,화학과,학생부교과(지역인재),학생부교과,11,43
151,2024,화학과,학생부종합(일반전형),학생부종합,18,91
151,2024,화학과,학생부종합(지역인재),학생부종합,8,31
151,2024,생명과학과,학생부교과(일반전형),학생부교과,14,100
151,2024,생명과학과,학생부교과(지역인재),학생부교과,5,18
151,2024,생명과학과,학생부종합(일반전형),학생부종합,9,73
151,2024,생명과학과,학생부종합(지역인재),학생부종합,11,27
151,2024,생명과학과,학생부교과(기회균형),학생부교과,1,2
151,2024,식품영양학과,학생부교과(일반전형),학생부교과,30,116
151,2024,식품영양학과,학생부교과(지역인재),학생부교과,13,41
151,2024,식품영양학과,학생부종합(일반전형),학생부종합,16,156
151,2024,식품영양학과,학생부종합(지역인재),학생부종합,12,46
151,2024,기계공학과,학생부교과(일반전형),학생부교과,19,83
151,2024,기계공학과,학생부교과(지역인재),학생부교과,13,67
151,2024,기계공학과,학생부종합(일반전형),학생부종합,17,125
151,2024,전기공학과,학생부교과(일반전형),학생부교과,10,68
151,2024,전기공학과,학생부종합(일반전형),학생부종합,12,53
151,2024,전기공학과,학생부종합(지역인재),학생부종합,4,15
151,2024,전자공학부,학생부교과(일반전형),학생부교과,8,46
151,2024,전자공학부,학생부교과(지역인재),학생부교과,9,40
151,2024,전자공학부,학생부종합(일반전형),학생부종합,11,69
151,2024,전자공학부,학생부종합(지역인재),학생부종합,14,68
151,2024,전자공학부,학생부교과(기회균형),학생부교과,3,13
151,2024,컴퓨터공학과,학생부종합(일반전형),학생부종합,19,163
151,2024,컴퓨터공학과,학생부교과(기회균형),학생부교과,2,11
151,2024,건축학부,학생부교과(일반전형),학생부교과,25,66
151,2024,건축학부,학생부교과(지역인재),학생부교과,15,86
151,2024,건축학부,학생부종합(일반전형),학생부종합,19,116
151,2024,건축학부,학생부종합(지역인재),학생부종합,14,85
151,2024,토목공학과,학생부교과(일반전형),학생부교과,11,51
151,2024,토목공학과,학생부교과(지역인재),학생부교과,5,26
151,2024,토목공학과,학생부종합(일반전형),학생부종합,9,63
151,2024,토목공학과,학생부종합(지역인재),학생부종합,12,50
151,2024,토목공학과,학생부교과(기회균형),학생부교과,2,9
151,2024,신소재공학과,학생부교과(일반전형),학생부교과,8,46
151,2024,신소재공학과,학생부교과(지역인재),학생부교과,4,11
151,2024,신소재공학과,학생부종합(일반전형),학생부종합,14,93
151,2024,신소재공학과,학생부종합(지역인재),학생부종합,11,51
151,2024,화학공학과,학생부교과(지역인재),학생부교과,3,12
151,2024,화학공학과,학생부종합(일반전형),학생부종합,18,159
151,2024,화학공학과,학생부교과(기회균형),학생부교과,4,12
151,2024,의예과,학생부교과(일반전형),학생부교과,16,149
151,2024,의예과,학생부종합(일반전형),학생부종합,11,138
151,2024,의예과,학생부종합(지역인재),학생부종합,10,101
151,2024,의예과,학생부교과(기회균형),학생부교과,4,21
151,2024,치의예과,학생부교과(일반전형),학생부교과,9,84
151,2024,치의예과,학생부교과(지역인재),학생부교과,6,93
151,2024,치의예과,학생부종합(일반전형),학생부종합,13,263
151,2024,약학과,학생부교과(지역인재),학생부교과,3,32
151,2024,약학과,학생부종합(일반전형),학생부종합,12,239
151,2024,약학과,학생부종합(지역인재),학생부종합,7,111
151,2024,간호학과,학생부교과(일반전형),학생부교과,13,139
151,2024,간호학과,학생부교과(지역인재),학생부교과,14,116
151,2024,간호학과,학생부종합(일반전형),학생부종합,20,86
151,2024,간호학과,학생부종합(지역인재),학생부종합,3,24
151,2024,국어교육과,학생부종합(일반전형),학생부종합,19,93
151,2024,국어교육과,학생부종합(지역인재),학생부종합,3,22
151,2024,국어교육과,학생부교과(기회균형),학생부교과,2,8
151,2024,체육학과,실기/실적(실기전형),실기/실적,10,56
151,2024,미술학과,실기/실적(실기전형),실기/실적,10,43
151,2024,디자인공학과,실기/실적(실기전형),실기/실적,11,74
151,2025,국어국문학과,학생부교과(일반전형),학생부교과,17,96
151,2025,국어국문학과,학생부교과(지역인재),학생부교과,9,40
151,2025,국어국문학과,학생부종합(일반전형),학생부종합,11,96
151,2025,국어국문학과,학생부종합(지역인재),학생부종합,8,28
151,2025,국어국문학과,학생부교과(기회균형),학생부교과,3,8
151,2025,영어영문학과,학생부교과(일반전형),학생부교과,12,46
151,2025,영어영문학과,학생부교과(지역인재),학생부교과,3,17
151,2025,영어영문학과,학생부종합(일반전형),학생부종합,9,30
151,2025,영어영문학과,학생부종합(지역인재),학생부종합,12,59
151,2025,영어영문학과,학생부교과(기회균형),학생부교과,2,3
151,2025,사학과,학생부교과(일반전형),학생부교과,22,64
151,2025,사학과,학생부교과(지역인재),학생부교과,14,62
151,2025,사학과,학생부종합(일반전형),학생부종합,9,46
151,2025,사학과,학생부종합(지역인재),학생부종합,6,11
151,2025,사학과,학생부교과(기회균형),학생부교과,1,2
151,2025,철학과,학생부교과(일반전형),학생부교과,13,68
151,2025,철학과,학생부교과(지역인재),학생부교과,10,24
151,2025,철학과,학생부종합(일반전형),학생부종합,13,118
151,2025,철학과,학생부종합(지역인재),학생부종합,6,26
151,2025,법학과,학생부교과(일반전형),학생부교과,17,85
151,2025,법학과,학생부교과(지역인재),학생부교과,14,36
151,2025,법학과,학생부종합(일반전형),학생부종합,24,234
151,2025,법학과,학생부교과(기회균형),학생부교과,3,9
151,2025,행정복지학부,학생부교과(일반전형),학생부교과,14,80
151,2025,행정복지학부,학생부교과(지역인재),학생부교과,13,71
151,2025,행정복지학부,학생부종합(일반전형),학생부종합,7,38
151,2025,행정복지학부,학생부종합(지역인재),학생부종합,4,15
151,2025,행정복지학부,학생부교과(기회균형),학생부교과,2,8
151,2025,정치외교학과,학생부교과(지역인재),학생부교과,12,55
151,2025,정치외교학과,학생부종합(일반전형),학생부종합,20,95
151,2025,정치외교학과,학생부종합(지역인재),학생부종합,15,70
151,2025,정치외교학과,학생부교과(기회균형),학생부교과,4,19
151,2025,신문방송학과,학생부교과(일반전형),학생부교과,33,264
151,2025,신문방송학과,학생부교과(지역인재),학생부교과,6,37
151,2025,신문방송학과,학생부종합(일반전형),학생부종합,13,96
151,2025,신문방송학과,학생부종합(지역인재),학생부종합,8,24
151,2025,신문방송학과,학생부교과(기회균형),학생부교과,2,8
151,2025,경영학부,학생부교과(일반전형),학생부교과,18,81
151,2025,경영학부,학생부교과(지역인재),학생부교과,7,36
151,2025,경영학부,학생부종합(일반전형),학생부종합,18,146
151,2025,경영학부,학생부교과(기회균형),학생부교과,3,14
151,2025,경제학과,학생부교과(일반전형),학생부교과,30,166
151,2025,경제학과,학생부교과(지역인재),학생부교과,13,99
151,2025,경제학과,학생부종합(일반전형),학생부종합,18,77
151,2025,경제학과,학생부종합(지역인재),학생부종합,4,23
151,2025,글로벌비즈니스학부,학생부교과(일반전형),학생부교과,27,66
151,2025,글로벌비즈니스학부,학생부교과(지역인재),학생부교과,14,53
151,2025,글로벌비즈니스학부,학생부종합(일반전형),학생부종합,15,173
151,2025,글로벌비즈니스학부,학생부종합(지역인재),학생부종합,13,67
151,2025,수학과,학생부교과(일반전형),학생부교과,29,163
151,2025,수학과,학생부교과(지역인재),학생부교과,11,36
151,2025,수학과,학생부종합(일반전형),학생부종합,15,36
151,2025,수학과,학생부종합(지역인재),학생부종합,17,40
151,2025,물리학과,학생부교과(지역인재),학생부교과,10,52
151,2025,물리학과,학생부종합(일반전형),학생부종합,9,39
151,2025,물리학과,학생부종합(지역인재),학생부종합,12,70
151,2025,물리학과,학생부교과(기회균형),학생부교과,1,4
151,2025,화학과,학생부교과(일반전형),학생부교과,28,168
151,2025,화학과,학생부교과(지역인재),학생부교과,11,32
151,2025,화학과,학생부종합(일반전형),학생부종합,18,113
151,2025,화학과,학생부종합(지역인재),학생부종합,8,26
151,2025,생명과학과,학생부교과(일반전형),학생부교과,14,80
151,2025,생명과학과,학생부교과(지역인재),학생부교과,5,19
151,2025,생명과학과,학생부종합(일반전형),학생부종합,9,73
151,2025,생명과학과,학생부종합(지역인재),학생부종합,11,25
151,2025,생명과학과,학생부교과(기회균형),학생부교과,2,3
151,2025,식품영양학과,학생부교과(일반전형),학생부교과,30,132
151,2025,식품영양학과,학생부교과(지역인재),학생부교과,13,44
151,2025,식품영양학과,학생부종합(일반전형),학생부종합,13,118
151,2025,식품영양학과,학생부종합(지역인재),학생부종합,12,39
151,2025,기계공학과,학생부교과(일반전형),학생부교과,21,96
151,2025,기계공학과,학생부교과(지역인재),학생부교과,13,69
151,2025,기계공학과,학생부종합(일반전형),학생부종합,17,117
151,2025,기계공학과,학생부교과(기회균형),학생부교과,4,13
151,2025,전기공학과,학생부교과(일반전형),학생부교과,10,51
151,2025,전기공학과,학생부종합(일반전형),학생부종합,13,70
151,2025,전기공학과,학생부종합(지역인재),학생부종합,3,10
151,2025,전자공학부,학생부교과(일반전형),학생부교과,8,46
151,2025,전자공학부,학생부교과(지역인재),학생부교과,9,33
151,2025,전자공학부,학생부종합(일반전형),학생부종합,11,71
151,2025,전자공학부,학생부종합(지역인재),학생부종합,16,62
151,2025,전자공학부,학생부교과(기회균형),학생부교과,3,10
151,2025,컴퓨터공학과,학생부교과(일반전형),학생부교과,10,111
151,2025,컴퓨터공학과,학생부종합(일반전형),학생부종합,15,143
151,2025,컴퓨터공학과,학생부종합(지역인재),학생부종합,10,81
151,2025,컴퓨터공학과,학생부교과(기회균형),학생부교과,2,10
151,2025,건축학부,학생부교과(일반전형),학생부교과,20,63
151,2025,건축학부,학생부교과(지역인재),학생부교과,12,60
151,2025,건축학부,학생부종합(일반전형),학생부종합,22,99
151,2025,건축학부,학생부종합(지역인재),학생부종합,14,64
151,2025,토목공학과,학생부교과(일반전형),학생부교과,12,42
151,2025,토목공학과,학생부교과(지역인재),학생부교과,5,23
151,2025,토목공학과,학생부종합(일반전형),학생부종합,9,63
151,2025,토목공학과,학생부종합(지역인재),학생부종합,12,46
151,2025,토목공학과,학생부교과(기회균형),학생부교과,2,10
151,2025,신소재공학과,학생부교과(일반전형),학생부교과,8,53
151,2025,신소재공학과,학생부교과(지역인재),학생부교과,3,10
151,2025,신소재공학과,학생부종합(일반전형),학생부종합,14,96
151,2025,신소재공학과,학생부종합(지역인재),학생부종합,11,32
151,2025,화학공학과,학생부교과(일반전형),학생부교과,28,104
151,2025,화학공학과,학생부교과(지역인재),학생부교과,3,15
151,2025,화학공학과,학생부종합(일반전형),학생부종합,17,163
151,2025,화학공학과,학생부교과(기회균형),학생부교과,3,8
151,2025,의예과,학생부교과(일반전형),학생부교과,16,120
151,2025,의예과,학생부종합(일반전형),학생부종합,11,146
151,2025,의예과,학생부종합(지역인재),학생부종합,10,90
151,2025,의예과,학생부교과(기회균형),학생부교과,4,25
151,2025,치의예과,학생부교과(일반전형),학생부교과,9,59
151,2025,치의예과,학생부교과(지역인재),학생부교과,6,89
151,2025,치의예과,학생부종합(일반전형),학생부종합,13,183
151,2025,약학과,학생부교과(일반전형),학생부교과,10,94
151,2025,약학과,학생부교과(지역인재),학생부교과,3,23
151,2025,약학과,학생부종합(일반전형),학생부종합,13,268
151,2025,약학과,학생부종합(지역인재),학생부종합,7,81
151,2025,간호학과,학생부교과(일반전형),학생부교과,10,126
151,2025,간호학과,학생부교과(지역인재),학생부교과,12,91
151,2025,간호학과,학생부종합(일반전형),학생부종합,17,82
151,2025,간호학과,학생부종합(지역인재),학생부종합,3,27
151,2025,국어교육과,학생부교과(일반전형),학생부교과,27,104
151,2025,국어교육과,학생부종합(일반전형),학생부종합,23,125
151,2025,국어교육과,학생부종합(지역인재),학생부종합,4,26
151,2025,국어교육과,학생부교과(기회균형),학생부교과,1,5
151,2025,체육학과,실기/실적(실기전형),실기/실적,10,58
151,2025,미술학과,실기/실적(실기전형),실기/실적,9,34
151,2025,디자인공학과,실기/실적(실기전형),실기/실적,11,107
151,2026,국어국문학과,학생부교과(일반전형),학생부교과,17,72
151,2026,국어국문학과,학생부교과(지역인재),학생부교과,9,36
151,2026,국어국문학과,학생부종합(일반전형),학생부종합,13,111
151,2026,국어국문학과,학생부종합(지역인재),학생부종합,8,27
151,2026,국어국문학과,학생부교과(기회균형),학생부교과,3,11
151,2026,영어영문학과,학생부교과(일반전형),학생부교과,12,37
151,2026,영어영문학과,학생부교과(지역인재),학생부교과,2,12
151,2026,영어영문학과,학생부종합(일반전형),학생부종합,9,30
151,2026,영어영문학과,학생부교과(기회균형),학생부교과,2,2
151,2026,사학과,학생부교과(일반전형),학생부교과,22,71
151,2026,사학과,학생부교과(지역인재),학생부교과,15,82
151,2026,사학과,학생부종합(일반전형),학생부종합,9,50
151,2026,사학과,학생부교과(기회균형),학생부교과,1,1
151,2026,법학과,학생부교과(지역인재),학생부교과,14,48
151,2026,법학과,학생부종합(일반전형),학생부종합,24,219
151,2026,법학과,학생부교과(기회균형),학생부교과,3,10
151,2026,행정복지학부,학생부교과(일반전형),학생부교과,13,70
151,2026,행정복지학부,학생부교과(지역인재),학생부교과,13,74
151,2026,행정복지학부,학생부종합(일반전형),학생부종합,7,43
151,2026,행정복지학부,학생부종합(지역인재),학생부종합,5,15
151,2026,행정복지학부,학생부교과(기회균형),학생부교과,2,9
151,2026,정치외교학과,학생부종합(일반전형),학생부종합,20,86
151,2026,정치외교학과,학생부종합(지역인재),학생부종합,15,91
151,2026,정치외교학과,학생부교과(기회균형),학생부교과,4,19
151,2026,신문방송학과,학생부교과(일반전형),학생부교과,33,319
151,2026,신문방송학과,학생부교과(지역인재),학생부교과,6,42
151,2026,신문방송학과,학생부종합(일반전형),학생부종합,13,108
151,2026,신문방송학과,학생부종합(지역인재),학생부종합,6,22
151,2026,신문방송학과,학생부교과(기회균형),학생부교과,3,12
151,2026,경영학부,학생부교과(일반전형),학생부교과,17,93
151,2026,경영학부,학생부교과(지역인재),학생부교과,7,35
151,2026,경영학부,학생부종합(일반전형),학생부종합,18,141
151,2026,경영학부,학생부교과(기회균형),학생부교과,3,20
151,2026,경제학과,학생부교과(지역인재),학생부교과,11,67
151,2026,경제학과,학생부종합(일반전형),학생부종합,18,100
151,2026,경제학과,학생부종합(지역인재),학생부종합,4,35
151,2026,글로벌비즈니스학부,학생부교과(일반전형),학생부교과,27,90
151,2026,글로벌비즈니스학부,학생부교과(지역인재),학생부교과,14,58
151,2026,글로벌비즈니스학부,학생부종합(일반전형),학생부종합,15,187
151,2026,글로벌비즈니스학부,학생부종합(지역인재),학생부종합,12,76
151,2026,수학과,학생부교과(일반전형),학생부교과,29,167
151,2026,수학과,학생부교과(지역인재),학생부교과,11,30
151,2026,수학과,학생부종합(일반전형),학생부종합,18,53
151,2026,수학과,학생부종합(지역인재),학생부종합,17,43
151,2026,물리학과,학생부교과(지역인재),학생부교과,12,68
151,2026,물리학과,학생부종합(일반전형),학생부종합,9,40
151,2026,물리학과,학생부종합(지역인재),학생부종합,12,59
151,2026,물리학과,학생부교과(기회균형),학생부교과,2,11
151,2026,화학과,학생부교과(일반전형),학생부교과,33,185
151,2026,화학과,학생부교과(지역인재),학생부교과,11,32
151,2026,화학과,학생부종합(일반전형),학생부종합,18,121
151,2026,생명과학과,학생부교과(일반전형),학생부교과,14,95
151,2026,생명과학과,학생부교과(지역인재),학생부교과,6,29
151,2026,생명과학과,학생부종합(일반전형),학생부종합,9,66
151,2026,생명과학과,학생부종합(지역인재),학생부종합,11,33
151,2026,생명과학과,학생부교과(기회균형),학생부교과,1,2
151,2026,식품영양학과,학생부교과(일반전형),학생부교과,34,178
151,2026,식품영양학과,학생부교과(지역인재),학생부교과,13,38
151,2026,식품영양학과,학생부종합(일반전형),학생부종합,10,102
151,2026,식품영양학과,학생부종합(지역인재),학생부종합,11,36
151,2026,기계공학과,학생부교과(일반전형),학생부교과,21,105
151,2026,기계공학과,학생부교과(지역인재),학생부교과,12,60
151,2026,기계공학과,학생부종합(일반전형),학생부종합,17,121
151,2026,기계공학과,학생부교과(기회균형),학생부교과,4,14
151,2026,전기공학과,학생부교과(일반전형),학생부교과,10,48
151,2026,전기공학과,학생부종합(일반전형),학생부종합,13,58
151,2026,전기공학과,학생부종합(지역인재),학생부종합,4,16
151,2026,전자공학부,학생부교과(일반전형),학생부교과,8,47
151,2026,전자공학부,학생부교과(지역인재),학생부교과,8,38
151,2026,전자공학부,학생부종합(일반전형),학생부종합,11,76
151,2026,전자공학부,학생부종합(지역인재),학생부종합,18,79
151,2026,전자공학부,학생부교과(기회균형),학생부교과,3,12
151,2026,컴퓨터공학과,학생부교과(일반전형),학생부교과,12,146
151,2026,컴퓨터공학과,학생부종합(일반전형),학생부종합,17,159
151,2026,컴퓨터공학과,학생부종합(지역인재),학생부종합,10,68
151,2026,컴퓨터공학과,학생부교과(기회균형),학생부교과,2,10
151,2026,건축학부,학생부교과(일반전형),학생부교과,20,63
151,2026,건축학부,학생부교과(지역인재),학생부교과,12,67
151,2026,건축학부,학생부종합(일반전형),학생부종합,26,115
151,2026,건축학부,학생부종합(지역인재),학생부종합,15,92
151,2026,토목공학과,학생부교과(일반전형),학생부교과,13,77
151,2026,토목공학과,학생부교과(지역인재),학생부교과,4,23
151,2026,토목공학과,학생부종합(일반전형),학생부종합,9,84
151,2026,토목공학과,학생부종합(지역인재),학생부종합,12,57
151,2026,토목공학과,학생부교과(기회균형),학생부교과,3,16
151,2026,신소재공학과,학생부교과(일반전형),학생부교과,8,54
151,2026,신소재공학과,학생부교과(지역인재),학생부교과,3,11
151,2026,신소재공학과,학생부종합(일반전형),학생부종합,14,96
151,2026,화학공학과,학생부교과(일반전형),학생부교과,28,138
151,2026,화학공학과,학생부교과(지역인재),학생부교과,3,17
151,2026,화학공학과,학생부종합(일반전형),학생부종합,17,169
151,2026,화학공학과,학생부교과(기회균형),학생부교과,3,6
151,2026,의예과,학생부교과(일반전형),학생부교과,16,154
151,2026,의예과,학생부종합(일반전형),학생부종합,11,196
151,2026,의예과,학생부종합(지역인재),학생부종합,11,137
151,2026,의예과,학생부교과(기회균형),학생부교과,4,21
151,2026,치의예과,학생부교과(일반전형),학생부교과,9,80
151,2026,치의예과,학생부교과(지역인재),학생부교과,6,89
151,2026,치의예과,학생부종합(일반전형),학생부종합,13,268
151,2026,약학과,학생부교과(일반전형),학생부교과,10,119
151,2026,약학과,학생부교과(지역인재),학생부교과,3,32
151,2026,약학과,학생부종합(일반전형),학생부종합,14,282
151,2026,간호학과,학생부교과(일반전형),학생부교과,8,95
151,2026,간호학과,학생부교과(지역인재),학생부교과,10,109
151,2026,간호학과,학생부종합(일반전형),학생부종합,17,100
151,2026,간호학과,학생부종합(지역인재),학생부종합,3,32
151,2026,국어교육과,학생부교과(일반전형),학생부교과,27,107
151,2026,국어교육과,학생부종합(일반전형),학생부종합,23,128
151,2026,국어교육과,학생부종합(지역인재),학생부종합,3,26
151,2026,국어교육과,학생부교과(기회균형),학생부교과,1,5
151,2026,체육학과,실기/실적(실기전형),실기/실적,10,57
151,2026,미술학과,실기/실적(실기전형),실기/실적,9,52
151,2026,디자인공학과,실기/실적(실기전형),실기/실적,11,85
151,2026,첨단산업공학과,학생부교과(일반전형),학생부교과,20,174
151,2026,첨단산업공학과,학생부교과(지역인재),학생부교과,11,44
151,2026,첨단산업공학과,학생부종합(일반전형),학생부종합,19,93
153,2024,국어국문학과,학생부교과(지역균형),학생부교과,10,116
153,2024,국어국문학과,학생부종합(CAU융합형인재),학생부종합,14,303
153,2024,국어국문학과,학생부종합(기회균형),학생부종합,1,6
153,2024,영어영문학과,학생부교과(지역균형),학생부교과,12,68
153,2024,영어영문학과,학생부종합(CAU융합형인재),학생부종합,6,68
153,2024,영어영문학과,논술(논술전형),논술,7,579
153,2024,영어영문학과,학생부종합(기회균형),학생부종합,3,14
153,2024,영어영문학과,학생부종합(농어촌),학생부종합,3,27
153,2024,독일어문학전공,학생부종합(CAU융합형인재),학생부종합,19,171
153,2024,독일어문학전공,학생부종합(CAU탐구형인재),학생부종합,4,34
153,2024,독일어문학전공,논술(논술전형),논술,3,193
153,2024,프랑스어문학전공,학생부교과(지역균형),학생부교과,8,69
153,2024,프랑스어문학전공,학생부종합(CAU융합형인재),학생부종합,14,116
153,2024,프랑스어문학전공,논술(논술전형),논술,8,288
153,2024,프랑스어문학전공,학생부종합(기회균형),학생부종합,1,5
153,2024,프랑스어문학전공,학생부종합(농어촌),학생부종합,3,14
153,2024,철학과,학생부교과(지역균형),학생부교과,7,47
153,2024,철학과,학생부종합(CAU융합형인재),학생부종합,25,373
153,2024,철학과,논술(논술전형),논술,14,964
153,2024,철학과,학생부종합(기회균형),학생부종합,1,6
153,2024,역사학과,학생부교과(지역균형),학생부교과,12,74
153,2024,역사학과,학생부종합(CAU융합형인재),학생부종합,9,162
153,2024,정치국제학과,학생부교과(지역균형),학생부교과,13,129
153,2024,정치국제학과,학생부종합(CAU융합형인재),학생부종합,22,244
153,2024,정치국제학과,논술(논술전형),논술,5,337
153,2024,정치국제학과,학생부종합(기회균형),학생부종합,4,43
153,2024,정치국제학과,학생부종합(농어촌),학생부종합,2,22
153,2024,공공인재학부,학생부교과(지역균형),학생부교과,11,72
153,2024,공공인재학부,학생부종합(CAU융합형인재),학생부종합,8,238
153,2024,공공인재학부,학생부종합(CAU탐구형인재),학생부종합,5,36
153,2024,공공인재학부,논술(논술전형),논술,11,913
153,2024,심리학과,학생부교과(지역균형),학생부교과,4,31
153,2024,심리학과,논술(논술전형),논술,7,367
153,2024,문헌정보학과,학생부교과(지역균형),학생부교과,8,83
153,2024,문헌정보학과,학생부종합(CAU융합형인재),학생부종합,9,93
153,2024,문헌정보학과,학생부종합(기회균형),학생부종합,1,7
153,2024,문헌정보학과,학생부종합(농어촌),학생부종합,3,20
153,2024,사회복지학부,학생부교과(지역균형),학생부교과,4,47
153,2024,사회복지학부,학생부종합(CAU융합형인재),학생부종합,20,352
153,2024,사회복지학부,논술(논술전형),논술,13,874
153,2024,사회복지학부,학생부종합(기회균형),학생부종합,1,11
153,2024,미디어커뮤니케이션학부,학생부종합(CAU융합형인재),학생부종합,14,237
153,2024,미디어커뮤니케이션학부,학생부종합(CAU탐구형인재),학생부종합,3,45
153,2024,미디어커뮤니케이션학부,논술(논술전형),논술,10,838
153,2024,미디어커뮤니케이션학부,학생부종합(기회균형),학생부종합,1,11
153,2024,미디어커뮤니케이션학부,학생부종합(농어촌),학생부종합,2,19
153,2024,도시계획·부동산학과,학생부교과(지역균형),학생부교과,13,111
153,2024,도시계획·부동산학과,학생부종합(CAU융합형인재),학생부종합,14,241
153,2024,도시계획·부동산학과,논술(논술전형),논술,10,604
153,2024,도시계획·부동산학과,학생부종합(기회균형),학생부종합,1,12
153,2024,경영학부,학생부교과(지역균형),학생부교과,6,36
153,2024,경영학부,학생부종합(CAU융합형인재),학생부종합,13,164
153,2024,경영학부,학생부종합(기회균형),학생부종합,4,58
153,2024,경영학부,학생부종합(농어촌),학생부종합,2,20
153,2024,경제학부,학생부종합(CAU융합형인재),학생부종합,8,192
153,2024,경제학부,논술(논술전형),논술,7,283
153,2024,경제학부,학생부종합(기회균형),학생부종합,1,5
153,2024,응용통계학과,학생부교과(지역균형),학생부교과,9,56
153,2024,응용통계학과,학생부종합(CAU융합형인재),학생부종합,9,98
153,2024,응용통계학과,논술(논술전형),논술,10,273
153,2024,응용통계학과,학생부종합(농어촌),학생부종합,2,18
153,2024,광고홍보학과,학생부교과(지역균형),학생부교과,7,72
153,2024,광고홍보학과,학생부종합(CAU융합형인재),학생부종합,9,202
153,2024,광고홍보학과,논술(논술전형),논술,7,737
153,2024,물리학과,학생부교과(지역균형),학생부교과,13,102
153,2024,물리학과,학생부종합(CAU융합형인재),학생부종합,6,128
153,2024,물리학과,논술(논술전형),논술,12,568
153,2024,물리학과,학생부종합(기회균형),학생부종합,4,37
153,2024,물리학과,학생부종합(농어촌),학생부종합,1,9
153,2024,화학과,학생부교과(지역균형),학생부교과,5,38
153,2024,화학과,학생부종합(CAU융합형인재),학생부종합,9,148
153,2024,화학과,학생부종합(기회균형),학생부종합,2,20
153,2024,화학과,학생부종합(농어촌),학생부종합,1,5
153,2024,생명과학과,학생부교과(지역균형),학생부교과,4,38
153,2024,생명과학과,학생부종합(CAU융합형인재),학생부종합,13,120
153,2024,생명과학과,학생부종합(CAU탐구형인재),학생부종합,7,97
153,2024,생명과학과,논술(논술전형),논술,9,575
153,2024,생명과학과,학생부종합(기회균형),학생부종합,1,6
153,2024,수학과,학생부교과(지역균형),학생부교과,12,82
153,2024,수학과,학생부종합(CAU융합형인재),학생부종합,13,157
153,2024,수학과,학생부종합(CAU탐구형인재),학생부종합,8,94
153,2024,수학과,논술(논술전형),논술,12,723
153,2024,수학과,학생부종합(기회균형),학생부종합,1,7
153,2024,사회기반시스템공학부,학생부종합(CAU융합형인재),학생부종합,7,141
153,2024,사회기반시스템공학부,학생부종합(CAU탐구형인재),학생부종합,6,57
153,2024,사회기반시스템공학부,학생부종합(농어촌),학생부종합,2,24
153,2024,건축학부,학생부교과(지역균형),학생부교과,5,54
153,2024,건축학부,학생부종합(CAU융합형인재),학생부종합,13,239
153,2024,건축학부,학생부종합(기회균형),학생부종합,1,9
153,2024,화학신소재공학부,학생부교과(지역균형),학생부교과,13,81
153,2024,화학신소재공학부,학생부종합(CAU융합형인재),학생부종합,21,482
153,2024,화학신소재공학부,학생부종합(CAU탐구형인재),학생부종합,9,79
153,2024,화학신소재공학부,논술(논술전형),논술,11,794
153,2024,화학신소재공학부,학생부종합(기회균형),학생부종합,4,54
153,2024,화학신소재공학부,학생부종합(농어촌),학생부종합,1,12
153,2024,기계공학부,학생부교과(지역균형),학생부교과,10,64
153,2024,기계공학부,학생부종합(CAU융합형인재),학생부종합,15,390
153,2024,기계공학부,학생부종합(CAU탐구형인재),학생부종합,8,76
153,2024,기계공학부,논술(논술전형),논술,3,239
153,2024,전자전기공학부,학생부교과(지역균형),학생부교과,6,50
153,2024,전자전기공학부,학생부종합(CAU융합형인재),학생부종합,6,75
153,2024,전자전기공학부,학생부종합(CAU탐구형인재),학생부종합,4,34
153,2024,전자전기공학부,학생부종합(기회균형),학생부종합,4,34
153,2024,전자전기공학부,학생부종합(농어촌),학생부종합,1,11
153,2024,소프트웨어학부,학생부교과(지역균형),학생부교과,14,237
153,2024,소프트웨어학부,학생부종합(CAU융합형인재),학생부종합,9,215
153,2024,소프트웨어학부,학생부종합(CAU탐구형인재),학생부종합,6,77
153,2024,소프트웨어학부,학생부종합(기회균형),학생부종합,1,14
153,2024,AI학과,학생부교과(지역균형),학생부교과,4,38
153,2024,AI학과,학생부종합(CAU융합형인재),학생부종합,15,558
153,2024,약학부,학생부종합(CAU융합형인재),학생부종합,8,316
153,2024,약학부,학생부종합(CAU탐구형인재),학생부종합,4,99
153,2024,약학부,논술(논술전형),논술,4,498
153,2024,의학부,학생부종합(CAU융합형인재),학생부종합,6,276
153,2024,의학부,학생부종합(CAU탐구형인재),학생부종합,3,78
153,2024,의학부,논술(논술전형),논술,5,687
153,2024,의학부,학생부종합(기회균형),학생부종합,2,52
153,2024,간호학과,학생부교과(지역균형),학생부교과,10,240
153,2024,간호학과,학생부종합(CAU융합형인재),학생부종합,6,73
153,2024,간호학과,논술(논술전형),논술,11,1009
153,2024,유아교육과,학생부교과(지역균형),학생부교과,12,123
153,2024,유아교육과,학생부종합(CAU융합형인재),학생부종합,14,170
153,2024,유아교육과,학생부종합(CAU탐구형인재),학생부종합,4,75
153,2024,유아교육과,학생부종합(기회균형),학생부종합,1,15
153,2024,체육교육과,실기/실적(실기형),실기/실적,17,382
153,2024,디자인학부,실기/실적(실기형),실기/실적,28,415
153,2024,공연영상창작학부,실기/실적(실기형),실기/실적,13,163
153,2025,국어국문학과,학생부교과(지역균형),학생부교과,10,82
153,2025,국어국문학과,학생부종합(CAU융합형인재),학생부종합,14,310
153,2025,국어국문학과,학생부종합(기회균형),학생부종합,1,4
153,2025,영어영문학과,학생부교과(지역균형),학생부교과,10,69
153,2025,영어영문학과,학생부종합(CAU융합형인재),학생부종합,6,63
153,2025,영어영문학과,논술(논술전형),논술,7,422
153,2025,영어영문학과,학생부종합(기회균형),학생부종합,4,14
153,2025,영어영문학과,학생부종합(농어촌),학생부종합,3,24
153,2025,독일어문학전공,학생부종합(CAU융합형인재),학생부종합,19,188
153,2025,독일어문학전공,학생부종합(CAU탐구형인재),학생부종합,5,49
153,2025,독일어문학전공,논술(논술전형),논술,3,181
153,2025,프랑스어문학전공,학생부교과(지역균형),학생부교과,9,105
153,2025,프랑스어문학전공,학생부종합(CAU융합형인재),학생부종합,16,171
153,2025,프랑스어문학전공,논술(논술전형),논술,6,209
153,2025,프랑스어문학전공,학생부종합(기회균형),학생부종합,2,10
153,2025,프랑스어문학전공,학생부종합(농어촌),학생부종합,3,12
153,2025,철학과,학생부교과(지역균형),학생부교과,7,48
153,2025,철학과,학생부종합(CAU융합형인재),학생부종합,25,302
153,2025,철학과,논술(논술전형),논술,14,834
153,2025,철학과,학생부종합(기회균형),학생부종합,1,6
153,2025,역사학과,학생부교과(지역균형),학생부교과,14,89
153,2025,역사학과,학생부종합(CAU융합형인재),학생부종합,7,88
153,2025,정치국제학과,학생부교과(지역균형),학생부교과,13,113
153,2025,정치국제학과,학생부종합(CAU융합형인재),학생부종합,18,261
153,2025,정치국제학과,논술(논술전형),논술,4,222
153,2025,정치국제학과,학생부종합(기회균형),학생부종합,4,41
153,2025,정치국제학과,학생부종합(농어촌),학생부종합,2,18
153,2025,공공인재학부,학생부교과(지역균형),학생부교과,11,69
153,2025,공공인재학부,학생부종합(CAU융합형인재),학생부종합,8,189
153,2025,공공인재학부,학생부종합(CAU탐구형인재),학생부종합,6,38
153,2025,공공인재학부,논술(논술전형),논술,13,1171
153,2025,심리학과,학생부교과(지역균형),학생부교과,4,23
153,2025,심리학과,논술(논술전형),논술,6,284
153,2025,문헌정보학과,학생부교과(지역균형),학생부교과,8,70
153,2025,문헌정보학과,학생부종합(CAU융합형인재),학생부종합,10,91
153,2025,문헌정보학과,학생부종합(기회균형),학생부종합,1,7
153,2025,문헌정보학과,학생부종합(농어촌),학생부종합,3,12
153,2025,사회복지학부,학생부교과(지역균형),학생부교과,3,40
153,2025,사회복지학부,학생부종합(CAU융합형인재),학생부종합,20,313
153,2025,사회복지학부,논술(논술전형),논술,15,928
153,2025,사회복지학부,학생부종합(기회균형),학생부종합,2,14
153,2025,미디어커뮤니케이션학부,학생부종합(CAU융합형인재),학생부종합,14,201
153,2025,미디어커뮤니케이션학부,학생부종합(CAU탐구형인재),학생부종합,2,27
153,2025,미디어커뮤니케이션학부,논술(논술전형),논술,10,687
153,2025,미디어커뮤니케이션학부,학생부종합(기회균형),학생부종합,2,17
153,2025,미디어커뮤니케이션학부,학생부종합(농어촌),학생부종합,2,11
153,2025,도시계획·부동산학과,학생부교과(지역균형),학생부교과,13,128
153,2025,도시계획·부동산학과,학생부종합(CAU융합형인재),학생부종합,14,282
153,2025,도시계획·부동산학과,논술(논술전형),논술,12,762
153,2025,도시계획·부동산학과,학생부종합(기회균형),학생부종합,1,10
153,2025,경영학부,학생부교과(지역균형),학생부교과,6,45
153,2025,경영학부,학생부종합(CAU융합형인재),학생부종합,13,161
153,2025,경영학부,학생부종합(기회균형),학생부종합,4,50
153,2025,경영학부,학생부종합(농어촌),학생부종합,1,9
153,2025,경제학부,학생부종합(CAU융합형인재),학생부종합,8,153
153,2025,경제학부,학생부종합(CAU탐구형인재),학생부종합,4,45
153,2025,경제학부,논술(논술전형),논술,7,307
153,2025,경제학부,학생부종합(기회균형),학생부종합,1,5
153,2025,응용통계학과,학생부교과(지역균형),학생부교과,9,44
153,2025,응용통계학과,학생부종합(CAU융합형인재),학생부종합,9,58
153,2025,응용통계학과,논술(논술전형),논술,8,231
153,2025,응용통계학과,학생부종합(기회균형),학생부종합,2,15
153,2025,응용통계학과,학생부종합(농어촌),학생부종합,2,15
153,2025,광고홍보학과,학생부교과(지역균형),학생부교과,7,74
153,2025,광고홍보학과,학생부종합(CAU융합형인재),학생부종합,10,223
153,2025,광고홍보학과,논술(논술전형),논술,7,639
153,2025,물리학과,학생부교과(지역균형),학생부교과,13,73
153,2025,물리학과,학생부종합(CAU융합형인재),학생부종합,6,103
153,2025,물리학과,논술(논술전형),논술,12,549
153,2025,물리학과,학생부종합(기회균형),학생부종합,4,43
153,2025,물리학과,학생부종합(농어촌),학생부종합,1,8
153,2025,화학과,학생부교과(지역균형),학생부교과,5,32
153,2025,화학과,학생부종합(CAU융합형인재),학생부종합,9,102
153,2025,화학과,학생부종합(기회균형),학생부종합,2,12
153,2025,화학과,학생부종합(농어촌),학생부종합,1,6
153,2025,생명과학과,학생부교과(지역균형),학생부교과,5,44
153,2025,생명과학과,학생부종합(CAU융합형인재),학생부종합,13,157
153,2025,생명과학과,학생부종합(CAU탐구형인재),학생부종합,8,82
153,2025,생명과학과,논술(논술전형),논술,9,634
153,2025,생명과학과,학생부종합(기회균형),학생부종합,1,7
153,2025,수학과,학생부교과(지역균형),학생부교과,12,67
153,2025,수학과,학생부종합(CAU융합형인재),학생부종합,13,157
153,2025,수학과,학생부종합(CAU탐구형인재),학생부종합,8,68
153,2025,수학과,논술(논술전형),논술,14,636
153,2025,수학과,학생부종합(기회균형),학생부종합,1,7
153,2025,사회기반시스템공학부,학생부교과(지역균형),학생부교과,15,83
153,2025,사회기반시스템공학부,학생부종합(CAU융합형인재),학생부종합,7,114
153,2025,사회기반시스템공학부,학생부종합(CAU탐구형인재),학생부종합,6,37
153,2025,사회기반시스템공학부,학생부종합(농어촌),학생부종합,2,19
153,2025,건축학부,학생부교과(지역균형),학생부교과,6,59
153,2025,건축학부,학생부종합(CAU융합형인재),학생부종합,13,174
153,2025,건축학부,학생부종합(기회균형),학생부종합,1,9
153,2025,화학신소재공학부,학생부교과(지역균형),학생부교과,13,92
153,2025,화학신소재공학부,학생부종합(CAU융합형인재),학생부종합,17,400
153,2025,화학신소재공학부,학생부종합(CAU탐구형인재),학생부종합,10,59
153,2025,화학신소재공학부,논술(논술전형),논술,11,638
153,2025,화학신소재공학부,학생부종합(기회균형),학생부종합,4,44
153,2025,화학신소재공학부,학생부종합(농어촌),학생부종합,1,11
153,2025,기계공학부,학생부교과(지역균형),학생부교과,9,57
153,2025,기계공학부,학생부종합(CAU융합형인재),학생부종합,15,381
153,2025,기계공학부,학생부종합(CAU탐구형인재),학생부종합,7,54
153,2025,기계공학부,논술(논술전형),논술,2,143
153,2025,전자전기공학부,학생부교과(지역균형),학생부교과,6,50
153,2025,전자전기공학부,학생부종합(CAU융합형인재),학생부종합,6,69
153,2025,전자전기공학부,학생부종합(CAU탐구형인재),학생부종합,4,26
153,2025,전자전기공학부,학생부종합(기회균형),학생부종합,4,43
153,2025,전자전기공학부,학생부종합(농어촌),학생부종합,1,8
153,2025,소프트웨어학부,학생부교과(지역균형),학생부교과,14,170
153,2025,소프트웨어학부,학생부종합(CAU융합형인재),학생부종합,11,326
153,2025,소프트웨어학부,학생부종합(CAU탐구형인재),학생부종합,7,64
153,2025,소프트웨어학부,학생부종합(기회균형),학생부종합,1,11
153,2025,AI학과,학생부교과(지역균형),학생부교과,4,40
153,2025,AI학과,학생부종합(CAU융합형인재),학생부종합,16,552
153,2025,AI학과,논술(논술전형),논술,6,216
153,2025,약학부,학생부종합(CAU융합형인재),학생부종합,9,372
153,2025,약학부,학생부종합(CAU탐구형인재),학생부종합,4,78
153,2025,약학부,논술(논술전형),논술,4,486
153,2025,의학부,학생부교과(지역균형),학생부교과,10,209
153,2025,의학부,학생부종합(CAU융합형인재),학생부종합,6,252
153,2025,의학부,학생부종합(CAU탐구형인재),학생부종합,3,61
153,2025,의학부,논술(논술전형),논술,5,648
153,2025,의학부,학생부종합(기회균형),학생부종합,2,59
153,2025,간호학과,학생부교과(지역균형),학생부교과,10,206
153,2025,간호학과,학생부종합(CAU융합형인재),학생부종합,6,81
153,2025,간호학과,논술(논술전형),논술,10,824
153,2025,유아교육과,학생부교과(지역균형),학생부교과,12,100
153,2025,유아교육과,학생부종합(CAU융합형인재),학생부종합,13,193
153,2025,유아교육과,학생부종합(CAU탐구형인재),학생부종합,4,80
153,2025,유아교육과,학생부종합(기회균형),학생부종합,1,15
153,2025,체육교육과,실기/실적(실기형),실기/실적,17,260
153,2025,디자인학부,실기/실적(실기형),실기/실적,28,349
153,2025,공연영상창작학부,실기/실적(실기형),실기/실적,13,145
153,2026,국어국문학과,학생부교과(지역균형),학생부교과,10,110
153,2026,국어국문학과,학생부종합(CAU융합형인재),학생부종합,12,239
153,2026,국어국문학과,학생부종합(기회균형),학생부종합,1,6
153,2026,영어영문학과,학생부교과(지역균형),학생부교과,10,56
153,2026,영어영문학과,학생부종합(CAU융합형인재),학생부종합,5,52
153,2026,영어영문학과,논술(논술전형),논술,6,434
153,2026,영어영문학과,학생부종합(기회균형),학생부종합,4,23
153,2026,영어영문학과,학생부종합(농어촌),학생부종합,3,28
153,2026,독일어문학전공,학생부종합(CAU융합형인재),학생부종합,15,165
153,2026,독일어문학전공,학생부종합(CAU탐구형인재),학생부종합,6,56
153,2026,독일어문학전공,논술(논술전형),논술,3,183
153,2026,프랑스어문학전공,학생부교과(지역균형),학생부교과,9,81
153,2026,프랑스어문학전공,학생부종합(CAU융합형인재),학생부종합,15,144
153,2026,프랑스어문학전공,논술(논술전형),논술,6,259
153,2026,프랑스어문학전공,학생부종합(기회균형),학생부종합,2,10
153,2026,프랑스어문학전공,학생부종합(농어촌),학생부종합,3,13
153,2026,철학과,학생부교과(지역균형),학생부교과,7,50
153,2026,철학과,학생부종합(CAU융합형인재),학생부종합,25,415
153,2026,철학과,논술(논술전형),논술,16,1204
153,2026,철학과,학생부종합(기회균형),학생부종합,2,16
153,2026,역사학과,학생부교과(지역균형),학생부교과,14,89
153,2026,역사학과,학생부종합(CAU융합형인재),학생부종합,7,115
153,2026,정치국제학과,학생부교과(지역균형),학생부교과,10,116
153,2026,정치국제학과,학생부종합(CAU융합형인재),학생부종합,18,201
153,2026,정치국제학과,논술(논술전형),논술,5,340
153,2026,정치국제학과,학생부종합(기회균형),학생부종합,3,27
153,2026,정치국제학과,학생부종합(농어촌),학생부종합,2,17
153,2026,공공인재학부,학생부종합(CAU융합형인재),학생부종합,7,151
153,2026,공공인재학부,학생부종합(CAU탐구형인재),학생부종합,6,47
153,2026,공공인재학부,논술(논술전형),논술,13,1205
153,2026,심리학과,학생부교과(지역균형),학생부교과,5,37
153,2026,심리학과,논술(논술전형),논술,5,275
153,2026,문헌정보학과,학생부교과(지역균형),학생부교과,8,98
153,2026,문헌정보학과,학생부종합(CAU융합형인재),학생부종합,11,138
153,2026,문헌정보학과,학생부종합(기회균형),학생부종합,1,6
153,2026,문헌정보학과,학생부종합(농어촌),학생부종합,3,17
153,2026,사회복지학부,학생부교과(지역균형),학생부교과,3,49
153,2026,사회복지학부,학생부종합(CAU융합형인재),학생부종합,23,337
153,2026,사회복지학부,논술(논술전형),논술,15,780
153,2026,사회복지학부,학생부종합(기회균형),학생부종합,2,16
153,2026,미디어커뮤니케이션학부,학생부종합(CAU융합형인재),학생부종합,14,242
153,2026,미디어커뮤니케이션학부,학생부종합(CAU탐구형인재),학생부종합,2,28
153,2026,미디어커뮤니케이션학부,논술(논술전형),논술,10,844
153,2026,미디어커뮤니케이션학부,학생부종합(기회균형),학생부종합,3,27
153,2026,미디어커뮤니케이션학부,학생부종합(농어촌),학생부종합,2,15
153,2026,도시계획·부동산학과,학생부교과(지역균형),학생부교과,14,127
153,2026,도시계획·부동산학과,학생부종합(CAU융합형인재),학생부종합,13,242
153,2026,도시계획·부동산학과,논술(논술전형),논술,14,862
153,2026,도시계획·부동산학과,학생부종합(기회균형),학생부종합,1,9
153,2026,경영학부,학생부교과(지역균형),학생부교과,6,48
153,2026,경영학부,학생부종합(CAU융합형인재),학생부종합,13,124
153,2026,경영학부,학생부종합(기회균형),학생부종합,4,41
153,2026,경영학부,학생부종합(농어촌),학생부종합,1,8
153,2026,경제학부,학생부종합(CAU융합형인재),학생부종합,8,133
153,2026,경제학부,학생부종합(CAU탐구형인재),학생부종합,4,60
153,2026,경제학부,논술(논술전형),논술,7,324
153,2026,경제학부,학생부종합(기회균형),학생부종합,1,6
153,2026,응용통계학과,학생부교과(지역균형),학생부교과,9,43
153,2026,응용통계학과,학생부종합(CAU융합형인재),학생부종합,9,83
153,2026,응용통계학과,논술(논술전형),논술,8,308
153,2026,응용통계학과,학생부종합(기회균형),학생부종합,2,16
153,2026,응용통계학과,학생부종합(농어촌),학생부종합,3,24
153,2026,광고홍보학과,학생부교과(지역균형),학생부교과,7,104
153,2026,광고홍보학과,학생부종합(CAU융합형인재),학생부종합,11,261
153,2026,광고홍보학과,논술(논술전형),논술,7,520
153,2026,물리학과,학생부교과(지역균형),학생부교과,13,69
153,2026,물리학과,학생부종합(CAU융합형인재),학생부종합,6,170
153,2026,물리학과,논술(논술전형),논술,12,536
153,2026,물리학과,학생부종합(기회균형),학생부종합,4,31
153,2026,물리학과,학생부종합(농어촌),학생부종합,1,9
153,2026,화학과,학생부교과(지역균형),학생부교과,5,30
153,2026,화학과,학생부종합(CAU융합형인재),학생부종합,9,102
153,2026,화학과,학생부종합(기회균형),학생부종합,1,7
153,2026,화학과,학생부종합(농어촌),학생부종합,2,13
153,2026,생명과학과,학생부교과(지역균형),학생부교과,6,45
153,2026,생명과학과,학생부종합(CAU융합형인재),학생부종합,13,126
153,2026,생명과학과,학생부종합(CAU탐구형인재),학생부종합,8,98
153,2026,생명과학과,논술(논술전형),논술,9,521
153,2026,생명과학과,학생부종합(기회균형),학생부종합,1,6
153,2026,수학과,학생부교과(지역균형),학생부교과,12,67
153,2026,수학과,학생부종합(CAU융합형인재),학생부종합,13,215
153,2026,수학과,학생부종합(CAU탐구형인재),학생부종합,8,75
153,2026,수학과,논술(논술전형),논술,16,1022
153,2026,수학과,학생부종합(기회균형),학생부종합,2,13
153,2026,사회기반시스템공학부,학생부교과(지역균형),학생부교과,15,98
153,2026,사회기반시스템공학부,학생부종합(CAU융합형인재),학생부종합,7,157
153,2026,사회기반시스템공학부,학생부종합(CAU탐구형인재),학생부종합,6,46
153,2026,사회기반시스템공학부,학생부종합(농어촌),학생부종합,2,25
153,2026,건축학부,학생부교과(지역균형),학생부교과,6,62
153,2026,건축학부,학생부종합(CAU융합형인재),학생부종합,11,236
153,2026,건축학부,학생부종합(기회균형),학생부종합,1,9
153,2026,화학신소재공학부,학생부교과(지역균형),학생부교과,13,92
153,2026,화학신소재공학부,학생부종합(CAU융합형인재),학생부종합,17,346
153,2026,화학신소재공학부,학생부종합(CAU탐구형인재),학생부종합,10,77
153,2026,화학신소재공학부,논술(논술전형),논술,11,664
153,2026,화학신소재공학부,학생부종합(기회균형),학생부종합,3,41
153,2026,화학신소재공학부,학생부종합(농어촌),학생부종합,1,10
153,2026,기계공학부,학생부교과(지역균형),학생부교과,7,49
153,2026,기계공학부,학생부종합(CAU융합형인재),학생부종합,17,429
153,2026,기계공학부,학생부종합(CAU탐구형인재),학생부종합,7,59
153,2026,기계공학부,논술(논술전형),논술,2,237
153,2026,전자전기공학부,학생부교과(지역균형),학생부교과,7,70
153,2026,전자전기공학부,학생부종합(CAU융합형인재),학생부종합,5,43
153,2026,전자전기공학부,학생부종합(CAU탐구형인재),학생부종합,4,37
153,2026,전자전기공학부,학생부종합(기회균형),학생부종합,4,41
153,2026,전자전기공학부,학생부종합(농어촌),학생부종합,1,11
153,2026,소프트웨어학부,학생부교과(지역균형),학생부교과,14,230
153,2026,소프트웨어학부,학생부종합(CAU융합형인재),학생부종합,12,312
153,2026,소프트웨어학부,학생부종합(CAU탐구형인재),학생부종합,6,68
153,2026,소프트웨어학부,학생부종합(기회균형),학생부종합,1,16
153,2026,AI학과,학생부교과(지역균형),학생부교과,4,44
153,2026,AI학과,학생부종합(CAU융합형인재),학생부종합,19,497
153,2026,AI학과,논술(논술전형),논술,6,287
153,2026,약학부,학생부종합(CAU융합형인재),학생부종합,9,286
153,2026,약학부,학생부종합(CAU탐구형인재),학생부종합,5,121
153,2026,약학부,논술(논술전형),논술,3,378
153,2026,의학부,학생부교과(지역균형),학생부교과,10,187
153,2026,의학부,학생부종합(CAU융합형인재),학생부종합,5,284
153,2026,의학부,학생부종합(CAU탐구형인재),학생부종합,4,105
153,2026,의학부,논술(논술전형),논술,5,745
153,2026,간호학과,학생부교과(지역균형),학생부교과,12,246
153,2026,간호학과,학생부종합(CAU융합형인재),학생부종합,7,92
153,2026,유아교육과,학생부교과(지역균형),학생부교과,12,159
153,2026,유아교육과,학생부종합(CAU융합형인재),학생부종합,15,217
153,2026,유아교육과,학생부종합(CAU탐구형인재),학생부종합,4,79
153,2026,체육교육과,실기/실적(실기형),실기/실적,15,247
153,2026,디자인학부,실기/실적(실기형),실기/실적,28,407
153,2026,공연영상창작학부,실기/실적(실기형),실기/실적,13,203
153,2026,첨단소재공학과,학생부교과(지역균형),학생부교과,5,46
153,2026,첨단소재공학과,학생부종합(CAU융합형인재),학생부종합,16,279
153,2026,첨단소재공학과,논술(논술전형),논술,4,208
153,2026,첨단소재공학과,학생부종합(기회균형),학생부종합,4,18
153,2026,첨단소재공학과,학생부종합(농어촌),학생부종합,3,36
