대학ID,학년도,학과명,계열,모집인원,지원자,입학자
1,2024,간호학과,의약계열,290,6159,290
1,2024,건축학부,공학계열,136,2635,136
1,2024,게임?영상학과,공학계열,60,603,39
1,2024,경영학부,사회계열,455,6586,446
1,2024,경제학과,사회계열,61,1203,61
1,2024,경찰행정학과,사회계열,58,969,58
1,2024,관광경영학과,사회계열,90,1265,89
1,2024,국제학부,사회계열,172,220,172
1,2024,금융?빅데이터학부,자연계열,105,1500,105
1,2024,기계?스마트?산업공학부(기계공학전공),공학계열,112,2288,112
1,2024,기계?스마트?산업공학부(산업공학전공),공학계열,54,914,54
1,2024,기계?스마트?산업공학부(스마트팩토리전공),공학계열,50,777,50
1,2024,도시계획?조경학부,사회계열,83,1287,83
1,2024,물리치료학과,의약계열,56,1412,56
1,2024,물리학과,자연계열,52,862,52
1,2024,미디어커뮤니케이션학과,사회계열,99,2087,99
1,2024,미래자동차학과,공학계열,40,235,38
1,2024,미술·디자인학부(디자인),예체능계열,65,1630,65
1,2024,미술·디자인학부(회화·조소),예체능계열,56,630,56
1,2024,바이오나노학과,자연계열,52,871,52
1,2024,바이오로직스학과,자연계열,103,1527,103
1,2024,바이오의료기기학과,의약계열,40,244,38
1,2024,반도체?디스플레이학과,공학계열,50,275,49
1,2024,반도체?전자공학부,공학계열,242,3945,242
1,2024,반도체설계학과,공학계열,50,268,50
1,2024,방사선학과,의약계열,49,1039,49
1,2024,법학과,사회계열,106,1738,106
1,2024,사회복지학과,사회계열,57,1199,57
1,2024,생명과학과,자연계열,53,1238,53
1,2024,설비·소방공학과,공학계열,55,980,55
1,2024,스마트시티학과,공학계열,52,893,52
1,2024,식품생명공학과,자연계열,55,1052,55
1,2024,식품영양학과,자연계열,58,969,58
1,2024,신소재공학과,공학계열,58,961,58
1,2024,심리학과,인문계열,71,1386,71
1,2024,약학과,의약계열,40,1179,40
1,2024,연기예술학과,예체능계열,32,1765,32
1,2024,외국어계열,인문계열,225,4050,225
1,2024,운동재활학과,의약계열,42,1369,42
1,2024,유아교육학과,교육계열,60,1152,60
1,2024,음악학부(기악),예체능계열,31,454,31
1,2024,음악학부(성악),예체능계열,12,136,12
1,2024,음악학부(작곡),예체능계열,7,53,7
1,2024,응급구조학과,의약계열,24,506,24
1,2024,응용통계학과,자연계열,53,790,53
1,2024,의공학과,의약계열,53,892,53
1,2024,의료산업경영학과,사회계열,57,907,57
1,2024,의예과,의약계열,46,1319,46
1,2024,자유전공학부,인문계열,51,1273,51
1,2024,전기공학과,공학계열,89,1457,89
1,2024,체육학부(체육),예체능계열,41,2192,41
1,2024,체육학부(태권도),예체능계열,33,470,33
1,2024,치위생학과,의약계열,46,618,46
1,2024,컴퓨터공학부(스마트보안전공),공학계열,53,988,53
1,2024,컴퓨터공학부(컴퓨터공학전공),공학계열,263,3556,256
1,2024,클라우드공학과,공학계열,30,1393,28
1,2024,토목환경공학과,공학계열,52,907,52
1,2024,패션산업학과,자연계열,54,1120,54
1,2024,한국어문학과,인문계열,64,1010,64
1,2024,한의예과,의약계열,31,693,31
1,2024,행정학과,사회계열,55,892,55
1,2024,화공생명배터리공학부,공학계열,211,3194,211
1,2024,화학과,자연계열,54,904,54
1,2024,AI?소프트웨어학부(소프트웨어전공),공학계열,103,1689,103
1,2024,AI?소프트웨어학부(인공지능전공),공학계열,156,2757,156
1,2025,간호학과,의약계열,295,6184,295
1,2025,건축학부,공학계열,116,2308,116
1,2025,게임?영상학과,공학계열,30,594,27
1,2025,경영학과,사회계열,423,4861,414
1,2025,경제학과,사회계열,67,1155,67
1,2025,관광경영학과,사회계열,131,1228,131
1,2025,국제학부(국제자유전공),인문계열,178,213,178
1,2025,국제학부(한국학전공),인문계열,18,21,18
1,2025,금융?빅데이터학부,자연계열,109,1429,109
1,2025,기계공학부,공학계열,197,3786,197
1,2025,기계공학부(스마트팩토리전공),공학계열,50,897,50
1,2025,도시계획?조경학부,사회계열,71,1216,71
1,2025,물리치료학과,의약계열,58,1507,58
1,2025,미디어커뮤니케이션학과,사회계열,129,1946,129
1,2025,미래자동차학과,공학계열,40,211,32
1,2025,미술?디자인학부(산업디자인전공),예체능계열,32,576,32
1,2025,미술?디자인학부(시각디자인전공),예체능계열,31,954,31
1,2025,미술?디자인학부(조소전공),예체능계열,25,174,25
1,2025,미술?디자인학부(회화전공),예체능계열,30,288,30
1,2025,바이오나노학과,자연계열,48,768,48
1,2025,바이오로직스학과,자연계열,107,1423,107
1,2025,바이오의료기기학과,의약계열,40,217,35
1,2025,반도체?디스플레이학과,공학계열,100,458,97
1,2025,반도체대학,공학계열,219,3317,219
1,2025,반도체물리학과,자연계열,47,685,47
1,2025,반도체설계학과,공학계열,50,236,40
1,2025,방사선학과,의약계열,47,1063,47
1,2025,법과대학,사회계열,164,3275,164
1,2025,사회복지학과,사회계열,46,1250,46
1,2025,생명과학과,자연계열,48,1135,48
1,2025,스마트보안학과,공학계열,52,871,52
1,2025,스마트시티학과,공학계열,52,897,52
1,2025,시스템반도체학과,공학계열,52,753,52
1,2025,식품생명공학과,자연계열,50,943,50
1,2025,식품영양학과,자연계열,47,944,47
1,2025,신소재공학과,공학계열,51,863,51
1,2025,심리학과,인문계열,54,1185,54
1,2025,약학과,의약계열,40,1471,40
1,2025,연기예술학과,예체능계열,30,1802,30
1,2025,운동재활학과,의약계열,44,1171,44
1,2025,유아교육학과,교육계열,50,1130,50
1,2025,음악학부(기악),예체능계열,31,410,31
1,2025,음악학부(성악),예체능계열,12,118,12
1,2025,음악학부(작곡),예체능계열,7,53,7
1,2025,응급구조학과,의약계열,22,820,22
1,2025,응용통계학과,자연계열,48,803,48
1,2025,의공학과,의약계열,48,725,48
1,2025,의료산업경영학과,사회계열,50,891,50
1,2025,의예과,의약계열,142,9814,142
1,2025,인공지능학과,공학계열,159,2642,159
1,2025,자유전공학부,무전공,321,7656,321
1,2025,전기공학과,공학계열,69,1176,69
1,2025,체육학부(체육),예체능계열,41,1968,41
1,2025,체육학부(태권도),예체능계열,30,623,30
1,2025,치위생학과,의약계열,47,677,47
1,2025,컴퓨터공학과,공학계열,318,3680,313
1,2025,클라우드공학과,공학계열,30,787,30
1,2025,토목환경공학과,공학계열,48,830,48
1,2025,패션산업학과,자연계열,55,1175,55
1,2025,한국어교육학과,교육계열,17,22,17
1,2025,한의예과,의약계열,31,592,31
1,2025,화공생명배터리공학부,공학계열,213,2958,213
1,2025,화학과,자연계열,49,907,49
1,2025,회계세무학과,사회계열,52,978,52
1,2025,AI인문대학,인문계열,233,4576,233
1,2026,간호학과,의약계열,307,6397,296
1,2026,건설환경공학과,공학계열,56,1011,50
1,2026,건축공학과,공학계열,47,945,47
1,2026,건축학부,공학계열,69,1978,69
1,2026,게임·영상학과(4년제),공학계열,24,631,24
1,2026,경영학과,사회계열,476,7351,397
1,2026,경제학과,사회계열,76,1380,69
1,2026,경찰행정학과,사회계열,6,72,0
1,2026,관광경영학과,사회계열,130,1802,121
1,2026,국제학부(국제자유전공),인문계열,105,106,93
1,2026,국제학부(한국학전공),인문계열,22,35,12
1,2026,금융·빅데이터학부,자연계열,105,1826,109
1,2026,금융·빅데이터학부(금융수학전공),자연계열,18,103,0
1,2026,금융·빅데이터학부(빅데이터경영전공),자연계열,1,13,0
1,2026,기계공학부,공학계열,188,4140,189
1,2026,기계공학부(기계공학전공),공학계열,31,331,0
1,2026,기계공학부(산업공학전공),공학계열,8,97,0
1,2026,기계공학부(설비·소방공학전공),공학계열,5,35,0
1,2026,도시계획·조경학부,사회계열,72,1356,72
1,2026,도시계획학전공,사회계열,10,115,0
1,2026,물리치료학과,의약계열,66,1890,60
1,2026,미디어커뮤니케이션학과,사회계열,156,2084,138
1,2026,미래자동차학과(4년제),공학계열,27,240,27
1,2026,미술·디자인학부(산업디자인전공),예체능계열,33,714,33
1,2026,미술·디자인학부(시각디자인전공),예체능계열,38,1227,34
1,2026,미술·디자인학부(조소전공),예체능계열,25,182,25
1,2026,미술·디자인학부(회화전공),예체능계열,30,242,30
1,2026,바이오나노학과,자연계열,60,983,48
1,2026,바이오로직스학과,자연계열,120,2129,108
1,2026,바이오의료기기학과(4년제),의약계열,34,221,34
1,2026,반도체·디스플레이학과(4년제),공학계열,103,584,103
1,2026,반도체대학,공학계열,217,3953,217
1,2026,반도체물리학과,자연계열,60,939,49
1,2026,반도체설계학과(4년제),공학계열,37,220,37
1,2026,방사선학과,의약계열,58,1287,49
1,2026,법과대학,사회계열,160,3982,162
1,2026,법학과,사회계열,22,554,0
1,2026,사회복지학과,사회계열,57,1622,48
1,2026,생명과학과,자연계열,55,1641,48
1,2026,스마트보안학과,공학계열,53,1065,50
1,2026,스마트시티학과,공학계열,61,1137,54
1,2026,스마트팩토리학과,공학계열,54,979,50
1,2026,시스템반도체학과,공학계열,50,985,50
1,2026,식품생명공학과,자연계열,57,1128,50
1,2026,식품영양학과,자연계열,62,1127,48
1,2026,신소재공학과,공학계열,62,1240,52
1,2026,실내건축학전공,공학계열,0,3,0
1,2026,심리학과,인문계열,74,1794,63
1,2026,약학과,의약계열,36,1500,36
1,2026,연기예술학과,예체능계열,31,1999,31
1,2026,영미어문학과,인문계열,19,207,0
1,2026,운동재활학과,의약계열,49,1410,42
1,2026,유럽어문학과,인문계열,1,1,0
1,2026,유아교육학과,교육계열,56,1284,50
1,2026,음악학부(기악),예체능계열,31,381,31
1,2026,음악학부(성악),예체능계열,13,173,13
1,2026,음악학부(작곡),예체능계열,7,47,7
1,2026,응급구조학과,의약계열,22,696,22
1,2026,응용통계학과,자연계열,60,1066,49
1,2026,의공학과,의약계열,57,1088,49
1,2026,의료산업경영학과,사회계열,58,1333,51
1,2026,의예과,의약계열,50,4484,50
1,2026,인공지능학과,공학계열,189,3621,160
1,2026,일본어문학과,인문계열,1,1,0
1,2026,자유전공학부,무전공,321,5221,321
1,2026,전기공학과,공학계열,81,1400,70
1,2026,전자공학과,공학계열,40,646,0
1,2026,중국어문학과,인문계열,13,16,0
1,2026,체육학부(체육),예체능계열,41,2366,41
1,2026,체육학부(태권도),예체능계열,30,674,30
1,2026,치위생학과,의약계열,57,1254,48
1,2026,컴퓨터공학과,공학계열,323,3456,287
1,2026,클라우드공학과,공학계열,30,1118,30
1,2026,패션산업학과,자연계열,62,1428,55
1,2026,한국어교육학과,교육계열,29,33,29
1,2026,한국어문학과,인문계열,19,191,0
1,2026,한의예과,의약계열,31,510,31
1,2026,행정학과,사회계열,20,332,0
1,2026,화공생명배터리공학부,공학계열,218,3595,218
1,2026,화공생명배터리공학부(배터리공학전공),공학계열,2,17,0
1,2026,화공생명배터리공학부(화공생명공학전공),공학계열,34,454,0
1,2026,화학과,자연계열,54,857,49
1,2026,회계세무학과,사회계열,53,1076,52
1,2026,AI인문대학,인문계열,222,6392,250
2,2024,가정교육과,교육계열,13,94,12
2,2024,간호학과,의약계열,154,1289,156
2,2024,건설융합학부,공학계열,81,219,80
2,2024,건축·토목·환경공학부,공학계열,119,794,119
2,2024,건축학과(5),공학계열,27,279,28
2,2024,경영·회계학부,사회계열,220,1415,220
2,2024,경제·정보통계학부,사회계열,82,583,83
2,2024,과학교육학부,교육계열,45,252,44
2,2024,관광경영학과,사회계열,37,339,41
2,2024,교육학과,교육계열,16,112,15
2,2024,국어교육과,교육계열,33,190,33
2,2024,국제무역학과,사회계열,62,381,62
2,2024,글로벌융합학부,사회계열,46,89,46
2,2024,글로벌인재학부,사회계열,125,490,124
2,2024,기계시스템공학부,공학계열,99,317,98
2,2024,기계의용?메카트로닉스공학과,공학계열,106,676,106
2,2024,기타모집단위,인문계열,26,0,0
2,2024,동물산업융합학과,자연계열,39,645,39
2,2024,동물응용과학과,자연계열,45,420,45
2,2024,동물자원과학과,자연계열,51,479,51
2,2024,디자인학과,예체능계열,36,270,36
2,2024,디지털밀리터리학과,공학계열,21,113,21
2,2024,멀티디자인학과,예체능계열,59,189,59
2,2024,목재?종이과학부,공학계열,51,395,51
2,2024,무용학과,예체능계열,20,96,20
2,2024,문화인류학과,인문계열,24,194,24
2,2024,물리치료학과,의약계열,35,281,36
2,2024,미디어커뮤니케이션학과,사회계열,30,319,32
2,2024,미술학과,예체능계열,24,124,24
2,2024,바이오기능성소재학과,자연계열,16,59,15
2,2024,바이오산업공학부,자연계열,63,664,63
2,2024,반도체물리학과,자연계열,17,173,17
2,2024,방사선학과,의약계열,32,309,32
2,2024,배터리융합공학과,공학계열,42,255,42
2,2024,부동산학과,사회계열,29,193,29
2,2024,분자생명과학과,자연계열,27,152,28
2,2024,사회복지학과,사회계열,37,157,37
2,2024,사회학과,사회계열,27,199,30
2,2024,산림과학부,자연계열,102,505,102
2,2024,생명건강공학과,공학계열,28,169,28
2,2024,생명과학과,자연계열,25,122,25
2,2024,생물의소재공학과,공학계열,24,144,24
2,2024,생물자원과학부,자연계열,52,406,52
2,2024,생태조경디자인학과,자연계열,28,174,29
2,2024,생활조형디자인학과,예체능계열,51,116,51
2,2024,소방방재학부,공학계열,92,355,92
2,2024,수의예과,자연계열,40,1022,40
2,2024,수학과,자연계열,28,165,28
2,2024,수학교육과,교육계열,33,178,33
2,2024,스마트팜농산업학과,자연계열,22,29,14
2,2024,스포츠과학과,예체능계열,26,103,26
2,2024,식품영양학과,자연계열,31,139,29
2,2024,신소재공학과,공학계열,53,198,53
2,2024,안경광학과,공학계열,32,124,31
2,2024,약학과,의약계열,54,638,54
2,2024,에너지자원·산업공학부,공학계열,65,413,65
2,2024,에너지자원화학공학과,공학계열,56,186,56
2,2024,역사교육과,교육계열,18,122,17
2,2024,영상문화학과,예체능계열,50,657,50
2,2024,영어교육과,교육계열,26,192,25
2,2024,원예·농업자원경제학부,자연계열,66,409,66
2,2024,유아교육과,교육계열,15,78,15
2,2024,윤리교육과,교육계열,18,103,17
2,2024,음악학과,예체능계열,29,59,29
2,2024,응급구조학과,의약계열,32,256,33
2,2024,의생명융합학부,자연계열,61,422,61
2,2024,의예과,의약계열,49,1049,49
2,2024,인문학부,인문계열,258,1898,261
2,2024,일반사회교육과,교육계열,19,148,18
2,2024,일본어학과,인문계열,15,120,16
2,2024,자유전공학부(인문계열),인문계열,87,484,87
2,2024,자유전공학부(자연계열),자연계열,58,358,58
2,2024,작업치료학과,의약계열,42,187,43
2,2024,전기전자공학과,공학계열,97,723,98
2,2024,전기제어계측공학부,공학계열,72,213,72
2,2024,전자공학과,공학계열,42,232,42
2,2024,전자정보통신공학과,공학계열,65,207,64
2,2024,정치외교학과,사회계열,26,203,29
2,2024,지구환경시스템공학과,자연계열,38,155,38
2,2024,지리교육과,교육계열,18,100,17
2,2024,지역건설공학과,공학계열,30,309,30
2,2024,지질·지구물리학부,자연계열,44,354,44
2,2024,체육교육과,교육계열,15,76,15
2,2024,치위생학과,의약계열,35,190,35
2,2024,컴퓨터공학과,공학계열,159,983,163
2,2024,한문교육과,교육계열,14,70,13
2,2024,행정.심리학부,사회계열,73,609,75
2,2024,화공?생물공학부,공학계열,72,438,72
2,2024,화학ㆍ생화학부,자연계열,70,373,70
2,2024,환경융합학부,자연계열,64,543,65
2,2024,휴먼스포츠학부,예체능계열,46,169,46
2,2024,AI소프트웨어학과,공학계열,102,390,101
2,2024,AI융합학과,공학계열,42,343,42
2,2025,가정교육과,교육계열,13,78,12
2,2025,간호학과,의약계열,154,1562,154
2,2025,건설융합학부,공학계열,68,281,74
2,2025,건축·토목·환경공학부,공학계열,119,1061,119
2,2025,건축학과(5),공학계열,26,315,27
2,2025,경영·회계학부,사회계열,200,1873,203
2,2025,경영대학 무전공학과,사회계열,38,297,38
2,2025,경제·정보통계학부,사회계열,74,667,74
2,2025,공학대학 무전공학과,공학계열,60,232,61
2,2025,과학교육학부,교육계열,45,236,44
2,2025,관광경영학과,사회계열,35,338,36
2,2025,교육학과,교육계열,16,133,15
2,2025,국어교육과,교육계열,33,219,33
2,2025,국제무역학과,사회계열,54,419,56
2,2025,그린에너지공학과,공학계열,130,517,132
2,2025,글로벌융합학부,사회계열,214,362,214
2,2025,글로벌인재학부,사회계열,116,520,118
2,2025,기계공학과,공학계열,86,445,90
2,2025,기계의용?메카트로닉스공학과,공학계열,107,786,108
2,2025,기타모집단위,인문계열,77,0,0
2,2025,농업생명과학대학 무전공학과,무전공,26,201,26
2,2025,동물산업융합학과,자연계열,39,407,39
2,2025,동물응용과학과,자연계열,45,398,45
2,2025,동물자원과학과,자연계열,51,620,50
2,2025,디자인학과,예체능계열,36,450,37
2,2025,디지털밀리터리학과,공학계열,21,246,21
2,2025,멀티디자인학과,예체능계열,55,162,62
2,2025,목재?종이과학부,공학계열,49,536,49
2,2025,무용학과,예체능계열,20,49,20
2,2025,문화인류학과,인문계열,24,253,24
2,2025,물리치료학과,의약계열,35,470,37
2,2025,미디어커뮤니케이션학과,사회계열,31,359,34
2,2025,미술학과,예체능계열,24,243,24
2,2025,바이오기능성소재학과,자연계열,16,104,17
2,2025,반도체물리학과,자연계열,18,141,18
2,2025,방사선학과,의약계열,32,339,32
2,2025,배터리융합공학과,공학계열,42,241,43
2,2025,부동산학과,사회계열,29,400,29
2,2025,분자생명과학과,자연계열,27,154,28
2,2025,사회복지학과,사회계열,37,255,37
2,2025,사회학과,사회계열,28,427,28
2,2025,산림과학부,자연계열,102,684,102
2,2025,생명건강공학과,공학계열,28,192,28
2,2025,생명과학과,자연계열,25,146,25
2,2025,생물의소재공학과,공학계열,25,182,25
2,2025,생물자원과학부,자연계열,47,426,47
2,2025,생태조경디자인학과,자연계열,28,255,29
2,2025,생활조형디자인학과,예체능계열,47,102,47
2,2025,소방방재학부,공학계열,77,400,85
2,2025,수의예과,자연계열,40,640,40
2,2025,수학과,자연계열,28,156,29
2,2025,수학교육과,교육계열,33,244,32
2,2025,스마트산업공학과,공학계열,30,265,31
2,2025,스마트팜농산업학과,자연계열,22,32,9
2,2025,스마트팜융합바이오시스템공학과,자연계열,26,201,26
2,2025,스포츠과학과,예체능계열,26,217,26
2,2025,식품생명공학과,자연계열,34,333,35
2,2025,식품영양학과,자연계열,27,134,29
2,2025,안경광학과,공학계열,31,196,33
2,2025,약학과,의약계열,54,955,54
2,2025,에너지자원공학과,공학계열,35,217,35
2,2025,역사교육과,교육계열,18,144,17
2,2025,영상문화학과,예체능계열,50,648,50
2,2025,영어교육과,교육계열,26,355,25
2,2025,원예·농업자원경제학부,자연계열,60,564,60
2,2025,유아교육과,교육계열,15,109,15
2,2025,윤리교육과,교육계열,18,129,17
2,2025,음악학과,예체능계열,30,58,30
2,2025,응급구조학과,의약계열,32,306,32
2,2025,의생명융합학부,자연계열,61,347,62
2,2025,의예과,의약계열,91,1197,91
2,2025,인문학부,인문계열,256,1994,259
2,2025,일반사회교육과,교육계열,18,183,17
2,2025,일본어학과,인문계열,15,122,15
2,2025,자유전공학부(인문계열),무전공,72,686,72
2,2025,자유전공학부(자연계열),무전공,71,487,71
2,2025,작업치료학과,의약계열,42,273,42
2,2025,전기공학과,공학계열,36,258,42
2,2025,전기전자공학과,공학계열,88,814,88
2,2025,전자?AI시스템공학과,공학계열,168,879,175
2,2025,전자공학과,공학계열,38,256,38
2,2025,정치외교학과,사회계열,26,212,26
2,2025,지리교육과,교육계열,18,138,18
2,2025,지역건설공학과,공학계열,27,314,27
2,2025,지질·지구물리학부,자연계열,44,350,44
2,2025,체육교육과,교육계열,15,121,15
2,2025,치위생학과,의약계열,35,222,35
2,2025,컴퓨터공학과,공학계열,142,1564,144
2,2025,한문교육과,교육계열,14,86,13
2,2025,행정.심리학부,사회계열,73,947,82
2,2025,화공?생물공학부,공학계열,72,367,72
2,2025,화학ㆍ생화학부,자연계열,69,326,70
2,2025,환경융합학부,자연계열,58,501,58
2,2025,휴먼스포츠학과,예체능계열,44,212,48
2,2025,AI융합학과,공학계열,38,432,38
2,2026,가정교육과,교육계열,13,94,12
2,2026,간호학과,의약계열,231,2363,231
2,2026,건설환경공학부,공학계열,49,340,51
2,2026,건축공학과,공학계열,26,281,26
2,2026,건축학과(5),공학계열,24,246,24
2,2026,경영·회계학부,사회계열,199,1519,200
2,2026,경영대학 자유전공학과,사회계열,38,519,38
2,2026,경영학과,사회계열,26,256,33
2,2026,경제·정보통계학부,사회계열,76,1086,76
2,2026,경제금융학과,사회계열,26,311,26
2,2026,경제학과,사회계열,20,145,24
2,2026,공공행정학과,사회계열,26,328,26
2,2026,공학대학 자유전공학과,공학계열,65,448,65
2,2026,과학교육학부,교육계열,45,278,44
2,2026,관광경영학과,사회계열,73,709,79
2,2026,관광학과,사회계열,21,132,21
2,2026,교육학과,교육계열,17,175,16
2,2026,국어교육과,교육계열,32,253,32
2,2026,국어국문학과,인문계열,68,512,78
2,2026,국제무역학과,사회계열,54,452,54
2,2026,국제통상학과,사회계열,31,257,37
2,2026,그린에너지공학과,공학계열,130,955,129
2,2026,글로벌융합학부,사회계열,159,249,159
2,2026,기계공학과,공학계열,91,350,91
2,2026,기계융합공학부,공학계열,176,1460,178
2,2026,기타모집단위,인문계열,107,0,0
2,2026,농업생명과학대학 자유전공학과,자연계열,26,352,26
2,2026,다문화학과,사회계열,27,328,29
2,2026,대기환경과학과,자연계열,22,167,27
2,2026,데이터사이언스학과,공학계열,18,120,19
2,2026,도시건축학과(5년제),공학계열,43,386,43
2,2026,도시계획·부동산학과,사회계열,30,197,32
2,2026,독어독문학과,인문계열,24,182,24
2,2026,동물산업융합학과,자연계열,35,360,35
2,2026,동물생명과학대학 자유전공학과,자연계열,13,94,13
2,2026,동물응용과학과,자연계열,41,640,41
2,2026,동물자원과학과,자연계열,47,477,47
2,2026,디자인학과,예체능계열,36,434,36
2,2026,디지털미디어커뮤니케이션학과,사회계열,21,455,22
2,2026,디지털밀리터리학과,공학계열,21,228,21
2,2026,멀티디자인학과,예체능계열,58,133,58
2,2026,무역학과,사회계열,23,171,36
2,2026,무용학과,예체능계열,20,49,20
2,2026,문화예술·공과대학 자유전공학과,공학계열,40,251,40
2,2026,문화인류학과,인문계열,22,214,22
2,2026,물리치료학과,의약계열,35,356,35
2,2026,미디어커뮤니케이션학과,사회계열,29,277,33
2,2026,미래토목건설공학과,공학계열,31,228,31
2,2026,미술학과,예체능계열,24,98,24
2,2026,바이오기능성소재학과,자연계열,15,164,15
2,2026,반도체물리학과,자연계열,17,137,17
2,2026,방사선학과,의약계열,32,348,32
2,2026,배터리융합공학과,공학계열,37,295,37
2,2026,부동산학과,사회계열,26,312,26
2,2026,분자생명과학과,자연계열,24,159,24
2,2026,불어불문학과,인문계열,21,155,21
2,2026,사학과,인문계열,47,519,51
2,2026,사회과학대학 자유전공학과,사회계열,21,179,21
2,2026,사회복지학과,사회계열,63,769,64
2,2026,사회학과,사회계열,25,268,25
2,2026,산림경영학과,자연계열,29,199,29
2,2026,산림바이오소재공학과,공학계열,23,274,23
2,2026,산림자원학과,자연계열,29,220,30
2,2026,산림환경과학대학 자유전공학과,자연계열,16,438,16
2,2026,산림환경보호학과,자연계열,29,193,29
2,2026,산업경영공학과,공학계열,28,197,29
2,2026,생명·환경융합학부,자연계열,58,501,58
2,2026,생명건강공학과,공학계열,25,161,25
2,2026,생명과학과,자연계열,40,336,40
2,2026,생명과학대학 자유전공학과,자연계열,25,124,25
2,2026,생물의소재공학과,공학계열,23,127,23
2,2026,생물자원과학부,자연계열,47,396,47
2,2026,생태조경디자인학과,자연계열,25,242,26
2,2026,생활조형디자인학과,예체능계열,44,114,44
2,2026,소방방재학부,공학계열,86,451,86
2,2026,수산생명의학과,자연계열,21,138,26
2,2026,수의학과,자연계열,41,505,41
2,2026,수학과,자연계열,25,170,25
2,2026,수학교육과,교육계열,33,192,32
2,2026,수학물리학부,자연계열,22,108,22
2,2026,스마트산업공학과,공학계열,28,368,29
2,2026,스마트팜농산업학과,자연계열,21,46,17
2,2026,스마트팜융합바이오시스템공학과,자연계열,31,325,31
2,2026,스포츠과학과,예체능계열,27,169,27
2,2026,식물생명과학과,자연계열,25,167,27
2,2026,식품생명공학과,자연계열,35,310,35
2,2026,식품영양학과,자연계열,57,499,58
2,2026,식품자원경제학과,자연계열,39,293,39
2,2026,신소재·생명화학공학부,공학계열,85,490,86
2,2026,심리학과,인문계열,26,510,27
2,2026,안경광학과,공학계열,33,178,33
2,2026,약학과,의약계열,54,581,54
2,2026,에너지자원공학과,공학계열,33,213,33
2,2026,역사교육과,교육계열,18,162,17
2,2026,영상문화학과,예체능계열,45,503,45
2,2026,영어과,인문계열,28,141,28
2,2026,영어교육과,교육계열,26,200,25
2,2026,영어영문학과,인문계열,58,610,60
2,2026,원예학과,자연계열,27,233,27
2,2026,유아교육과,교육계열,75,598,75
2,2026,윤리교육과,교육계열,18,143,17
2,2026,음악학과,예체능계열,49,333,48
2,2026,응급구조학과,의약계열,33,294,33
2,2026,의생명공학과,자연계열,28,176,28
2,2026,의생명과학대학 자유전공학과,자연계열,14,78,15
2,2026,의생명시스템과학과,자연계열,25,159,25
2,2026,의예과,의약계열,49,623,49
2,2026,인문대학 자유전공학과,인문계열,49,877,48
2,2026,인문사회대학 자유전공학과,무전공,16,179,16
2,2026,일반사회교육과,교육계열,18,187,17
2,2026,일본학과,인문계열,58,562,62
2,2026,자연과학대학 자유전공학과,자연계열,39,476,39
2,2026,자유전공학부,무전공,114,1100,114
2,2026,자유전공학부(인문계열),무전공,87,848,87
2,2026,자유전공학부(자연계열),무전공,86,704,86
2,2026,자치행정학과,사회계열,27,199,27
2,2026,작업치료학과,의약계열,43,362,43
2,2026,전기공학과,공학계열,67,594,69
2,2026,전기전자공학과,공학계열,87,830,88
2,2026,전자·반도체공학부,공학계열,82,657,87
2,2026,전자공학과,공학계열,38,206,38
2,2026,정보통신공학과,공학계열,24,391,24
2,2026,정책학과,사회계열,24,147,25
2,2026,정치외교학과,사회계열,24,468,23
2,2026,조형예술·디자인학과,예체능계열,50,333,50
2,2026,중어중문학과,인문계열,56,379,57
2,2026,지리교육과,교육계열,18,152,17
2,2026,지역건설공학과,공학계열,27,373,27
2,2026,지질·지구물리학부,자연계열,42,296,43
2,2026,철학과,인문계열,40,337,40
2,2026,첨단AI공학과,공학계열,171,1024,171
2,2026,체육교육과,교육계열,15,145,15
2,2026,체육학과,예체능계열,38,383,39
2,2026,치위생학과,의약계열,66,797,67
2,2026,치의예과,의약계열,42,582,42
2,2026,컴퓨터공학과,공학계열,207,1390,218
2,2026,토목공학과,공학계열,44,326,44
2,2026,패션디자인학과,예체능계열,27,243,27
2,2026,펄프제지공학과,공학계열,23,252,23
2,2026,한문교육과,교육계열,14,74,13
2,2026,해양융합과학과,자연계열,89,525,90
2,2026,행정학과,사회계열,36,297,37
2,2026,화공·생물공학부,공학계열,64,326,64
2,2026,화학신소재학과,공학계열,25,309,26
2,2026,화학ㆍ생화학부,자연계열,63,391,63
2,2026,환경공학과,자연계열,34,226,34
2,2026,환경조경학과,자연계열,27,193,29
2,2026,회계학과,사회계열,29,171,30
2,2026,휴먼스포츠학과,예체능계열,45,216,45
2,2026,AI융합학과,공학계열,38,231,39
2,2026,AI콘텐츠공학과,공학계열,29,298,33
3,2024,건축학부,공학계열,91,1921,94
3,2024,경영학과,사회계열,190,2877,200
3,2024,경제학과,사회계열,95,1258,97
3,2024,교육공학과,교육계열,26,429,26
3,2024,국어국문학과,인문계열,50,880,52
3,2024,국제무역학과,사회계열,69,736,71
3,2024,국제통상학과,사회계열,6,59,6
3,2024,글로벌비즈니스학과,사회계열,36,849,37
3,2024,기계항공공학부,공학계열,164,2498,164
3,2024,기술경영학과,사회계열,43,479,43
3,2024,기타모집단위,인문계열,80,0,0
3,2024,동물자원과학과,자연계열,53,729,54
3,2024,리빙디자인학과,예체능계열,48,643,49
3,2024,매체연기학과,예체능계열,32,665,32
3,2024,문화미디어학과,사회계열,8,67,8
3,2024,문화콘텐츠학과,인문계열,41,807,44
3,2024,물리학과,자연계열,59,1217,59
3,2024,미디어커뮤니케이션학과,사회계열,47,2473,49
3,2024,미래에너지공학과,공학계열,41,948,43
3,2024,부동산학과,사회계열,46,1040,46
3,2024,사학과,인문계열,34,724,35
3,2024,사회환경공학부,공학계열,148,2653,149
3,2024,산림조경학과,공학계열,38,558,39
3,2024,산업공학과,공학계열,40,449,39
3,2024,산업디자인학과,예체능계열,39,716,40
3,2024,생명과학특성학과,자연계열,44,1019,44
3,2024,생물공학과,자연계열,33,1114,33
3,2024,수의예과,자연계열,80,3160,83
3,2024,수학과,자연계열,32,661,33
3,2024,수학교육과,교육계열,25,540,25
3,2024,스마트운행체공학과,공학계열,43,625,43
3,2024,스마트ICT융합공학과,공학계열,45,982,48
3,2024,시스템생명공학과,자연계열,46,1654,46
3,2024,식량자원과학과,자연계열,43,618,44
3,2024,식품유통공학과,자연계열,34,403,35
3,2024,신산업융합학과,사회계열,103,1171,103
3,2024,영상학과,예체능계열,37,657,38
3,2024,영어교육과,교육계열,20,176,20
3,2024,영어영문학과,인문계열,67,1237,69
3,2024,융합생명공학과,자연계열,50,1716,50
3,2024,융합인재학과,사회계열,42,935,43
3,2024,음악교육과,교육계열,20,72,20
3,2024,응용통계학과,자연계열,48,489,50
3,2024,의상디자인학과,예체능계열,43,328,45
3,2024,의생명공학과,자연계열,44,1405,45
3,2024,일어교육과,교육계열,23,256,23
3,2024,전기전자공학부,공학계열,208,3807,211
3,2024,정치외교학과,사회계열,40,873,46
3,2024,줄기세포재생공학과,자연계열,46,1159,46
3,2024,중어중문학과,인문계열,42,683,42
3,2024,지리학과,자연계열,32,559,34
3,2024,철학과,인문계열,33,790,34
3,2024,체육교육과,교육계열,38,553,38
3,2024,축산식품생명공학과,자연계열,53,620,54
3,2024,커뮤니케이션디자인학과,예체능계열,45,562,46
3,2024,컴퓨터공학부,공학계열,170,3422,176
3,2024,행정학과,사회계열,66,1276,69
3,2024,현대미술학과,예체능계열,32,174,32
3,2024,화장품공학과,공학계열,49,821,49
3,2024,화학공학부,공학계열,171,3106,171
3,2024,화학과,자연계열,33,808,35
3,2024,환경보건과학과,자연계열,38,857,39
3,2024,K뷰티산업융합학과,예체능계열,33,206,33
3,2025,건축학부,공학계열,93,1870,96
3,2025,경영학과,사회계열,188,2486,197
3,2025,경제학과,사회계열,87,1356,94
3,2025,공과대학자유전공학부,공학계열,195,5070,195
3,2025,교육공학과,교육계열,25,415,25
3,2025,국어국문학과,인문계열,39,1013,41
3,2025,국제무역학과,사회계열,95,1649,99
3,2025,국제통상학과,사회계열,32,222,32
3,2025,기계?로봇?자동차공학부,공학계열,80,1445,80
3,2025,기술경영학과,사회계열,43,559,45
3,2025,기타모집단위,인문계열,80,0,0
3,2025,동물자원?식품과학?유통학부,자연계열,111,1581,116
3,2025,리빙디자인학과,예체능계열,49,539,49
3,2025,매체연기학과,예체능계열,37,1112,38
3,2025,문과대학자유전공학부,인문계열,59,2845,59
3,2025,문화미디어학과,사회계열,43,255,43
3,2025,문화콘텐츠학과,인문계열,43,899,46
3,2025,물리학과,자연계열,46,768,47
3,2025,미디어커뮤니케이션학과,사회계열,43,1780,48
3,2025,부동산학과,사회계열,46,495,46
3,2025,사학과,인문계열,28,1055,30
3,2025,사회과학대학융합전공학부,사회계열,77,1183,77
3,2025,사회환경공학부,공학계열,110,2031,111
3,2025,산업공학과,공학계열,33,534,32
3,2025,산업디자인학과,예체능계열,36,735,37
3,2025,생명과학대학자유전공학부,자연계열,47,888,47
3,2025,생명과학특성학과,자연계열,36,867,36
3,2025,생물공학과,자연계열,54,879,54
3,2025,수의예과,자연계열,79,3414,82
3,2025,수학과,자연계열,27,497,27
3,2025,수학교육과,교육계열,25,385,25
3,2025,시스템생명공학과,자연계열,27,861,26
3,2025,식량자원과학과,자연계열,34,482,34
3,2025,신산업융합학과,사회계열,101,1195,98
3,2025,영상학과,예체능계열,40,472,41
3,2025,영어교육과,교육계열,20,205,20
3,2025,영어영문학과,인문계열,53,1156,54
3,2025,융합과학기술원자유전공학부,자연계열,33,660,33
3,2025,융합생명공학과,자연계열,29,652,30
3,2025,음악교육과,교육계열,20,68,20
3,2025,응용통계학과,자연계열,46,547,50
3,2025,의상디자인학과,예체능계열,47,319,48
3,2025,이과대학자유전공학부,자연계열,25,564,25
3,2025,일어교육과,교육계열,22,262,22
3,2025,재료공학과,공학계열,58,1247,58
3,2025,전기전자공학부,공학계열,134,2438,138
3,2025,정치외교학과,사회계열,45,620,47
3,2025,중어중문학과,인문계열,37,998,38
3,2025,지리학과,자연계열,27,675,27
3,2025,철학과,인문계열,27,719,27
3,2025,첨단바이오공학부,자연계열,57,1309,62
3,2025,체육교육과,교육계열,38,536,38
3,2025,커뮤니케이션디자인학과,예체능계열,50,593,53
3,2025,컴퓨터공학부,공학계열,139,2008,144
3,2025,항공우주?모빌리티공학과,공학계열,52,808,53
3,2025,행정학과,사회계열,60,967,61
3,2025,현대미술학과,예체능계열,33,167,34
3,2025,화공학부,공학계열,69,1044,68
3,2025,화학과,자연계열,27,495,29
3,2025,환경보건?산림조경학부,자연계열,63,989,63
3,2025,K뷰티산업융합학과,예체능계열,31,178,31
3,2025,KU자유전공학부,무전공,310,9287,310
3,2026,건축학부,공학계열,94,1708,97
3,2026,경영학과,사회계열,228,3553,236
3,2026,경제학과,사회계열,85,1252,88
3,2026,공과대학자유전공학부,공학계열,195,4585,195
3,2026,교육공학과,교육계열,25,203,25
3,2026,국어국문학과,인문계열,35,834,35
3,2026,국제무역학과,사회계열,98,952,103
3,2026,국제통상비즈니스학과,사회계열,93,322,93
3,2026,기계·로봇·자동차공학부,공학계열,86,1235,87
3,2026,기술경영학과,사회계열,40,771,42
3,2026,기타모집단위,인문계열,80,0,0
3,2026,동물자원·식품과학·유통학부,자연계열,110,1448,110
3,2026,리빙디자인학과,예체능계열,51,674,52
3,2026,매체연기학과,예체능계열,34,1735,34
3,2026,문과대학자유전공학부,인문계열,58,2139,58
3,2026,문화미디어학과,사회계열,106,246,106
3,2026,문화콘텐츠학과,인문계열,50,775,51
3,2026,물리학과,자연계열,45,747,46
3,2026,미디어커뮤니케이션학과,사회계열,53,1380,59
3,2026,부동산학과,사회계열,42,529,41
3,2026,사학과,인문계열,28,554,29
3,2026,사회과학대학융합전공학부,사회계열,76,998,76
3,2026,사회환경공학부,공학계열,107,1900,107
3,2026,산업경영융합학부,사회계열,130,1236,130
3,2026,산업공학과,공학계열,37,474,37
3,2026,산업디자인학과,예체능계열,38,508,39
3,2026,생명과학대학자유전공학부,자연계열,47,967,47
3,2026,생명과학특성학과,자연계열,35,771,38
3,2026,생물공학과,자연계열,49,837,49
3,2026,수의예과,자연계열,79,2913,82
3,2026,수학과,자연계열,28,476,28
3,2026,수학교육과,교육계열,25,384,25
3,2026,시스템생명공학과,자연계열,26,764,26
3,2026,식량자원과학과,자연계열,35,467,35
3,2026,영상학과,예체능계열,40,387,40
3,2026,영어교육과,교육계열,20,428,20
3,2026,영어영문학과,인문계열,56,903,59
3,2026,융합과학기술원자유전공학부,자연계열,33,595,33
3,2026,융합생명공학과,자연계열,29,630,30
3,2026,음악교육과,교육계열,20,156,20
3,2026,응용통계학과,자연계열,43,494,47
3,2026,의상디자인학과,예체능계열,47,317,49
3,2026,이과대학자유전공학부,자연계열,24,893,24
3,2026,일어교육과,교육계열,22,196,22
3,2026,재료공학과,공학계열,58,692,58
3,2026,전기전자공학부,공학계열,133,2371,139
3,2026,정치외교학과,사회계열,52,561,56
3,2026,중어중문학과,인문계열,40,708,41
3,2026,지리학과,자연계열,27,588,28
3,2026,철학과,인문계열,27,689,28
3,2026,첨단바이오공학부,자연계열,55,983,60
3,2026,체육교육과,교육계열,38,509,38
3,2026,커뮤니케이션디자인학과,예체능계열,46,509,47
3,2026,컴퓨터공학부,공학계열,131,2371,131
3,2026,컴퓨터소프트웨어학과,공학계열,13,87,13
3,2026,항공우주·모빌리티공학과,공학계열,51,942,51
3,2026,행정학과,사회계열,58,774,59
3,2026,현대미술학과,예체능계열,34,225,36
3,2026,화공·생명·에너지공학부,공학계열,69,1065,71
3,2026,화학과,자연계열,27,445,29
3,2026,환경보건·산림조경학부,자연계열,62,1118,64
3,2026,AI디자인학과,예체능계열,8,38,8
3,2026,KU자유전공학부,무전공,308,10717,308
4,2024,건축학부 건축공학전공,공학계열,41,461,41
4,2024,건축학부 건축학전공(5년제),공학계열,42,479,42
4,2024,경영학부,사회계열,222,2234,222
4,2024,경제학부,사회계열,95,1034,95
4,2024,공간정보공학과,자연계열,32,427,32
4,2024,교통공학과,공학계열,27,245,27
4,2024,국사학과,인문계열,26,305,26
4,2024,국어국문학과,인문계열,35,282,35
4,2024,국제관계학과,사회계열,49,734,49
4,2024,기계정보공학과,공학계열,42,721,42
4,2024,도시공학과,공학계열,31,284,31
4,2024,도시사회학과,사회계열,39,491,39
4,2024,도시행정학과,사회계열,42,475,42
4,2024,디자인학과,예체능계열,31,161,31
4,2024,물리학과,자연계열,32,391,32
4,2024,사회복지학과,사회계열,42,679,42
4,2024,생명과학과,자연계열,44,901,44
4,2024,세무학과,사회계열,69,501,69
4,2024,수학과,자연계열,41,536,41
4,2024,스포츠과학과,예체능계열,40,460,40
4,2024,신소재공학과,공학계열,41,511,41
4,2024,영어영문학과,인문계열,40,447,40
4,2024,융합응용화학과,자연계열,20,555,20
4,2024,융합전공학부 국사학-도시역사경관학 전공,인문계열,2,28,2
4,2024,융합전공학부 국제관계학-빅데이터분석학 전공,사회계열,4,78,4
4,2024,융합전공학부 도시공학-국제도시개발학 전공,공학계열,2,25,2
4,2024,융합전공학부 도시공학-도시부동산기획경영학 전공,공학계열,2,25,2
4,2024,융합전공학부 도시사회학-국제도시개발학 전공,사회계열,3,45,3
4,2024,융합전공학부 물리학-나노반도체물리학,자연계열,2,30,2
4,2024,융합전공학부 조경학-환경생태도시학전공,공학계열,2,51,2
4,2024,융합전공학부 철학-동아시아문화학 전공,인문계열,2,23,2
4,2024,음악학과,예체능계열,29,382,29
4,2024,인공지능학과,공학계열,22,308,22
4,2024,자유전공학부,인문계열,30,267,30
4,2024,전자전기컴퓨터공학부,공학계열,151,2485,151
4,2024,조각학과,예체능계열,36,145,36
4,2024,조경학과,공학계열,31,352,31
4,2024,중국어문화학과,인문계열,30,276,30
4,2024,철학과,인문계열,27,357,27
4,2024,첨단융합학부 융합바이오헬스전공,자연계열,5,52,5
4,2024,첨단융합학부 지능형반도체전공,공학계열,10,60,10
4,2024,첨단융합학부 첨단인공지능전공,공학계열,5,76,5
4,2024,컴퓨터과학부,공학계열,64,1428,64
4,2024,토목공학과,공학계열,41,387,41
4,2024,통계학과,자연계열,32,375,32
4,2024,행정학과,사회계열,80,735,80
4,2024,화학공학과,공학계열,51,1139,51
4,2024,환경공학부,자연계열,80,1033,80
4,2024,환경원예학과,자연계열,32,475,32
4,2025,건축학부 건축공학전공,공학계열,42,505,42
4,2025,건축학부 건축학전공(5년제),공학계열,42,702,42
4,2025,경영학부,사회계열,217,2677,217
4,2025,경제학부,사회계열,92,1268,91
4,2025,공간정보공학과,자연계열,31,449,31
4,2025,교통공학과,공학계열,27,309,27
4,2025,국사학과,인문계열,25,333,25
4,2025,국어국문학과,인문계열,33,518,33
4,2025,국제관계학과,사회계열,47,761,47
4,2025,기계정보공학과,공학계열,41,768,41
4,2025,도시공학과,공학계열,30,352,30
4,2025,도시사회학과,사회계열,38,423,38
4,2025,도시행정학과,사회계열,40,428,40
4,2025,디자인학과,예체능계열,29,208,29
4,2025,물리학과,자연계열,31,618,31
4,2025,사회복지학과,사회계열,41,607,41
4,2025,생명과학과,자연계열,40,1186,40
4,2025,세무학과,사회계열,67,817,66
4,2025,소방방재학과,공학계열,15,9,9
4,2025,수학과,자연계열,40,469,40
4,2025,스포츠과학과,예체능계열,39,477,39
4,2025,신소재공학과,공학계열,42,688,42
4,2025,영어영문학과,인문계열,41,504,41
4,2025,융합응용화학과,자연계열,20,767,20
4,2025,융합전공학부 국사학-도시역사경관학 전공,인문계열,2,22,2
4,2025,융합전공학부 국제관계학-빅데이터분석학 전공,사회계열,4,57,4
4,2025,융합전공학부 도시공학-국제도시개발학 전공,공학계열,2,27,2
4,2025,융합전공학부 도시공학-도시부동산기획경영학 전공,공학계열,2,18,2
4,2025,융합전공학부 도시사회학-국제도시개발학 전공,사회계열,3,56,3
4,2025,융합전공학부 물리학-나노반도체물리학,자연계열,2,38,2
4,2025,융합전공학부 조경학-환경생태도시학전공,공학계열,2,30,2
4,2025,융합전공학부 철학-동아시아문화학 전공,인문계열,2,29,2
4,2025,음악학과,예체능계열,30,328,30
4,2025,인공지능학과,공학계열,22,323,22
4,2025,자유전공학부(인문),무전공,39,593,39
4,2025,자유전공학부(자연),무전공,39,776,39
4,2025,전자전기컴퓨터공학부,공학계열,145,2710,145
4,2025,조각학과,예체능계열,36,191,36
4,2025,조경학과,공학계열,32,366,32
4,2025,중국어문화학과,인문계열,28,266,28
4,2025,철학과,인문계열,27,582,27
4,2025,첨단융합학부 융합바이오헬스전공,자연계열,5,119,5
4,2025,첨단융합학부 지능형반도체전공,공학계열,10,56,10
4,2025,첨단융합학부 첨단인공지능전공,공학계열,5,81,5
4,2025,컴퓨터과학부,공학계열,60,1094,60
4,2025,토목공학과,공학계열,40,518,40
4,2025,통계학과,자연계열,31,439,31
4,2025,행정학과,사회계열,80,755,80
4,2025,화학공학과,공학계열,49,883,49
4,2025,환경공학부,자연계열,78,1152,78
4,2025,환경원예학과,자연계열,31,460,31
4,2026,건축학부 건축공학전공,공학계열,39,638,39
4,2026,건축학부 건축학전공(5년제),공학계열,39,497,39
4,2026,경영학부,사회계열,208,1941,208
4,2026,경제학부,사회계열,88,1097,88
4,2026,공간정보공학과,자연계열,31,393,31
4,2026,교통공학과,공학계열,25,353,25
4,2026,국사학과,인문계열,27,317,27
4,2026,국어국문학과,인문계열,30,311,30
4,2026,국제관계학과,사회계열,46,1052,46
4,2026,기계정보공학과,공학계열,38,753,38
4,2026,도시공학과,공학계열,33,306,33
4,2026,도시사회학과,사회계열,39,428,39
4,2026,도시행정학과,사회계열,38,381,38
4,2026,디자인학과,예체능계열,29,133,29
4,2026,물리학과,자연계열,30,576,30
4,2026,사회복지학과,사회계열,39,484,39
4,2026,생명과학과,자연계열,38,919,38
4,2026,세무학과,사회계열,64,688,64
4,2026,소방방재학과,공학계열,2,4,2
4,2026,수학과,자연계열,38,391,38
4,2026,스포츠과학과,예체능계열,38,409,38
4,2026,신소재공학과,공학계열,59,807,59
4,2026,영어영문학과,인문계열,37,491,37
4,2026,융합응용화학과,자연계열,22,891,22
4,2026,음악학과,예체능계열,29,381,30
4,2026,인공지능학과,공학계열,40,577,40
4,2026,자유전공학부(인문),무전공,78,505,0
4,2026,자유전공학부(자연),무전공,78,1010,0
4,2026,전자전기컴퓨터공학부,공학계열,141,2149,141
4,2026,조각학과,예체능계열,37,194,37
4,2026,조경학과,공학계열,31,318,31
4,2026,중국어문화학과,인문계열,29,258,29
4,2026,철학과,인문계열,27,413,27
4,2026,첨단융합학부 융합바이오헬스전공,자연계열,6,169,6
4,2026,첨단융합학부 지능형반도체전공,공학계열,26,824,26
4,2026,첨단융합학부 첨단인공지능전공,공학계열,5,273,5
4,2026,컴퓨터과학부,공학계열,58,1117,58
4,2026,토목공학과,공학계열,38,436,38
4,2026,통계학과,자연계열,30,331,30
4,2026,행정학과,사회계열,76,1118,76
4,2026,화학공학과,공학계열,47,852,47
4,2026,환경공학부,자연계열,72,1322,72
4,2026,환경원예학과,자연계열,30,510,30
5,2024,간호학과,의약계열,92,760,92
5,2024,건축공학과,공학계열,41,369,41
5,2024,건축학과(5년제),공학계열,40,503,40
5,2024,경영학과,사회계열,244,2139,242
5,2024,경제학부,사회계열,94,563,94
5,2024,고고학과,인문계열,29,304,29
5,2024,고분자공학과,공학계열,50,370,50
5,2024,공공정책학부,사회계열,34,400,34
5,2024,관광컨벤션학과,사회계열,31,237,30
5,2024,광메카트로닉스공학과,공학계열,47,368,47
5,2024,교육학과,교육계열,15,241,15
5,2024,국어교육과,교육계열,31,228,30
5,2024,국어국문학과,인문계열,36,278,35
5,2024,국제학부,사회계열,26,290,26
5,2024,기계공학부,공학계열,301,2325,300
5,2024,나노메카트로닉스공학과,공학계열,38,316,38
5,2024,나노에너지공학과,공학계열,44,349,44
5,2024,노어노문학과,인문계열,30,300,29
5,2024,대기환경과학과,자연계열,45,396,45
5,2024,도시공학과,공학계열,39,284,39
5,2024,독어독문학과,인문계열,32,440,32
5,2024,동물생명자원과학과,자연계열,33,351,33
5,2024,디자인학과,예체능계열,54,284,54
5,2024,무역학부,사회계열,97,643,97
5,2024,무용학과,예체능계열,34,112,33
5,2024,문헌정보학과,인문계열,36,284,36
5,2024,물리교육과,교육계열,15,71,15
5,2024,물리학과,자연계열,66,453,66
5,2024,미디어커뮤니케이션학과,사회계열,37,286,37
5,2024,미생물학과,자연계열,48,469,48
5,2024,미술학과,예체능계열,47,212,46
5,2024,바이오산업기계공학과,공학계열,29,223,29
5,2024,바이오소재과학과,자연계열,30,183,29
5,2024,바이오환경에너지학과,공학계열,30,214,29
5,2024,분자생물학과,자연계열,50,389,50
5,2024,불어불문학과,인문계열,32,313,31
5,2024,사학과,인문계열,34,271,34
5,2024,사회기반시스템공학과,공학계열,83,585,82
5,2024,사회복지학과,사회계열,44,407,44
5,2024,사회학과,사회계열,42,316,42
5,2024,산업공학과,공학계열,48,463,48
5,2024,생명과학과,자연계열,51,356,51
5,2024,생명환경화학과,자연계열,33,236,32
5,2024,생물교육과,교육계열,20,126,20
5,2024,수학과,자연계열,48,371,48
5,2024,수학교육과,교육계열,30,246,30
5,2024,스포츠과학과,예체능계열,31,291,31
5,2024,식물생명과학과,자연계열,34,335,34
5,2024,식품공학과,자연계열,29,286,28
5,2024,식품영양학과,자연계열,40,301,39
5,2024,식품자원경제학과,자연계열,30,193,30
5,2024,실내환경디자인학과,예체능계열,23,196,23
5,2024,심리학과,인문계열,46,355,46
5,2024,아동가족학과,자연계열,24,194,23
5,2024,약학부(통합6년제),의약계열,65,1446,60
5,2024,언어정보학과,인문계열,30,261,30
5,2024,역사교육과,교육계열,22,183,22
5,2024,영어교육과,교육계열,30,225,30
5,2024,영어영문학과,인문계열,53,460,53
5,2024,예술문화영상학과,예체능계열,27,314,27
5,2024,원예생명과학과,자연계열,30,240,30
5,2024,유기소재시스템공학과,공학계열,45,308,44
5,2024,유아교육과,교육계열,21,220,21
5,2024,윤리교육과,교육계열,15,150,15
5,2024,음악학과,예체능계열,59,300,59
5,2024,의류학과,자연계열,41,341,41
5,2024,의생명융합공학부,의약계열,91,599,91
5,2024,의예과,의약계열,125,1607,125
5,2024,일반사회교육과,교육계열,20,152,20
5,2024,일어일문학과,인문계열,35,465,35
5,2024,재료공학부,공학계열,95,686,94
5,2024,전기전자공학부 반도체공학전공,공학계열,43,433,43
5,2024,전기전자공학부 전기공학전공,공학계열,71,506,71
5,2024,전기전자공학부 전자공학전공,공학계열,80,573,79
5,2024,정보컴퓨터공학부 인공지능전공,공학계열,73,562,73
5,2024,정보컴퓨터공학부 컴퓨터공학전공,공학계열,95,765,95
5,2024,정치외교학과,사회계열,38,348,38
5,2024,조경학과,공학계열,39,535,39
5,2024,조선·해양공학과,공학계열,80,752,79
5,2024,조형학과,예체능계열,32,197,32
5,2024,중어중문학과,인문계열,35,366,35
5,2024,지구과학교육과,교육계열,20,130,20
5,2024,지리교육과,교육계열,20,161,20
5,2024,지질환경과학과,자연계열,44,466,44
5,2024,철학과,인문계열,29,355,28
5,2024,체육교육과,교육계열,25,161,25
5,2024,통계학과,자연계열,39,265,39
5,2024,특수교육과,교육계열,20,134,20
5,2024,한국음악학과,예체능계열,39,129,38
5,2024,한문학과,인문계열,29,307,29
5,2024,항공우주공학과,공학계열,53,508,53
5,2024,해양학과,공학계열,39,398,39
5,2024,행정학과,사회계열,38,219,38
5,2024,화공생명.환경공학부 화공생명공학전공,공학계열,59,526,59
5,2024,화공생명.환경공학부 환경공학전공,공학계열,48,366,48
5,2024,화학과,자연계열,71,520,71
5,2024,화학교육과,교육계열,20,145,19
5,2024,IT응용공학과,공학계열,33,335,31
5,2025,간호학과,의약계열,87,719,88
5,2025,건축공학과,공학계열,42,349,42
5,2025,건축학과(5년제),공학계열,41,550,43
5,2025,경영학과,사회계열,236,2459,241
5,2025,경제학부,사회계열,94,989,94
5,2025,고고학과,인문계열,28,242,28
5,2025,고분자공학과,공학계열,50,379,50
5,2025,공공정책학부,사회계열,34,399,34
5,2025,관광컨벤션학과,사회계열,25,214,24
5,2025,광메카트로닉스공학과,공학계열,28,190,28
5,2025,교육학과,교육계열,15,131,15
5,2025,국어교육과,교육계열,31,273,30
5,2025,국어국문학과,인문계열,32,301,33
5,2025,국제학부,사회계열,25,252,26
5,2025,글로벌자유전공학부,인문계열,24,37,24
5,2025,기계공학부,공학계열,291,2780,291
5,2025,기타모집단위,인문계열,99,0,0
5,2025,나노메카트로닉스공학과,공학계열,38,279,38
5,2025,나노에너지공학과,공학계열,28,191,30
5,2025,노어노문학과,인문계열,30,313,30
5,2025,대기환경과학과,자연계열,45,468,45
5,2025,도시공학과,공학계열,40,351,40
5,2025,독어독문학과,인문계열,32,277,32
5,2025,동물생명자원과학과,자연계열,33,337,33
5,2025,디자인학과,예체능계열,50,275,52
5,2025,무역학부,사회계열,95,658,96
5,2025,무용학과,예체능계열,34,120,33
5,2025,문헌정보학과,인문계열,36,361,37
5,2025,물리교육과,교육계열,15,104,15
5,2025,물리학과,자연계열,66,390,66
5,2025,미디어커뮤니케이션학과,사회계열,33,415,34
5,2025,미생물학과,자연계열,47,375,47
5,2025,미술학과,예체능계열,47,365,47
5,2025,바이오산업기계공학과,공학계열,29,167,28
5,2025,바이오소재과학과,자연계열,30,172,30
5,2025,바이오환경에너지학과,공학계열,30,230,30
5,2025,발전공학과,공학계열,20,23,20
5,2025,분자생물학과,자연계열,47,385,48
5,2025,불어불문학과,인문계열,32,551,32
5,2025,사학과,인문계열,34,264,36
5,2025,사회기반시스템공학과,공학계열,82,604,82
5,2025,사회복지학과,사회계열,42,411,43
5,2025,사회학과,사회계열,45,466,47
5,2025,산업공학과,공학계열,48,335,50
5,2025,생명과학과,자연계열,47,340,52
5,2025,생명환경화학과,자연계열,34,235,32
5,2025,생물교육과,교육계열,20,129,20
5,2025,수학과,자연계열,49,303,50
5,2025,수학교육과,교육계열,30,216,29
5,2025,스포츠과학과,예체능계열,31,401,32
5,2025,식물생명과학과,자연계열,33,281,33
5,2025,식품공학과,자연계열,29,258,26
5,2025,식품영양학과,자연계열,42,291,42
5,2025,식품자원경제학과,자연계열,29,186,29
5,2025,실내환경디자인학과,예체능계열,24,187,25
5,2025,심리학과,인문계열,45,375,48
5,2025,아동가족학과,자연계열,25,208,25
5,2025,약학부(통합6년제),의약계열,65,1503,60
5,2025,언어정보학과,인문계열,29,308,29
5,2025,역사교육과,교육계열,21,216,21
5,2025,영어교육과,교육계열,30,236,30
5,2025,영어영문학과,인문계열,51,450,54
5,2025,예술문화영상학과,예체능계열,28,279,29
5,2025,원예생명과학과,자연계열,30,250,29
5,2025,유기소재시스템공학과,공학계열,45,253,45
5,2025,유아교육과,교육계열,21,172,21
5,2025,윤리교육과,교육계열,15,134,15
5,2025,음악학과,예체능계열,61,280,61
5,2025,의류학과,자연계열,40,345,41
5,2025,의생명융합공학부,의약계열,93,648,93
5,2025,의예과,의약계열,163,2014,163
5,2025,일반사회교육과,교육계열,20,221,21
5,2025,일어일문학과,인문계열,37,363,36
5,2025,재료공학부,공학계열,93,588,93
5,2025,전기전자공학부 반도체공학전공,공학계열,42,370,43
5,2025,전기전자공학부 전기공학전공,공학계열,69,460,70
5,2025,전기전자공학부 전자공학전공,공학계열,77,569,77
5,2025,정보컴퓨터공학부 인공지능전공,공학계열,64,480,70
5,2025,정보컴퓨터공학부 컴퓨터공학전공,공학계열,77,609,84
5,2025,정치외교학과,사회계열,37,256,39
5,2025,조경학과,공학계열,39,445,38
5,2025,조선·해양공학과,공학계열,79,550,79
5,2025,조형학과,예체능계열,32,173,30
5,2025,중어중문학과,인문계열,35,330,34
5,2025,지구과학교육과,교육계열,20,139,20
5,2025,지리교육과,교육계열,20,183,20
5,2025,지질환경과학과,자연계열,44,472,44
5,2025,철학과,인문계열,29,301,29
5,2025,첨단융합학부(공학자율전공),공학계열,60,788,60
5,2025,첨단융합학부(나노자율전공),공학계열,61,724,59
5,2025,첨단융합학부(정보의생명공학자율전공),공학계열,46,480,46
5,2025,체육교육과,교육계열,25,147,25
5,2025,통계학과,자연계열,40,248,39
5,2025,특수교육과,교육계열,20,160,20
5,2025,한국음악학과,예체능계열,39,149,37
5,2025,한문학과,인문계열,30,385,30
5,2025,항공우주공학과,공학계열,50,468,49
5,2025,해양학과,공학계열,38,302,39
5,2025,행정학과,사회계열,39,258,40
5,2025,화공생명공학과,공학계열,55,730,57
5,2025,화학과,자연계열,71,497,71
5,2025,화학교육과,교육계열,20,113,20
5,2025,환경공학과,자연계열,48,381,48
5,2025,IT응용공학과,공학계열,34,287,34
5,2026,간호학과,의약계열,84,575,85
5,2026,건축공학과,공학계열,38,242,39
5,2026,건축학과(5년제),공학계열,37,439,37
5,2026,경영학과,사회계열,226,1917,234
5,2026,경제학부,사회계열,87,754,90
5,2026,고고학과,인문계열,27,225,27
5,2026,고분자공학과,공학계열,50,352,50
5,2026,공공정책학부,사회계열,32,243,32
5,2026,관광컨벤션학과,사회계열,28,286,29
5,2026,교육학과,교육계열,15,207,15
5,2026,국어교육과,교육계열,29,274,29
5,2026,국어국문학과,인문계열,38,382,38
5,2026,국제학부,사회계열,22,278,22
5,2026,글로벌자유전공학부,인문계열,20,30,20
5,2026,기계공학부,공학계열,281,2109,284
5,2026,기타모집단위,인문계열,98,0,0
5,2026,노어노문학과,인문계열,29,346,29
5,2026,대기환경과학과,자연계열,42,314,42
5,2026,도시공학과,공학계열,36,275,36
5,2026,독어독문학과,인문계열,30,308,31
5,2026,디자인학과,예체능계열,34,233,35
5,2026,무역학부,사회계열,89,652,90
5,2026,무용학과,예체능계열,34,107,34
5,2026,문헌정보학과,인문계열,34,340,35
5,2026,물리교육과,교육계열,14,68,13
5,2026,물리학과,자연계열,61,384,61
5,2026,미디어커뮤니케이션학과,사회계열,37,329,39
5,2026,미래도시건축환경융합전공,공학계열,12,149,12
5,2026,미생물학과,자연계열,44,244,44
5,2026,미술학과,예체능계열,48,312,48
5,2026,바이오산업기계공학과,공학계열,27,198,27
5,2026,바이오소재과학과,자연계열,27,160,28
5,2026,바이오환경에너지학과,공학계열,28,334,28
5,2026,분자생물학과,자연계열,44,305,44
5,2026,불어불문학과,인문계열,30,379,30
5,2026,사학과,인문계열,31,269,32
5,2026,사회기반시스템공학과,공학계열,78,569,77
5,2026,사회복지학과,사회계열,40,397,40
5,2026,사회학과,사회계열,41,409,41
5,2026,산업공학과,공학계열,48,659,51
5,2026,생명과학과,자연계열,46,396,49
5,2026,생명환경화학과,자연계열,29,212,29
5,2026,생물교육과,교육계열,19,166,19
5,2026,수학과,자연계열,45,286,45
5,2026,수학교육과,교육계열,29,209,29
5,2026,스마트시티전공,공학계열,29,591,28
5,2026,스포츠과학과,예체능계열,28,494,28
5,2026,식품공학과,자연계열,27,180,27
5,2026,식품영양학과,자연계열,40,178,41
5,2026,식품자원경제학과,자연계열,27,765,27
5,2026,실내환경디자인학과,예체능계열,23,291,23
5,2026,심리학과,인문계열,43,408,43
5,2026,아동가족학과,자연계열,25,210,26
5,2026,약학부(통합6년제),의약계열,65,1243,64
5,2026,언어정보학과,인문계열,30,300,30
5,2026,역사교육과,교육계열,19,167,20
5,2026,영어교육과,교육계열,29,240,29
5,2026,영어영문학과,인문계열,48,529,50
5,2026,예술문화영상학과,예체능계열,28,761,28
5,2026,원예생명과학과,자연계열,28,286,27
5,2026,유기소재시스템공학과,공학계열,46,416,46
5,2026,유아교육과,교육계열,19,214,19
5,2026,윤리교육과,교육계열,14,123,14
5,2026,음악학과,예체능계열,59,277,59
5,2026,응용생명융합학부,자연계열,95,603,94
5,2026,의류학과,자연계열,41,321,41
5,2026,의생명융합공학부,의약계열,112,661,112
5,2026,의예과,의약계열,125,1276,125
5,2026,일반사회교육과,교육계열,19,193,19
5,2026,일어일문학과,인문계열,33,420,33
5,2026,자유전공학부,무전공,179,2185,179
5,2026,재료공학부,공학계열,94,572,96
5,2026,전기전자공학부 반도체공학전공,공학계열,46,328,46
5,2026,전기전자공학부 전기공학전공,공학계열,67,449,66
5,2026,전기전자공학부 전자공학전공,공학계열,82,457,82
5,2026,정보컴퓨터공학부 인공지능전공,공학계열,63,359,66
5,2026,정보컴퓨터공학부 컴퓨터공학전공,공학계열,92,493,96
5,2026,정보컴퓨터공학부(디자인테크놀로지전공),공학계열,20,170,22
5,2026,정치외교학과,사회계열,35,329,36
5,2026,조경학과,공학계열,35,421,35
5,2026,조선·해양공학과,공학계열,75,640,75
5,2026,조형학과,예체능계열,32,211,32
5,2026,중어중문학과,인문계열,33,459,34
5,2026,지구과학교육과,교육계열,19,132,19
5,2026,지리교육과,교육계열,19,227,19
5,2026,지질환경과학과,자연계열,41,344,42
5,2026,철학과,인문계열,29,355,30
5,2026,첨단모빌리티자율전공,공학계열,53,756,53
5,2026,첨단소재자율전공,공학계열,31,432,31
5,2026,첨단융합학부,공학계열,192,1142,192
5,2026,첨단IT자율전공,공학계열,112,714,111
5,2026,체육교육과,교육계열,24,236,24
5,2026,치의예과,의약계열,80,616,78
5,2026,통계학과,자연계열,39,1263,40
5,2026,특수교육과,교육계열,18,146,18
5,2026,한국음악학과,예체능계열,39,186,37
5,2026,한문학과,인문계열,28,358,28
5,2026,항공우주공학과,공학계열,48,350,48
5,2026,해양학과,공학계열,36,320,36
5,2026,행정학과,사회계열,36,443,38
5,2026,화공생명공학과,공학계열,52,375,54
5,2026,화학과,자연계열,65,369,67
5,2026,화학교육과,교육계열,19,112,19
5,2026,환경공학과,자연계열,41,317,41
5,2026,IT응용공학과,공학계열,30,278,29
6,2024,간호학과,의약계열,186,1410,184
6,2024,물리치료학과,의약계열,57,492,55
6,2024,방사선학과,의약계열,46,296,46
6,2024,부동산금융재테크학과,사회계열,40,29,8
6,2024,사회복지상담학과(3년과정),사회계열,42,65,35
6,2024,스포츠재활복지학과,의약계열,46,144,26
6,2024,작업치료학과,의약계열,26,106,5
6,2024,특수교육과,교육계열,27,45,11
6,2025,간호학과,의약계열,185,1149,184
6,2025,물리치료학과,의약계열,56,401,56
6,2025,방사선학과,의약계열,45,337,44
6,2025,부동산금융재테크학과,사회계열,31,52,31
6,2025,사회복지상담학과(3년과정),사회계열,42,83,45
6,2025,스포츠재활복지학과,의약계열,46,163,34
6,2025,특수교육과,교육계열,27,58,20
6,2026,간호학과,의약계열,186,1338,185
6,2026,물리치료학과,의약계열,56,422,56
6,2026,방사선학과,의약계열,45,369,45
6,2026,사회복지상담학과(3년과정),사회계열,42,66,41
6,2026,스포츠재활복지학과,의약계열,41,249,41
6,2026,자유전공학부,무전공,15,26,15
6,2026,치유웰니스학과,의약계열,20,27,20
6,2026,특수교육과,교육계열,27,73,27
7,2024,간호학과,의약계열,124,586,122
7,2024,건축공학전공,공학계열,30,54,7
7,2024,건축학전공,공학계열,30,109,29
7,2024,경영학전공,사회계열,40,114,20
7,2024,경찰학부,사회계열,130,319,95
7,2024,광고홍보학전공,사회계열,30,61,12
7,2024,국어교육과,교육계열,30,106,30
7,2024,기타모집단위,인문계열,70,0,0
7,2024,디지털헬스케어전공,공학계열,30,37,7
7,2024,바이오메디컬전공,자연계열,30,67,10
7,2024,복지상담학과,사회계열,25,35,25
7,2024,사회복지학전공,사회계열,45,158,29
7,2024,산림치유학과,사회계열,35,61,35
7,2024,수학교육과,교육계열,30,90,19
7,2024,스마트통합치유학과,인문계열,25,31,23
7,2024,스마트항만공학전공,공학계열,30,81,20
7,2024,스포츠건강관리학전공,예체능계열,50,167,50
7,2024,스포츠레저학전공,예체능계열,50,119,43
7,2024,스포츠지도학전공,예체능계열,40,96,27
7,2024,실용음악전공,예체능계열,30,27,5
7,2024,언어재활학과,의약계열,25,31,21
7,2024,역사교육과,교육계열,30,116,29
7,2024,영어교육과,교육계열,30,128,22
7,2024,의료경영학전공,사회계열,40,66,11
7,2024,의학과(의예과),의약계열,57,919,58
7,2024,임상병리학과,의약계열,40,277,49
7,2024,자율전공학부,공학계열,234,422,80
7,2024,조리외식경영학전공,자연계열,40,129,28
7,2024,지리교육과,교육계열,30,117,31
7,2024,체육교육과,교육계열,44,239,44
7,2024,치매전문재활학과,사회계열,25,40,23
7,2024,치위생학과,의약계열,40,297,45
7,2024,컴퓨터교육과,교육계열,30,110,26
7,2024,콘텐츠제작전공,사회계열,30,68,16
7,2024,항공교통물류전공,공학계열,30,55,9
7,2024,항공운항전공,공학계열,30,79,12
7,2024,항공정비학전공,공학계열,40,114,20
7,2024,해양치유레저학과,예체능계열,15,20,15
7,2024,행정학전공,사회계열,30,59,13
7,2024,호텔경영학전공,사회계열,30,78,8
7,2024,CG디자인전공,예체능계열,30,49,10
7,2025,간호학과,의약계열,123,1015,120
7,2025,건축공학전공,공학계열,20,69,17
7,2025,건축학전공,공학계열,30,121,23
7,2025,경영학전공,사회계열,44,119,28
7,2025,경찰학부,사회계열,130,377,124
7,2025,광고홍보학전공,사회계열,30,71,18
7,2025,국어교육과,교육계열,30,128,35
7,2025,기타모집단위,인문계열,67,0,0
7,2025,디지털헬스케어전공,공학계열,20,53,12
7,2025,복지상담학과,사회계열,25,38,25
7,2025,사회복지학전공,사회계열,45,169,22
7,2025,산림치유학과,사회계열,35,53,35
7,2025,수학교육과,교육계열,30,110,30
7,2025,스마트통합치유학과,인문계열,25,35,25
7,2025,스마트항만공학전공,공학계열,30,60,18
7,2025,스포츠레저학전공,예체능계열,50,168,50
7,2025,스포츠재활의학전공,예체능계열,60,409,59
7,2025,스포츠지도학전공,예체능계열,40,139,35
7,2025,실용음악전공,예체능계열,20,40,11
7,2025,언어재활학과,의약계열,25,32,25
7,2025,역사교육과,교육계열,30,174,34
7,2025,영어교육과,교육계열,31,148,31
7,2025,의료경영학전공,사회계열,30,80,14
7,2025,의생명과학전공,자연계열,30,75,17
7,2025,의학과(의예과),의약계열,117,2456,117
7,2025,임상병리학과,의약계열,40,370,48
7,2025,자율전공학부,무전공,257,735,182
7,2025,조리외식경영학전공,자연계열,40,150,36
7,2025,지리교육과,교육계열,30,143,32
7,2025,체육교육과,교육계열,44,276,44
7,2025,치매전문재활학과,사회계열,25,31,25
7,2025,치위생학과,의약계열,40,353,45
7,2025,컴퓨터교육과,교육계열,30,123,31
7,2025,콘텐츠제작전공,사회계열,30,89,14
7,2025,항공교통물류전공,공학계열,30,70,20
7,2025,항공운항전공,공학계열,30,116,23
7,2025,항공정비학전공,공학계열,40,166,38
7,2025,해양치유레저학과,예체능계열,25,36,25
7,2025,행정학전공,사회계열,30,79,18
7,2025,호텔관광경영학전공,사회계열,31,90,8
7,2025,CG디자인전공,예체능계열,30,100,18
7,2026,간호학과,의약계열,137,889,135
7,2026,건축공학전공,공학계열,20,108,23
7,2026,건축학전공,공학계열,31,137,32
7,2026,경영학전공,사회계열,40,234,40
7,2026,경찰학부,사회계열,130,474,136
7,2026,광고홍보학전공,사회계열,20,92,20
7,2026,국어교육과,교육계열,31,160,34
7,2026,기타모집단위,인문계열,67,0,0
7,2026,미디어콘텐츠전공,인문계열,20,149,21
7,2026,복지상담학과,사회계열,25,34,24
7,2026,사회복지학전공,사회계열,40,260,41
7,2026,산림치유학과,사회계열,35,51,35
7,2026,수학교육과,교육계열,31,127,32
7,2026,스마트통합치유학과,인문계열,25,33,24
7,2026,스마트항만공학전공,공학계열,20,53,12
7,2026,스포츠레저학전공,예체능계열,51,217,51
7,2026,스포츠재활의학전공,예체능계열,60,294,60
7,2026,스포츠지도학전공,예체능계열,41,168,41
7,2026,실용음악전공,예체능계열,20,50,21
7,2026,언어재활학과,의약계열,25,19,9
7,2026,역사교육과,교육계열,31,245,34
7,2026,영어교육과,교육계열,31,90,33
7,2026,의료경영학전공,사회계열,20,148,22
7,2026,의생명과학전공,자연계열,30,112,30
7,2026,의학과(의예과),의약계열,75,1172,75
7,2026,임상병리학과,의약계열,40,437,48
7,2026,자율전공학부,무전공,290,1399,297
7,2026,작업치료학과,의약계열,30,284,33
7,2026,조리외식경영학전공,자연계열,40,187,43
7,2026,지리교육과,교육계열,30,173,33
7,2026,체육교육과,교육계열,44,510,44
7,2026,치매전문재활학과,사회계열,25,32,25
7,2026,치위생학과,의약계열,41,381,47
7,2026,컴퓨터교육과,교육계열,31,137,34
7,2026,항공교통물류전공,공학계열,30,117,30
7,2026,항공운항전공,공학계열,30,208,30
7,2026,항공정비학전공,공학계열,40,236,44
7,2026,해양치유레저학과,예체능계열,25,31,17
7,2026,행정학전공,사회계열,20,84,20
7,2026,호텔관광경영학전공,사회계열,20,109,20
7,2026,AI소프트웨어융합학부,공학계열,30,174,31
7,2026,CG디자인전공,예체능계열,30,109,31
8,2024,간호학과,의약계열,83,531,82
8,2024,기타모집단위,인문계열,2,0,0
8,2024,사회복지·상담심리학부,사회계열,34,105,31
8,2025,간호학과,의약계열,84,523,84
8,2025,자율전공학부,무전공,43,99,29
8,2026,간호학과,의약계열,83,566,83
8,2026,자율전공학부,무전공,63,151,39
9,2024,간호학과,의약계열,86,1338,84
9,2024,경영계열,사회계열,55,217,45
9,2024,경영학과,사회계열,57,1035,66
9,2024,경제학과,사회계열,30,438,31
9,2024,공간디자인?소비자학과,자연계열,25,533,28
9,2024,국사학과,인문계열,22,419,27
9,2024,국어국문학과,인문계열,26,424,26
9,2024,국제법정경계열,사회계열,70,560,65
9,2024,국제학부,사회계열,42,785,42
9,2024,글로벌경영학과(정원외),사회계열,7,10,7
9,2024,글로벌미래경영학과,사회계열,34,242,34
9,2024,기타모집단위,인문계열,34,0,0
9,2024,데이터사이언스학과,공학계열,39,452,39
9,2024,물리학과,자연계열,23,269,24
9,2024,미디어기술콘텐츠학과,공학계열,35,745,41
9,2024,바이오메디컬소프트웨어학과,공학계열,25,241,25
9,2024,바이오메디컬화학공학과,자연계열,36,696,38
9,2024,바이오융합공학계열,자연계열,58,306,54
9,2024,법학과,사회계열,22,522,24
9,2024,사회과학계열,사회계열,56,232,54
9,2024,사회복지학과,사회계열,28,590,28
9,2024,사회학과,사회계열,24,442,25
9,2024,생명공학과,자연계열,27,668,32
9,2024,생활과학계열,자연계열,66,793,54
9,2024,성악과(정원외),예체능계열,7,12,7
9,2024,세무회계금융학과,사회계열,34,223,34
9,2024,수학과,자연계열,23,243,22
9,2024,식품영양학과,자연계열,28,444,34
9,2024,신학과,인문계열,56,79,53
9,2024,심리학과,인문계열,44,967,50
9,2024,아동학과,사회계열,24,437,24
9,2024,약학과,의약계열,35,2797,35
9,2024,어문계열,인문계열,71,580,69
9,2024,에너지환경공학과,공학계열,26,470,24
9,2024,영어영문학부,인문계열,41,630,40
9,2024,음악과,예체능계열,51,113,51
9,2024,의류학과,자연계열,23,606,28
9,2024,의생명과학과,자연계열,46,893,47
9,2024,의예과,의약계열,96,5084,95
9,2024,인공지능학과,공학계열,44,501,44
9,2024,인문계열,인문계열,44,441,40
9,2024,일어일본문화학과,인문계열,28,744,32
9,2024,자연과학계열,자연계열,45,394,40
9,2024,자유전공학과(공학),공학계열,14,238,14
9,2024,자유전공학과(인문사회),인문계열,22,499,22
9,2024,자유전공학과(자연?생활),자연계열,14,250,14
9,2024,정보통신전자공학부,공학계열,41,659,45
9,2024,중국언어문화학과,인문계열,28,527,28
9,2024,철학과,인문계열,22,389,22
9,2024,컴퓨터정보공학부,공학계열,40,837,45
9,2024,특수교육과,교육계열,30,237,31
9,2024,프랑스어문화학과,인문계열,16,259,16
9,2024,행정학과,사회계열,22,346,25
9,2024,화학과,자연계열,23,320,29
9,2024,회계학과,사회계열,37,588,39
9,2024,ICT공학계열,공학계열,77,351,64
9,2024,IT파이낸스학과,사회계열,32,228,32
9,2025,간호학과,의약계열,85,1354,82
9,2025,경영학과,사회계열,50,819,48
9,2025,경제학과,사회계열,28,358,28
9,2025,공간디자인?소비자학과,자연계열,28,551,29
9,2025,국사학과,인문계열,20,437,20
9,2025,국어국문학과,인문계열,25,349,25
9,2025,국제학부,사회계열,38,792,36
9,2025,글로벌경영대학,사회계열,106,512,106
9,2025,글로벌경영학과,사회계열,1,3,1
9,2025,기타모집단위,인문계열,34,0,0
9,2025,데이터사이언스학과,공학계열,37,422,36
9,2025,물리학과,자연계열,21,239,19
9,2025,미디어기술콘텐츠학과,공학계열,36,645,36
9,2025,바이오메디컬소프트웨어학과,공학계열,25,289,25
9,2025,바이오메디컬화학공학과,자연계열,32,544,33
9,2025,법학과,사회계열,20,489,20
9,2025,사회복지학과,사회계열,29,486,32
9,2025,사회학과,사회계열,22,375,22
9,2025,생명공학과,자연계열,24,577,24
9,2025,성악과,예체능계열,6,13,6
9,2025,수학과,자연계열,21,268,21
9,2025,식품영양학과,자연계열,28,562,28
9,2025,신학과,인문계열,57,92,54
9,2025,심리학과,인문계열,42,705,47
9,2025,아동학과,사회계열,23,342,23
9,2025,약학과,의약계열,35,2169,35
9,2025,에너지환경공학과,공학계열,22,460,22
9,2025,영어영문학부,인문계열,38,609,38
9,2025,예술미디어융합학과,예체능계열,1,3,1
9,2025,음악과,예체능계열,46,111,46
9,2025,의류학과,자연계열,25,567,27
9,2025,의생명과학과,자연계열,37,561,39
9,2025,의예과,의약계열,96,3883,96
9,2025,인공지능학과,공학계열,41,425,41
9,2025,인문사회계열,무전공,247,2899,251
9,2025,일어일본문화학과,인문계열,25,661,25
9,2025,자연공학계열,무전공,185,2151,192
9,2025,자유전공학부,무전공,221,2160,221
9,2025,정보통신전자공학부,공학계열,39,564,37
9,2025,중국언어문화학과,인문계열,28,440,28
9,2025,철학과,인문계열,21,378,22
9,2025,컴퓨터정보공학부,공학계열,40,781,40
9,2025,특수교육과,교육계열,30,221,30
9,2025,프랑스어문화학과,인문계열,14,175,14
9,2025,한국어문화학과,인문계열,3,5,3
9,2025,행정학과,사회계열,20,370,21
9,2025,화학과,자연계열,21,338,21
9,2025,회계학과,사회계열,37,544,38
9,2026,간호학과,의약계열,83,1024,82
9,2026,경영학과,사회계열,56,967,56
9,2026,경제학과,사회계열,27,496,26
9,2026,공간디자인·소비자학과,자연계열,26,350,26
9,2026,국사학과,인문계열,20,429,21
9,2026,국어국문학과,인문계열,29,360,29
9,2026,국제경영학과,사회계열,32,220,31
9,2026,국제학부,사회계열,38,734,37
9,2026,글로벌경영학과,사회계열,14,23,14
9,2026,글로벌경영학부,사회계열,12,45,12
9,2026,기타모집단위,인문계열,36,0,0
9,2026,데이터사이언스학과,공학계열,39,377,39
9,2026,물리학과,자연계열,21,212,20
9,2026,미디어기술콘텐츠학과,공학계열,30,606,30
9,2026,바이오로직스공학부,자연계열,61,381,61
9,2026,바이오메디컬소프트웨어학과,공학계열,25,299,24
9,2026,바이오메디컬화학공학과,자연계열,32,437,33
9,2026,법학과,사회계열,21,471,21
9,2026,사회복지학과,사회계열,25,430,26
9,2026,사회학과,사회계열,21,418,20
9,2026,생명공학과,자연계열,24,386,22
9,2026,성악과,예체능계열,2,6,2
9,2026,세무회계금융학과,사회계열,31,128,29
9,2026,수학과,자연계열,21,243,21
9,2026,식품영양학과,자연계열,23,498,23
9,2026,신학과,인문계열,54,95,52
9,2026,심리학과,인문계열,36,737,38
9,2026,아동학과,사회계열,25,376,25
9,2026,약학과,의약계열,35,1675,35
9,2026,에너지환경공학과,공학계열,23,390,23
9,2026,영어영문학부,인문계열,38,710,38
9,2026,예술미디어융합학과,예체능계열,0,3,0
9,2026,음악과,예체능계열,46,132,46
9,2026,의류학과,자연계열,24,390,23
9,2026,의생명과학과,자연계열,39,613,44
9,2026,의예과,의약계열,96,3006,96
9,2026,인공지능학과,공학계열,42,465,42
9,2026,인문사회계열,무전공,246,2159,254
9,2026,일어일본문화학과,인문계열,25,737,27
9,2026,자연공학계열,무전공,185,2238,193
9,2026,자유전공학부,무전공,171,2219,171
9,2026,정보통신전자공학부,공학계열,40,438,40
9,2026,중국언어문화학과,인문계열,29,488,27
9,2026,철학과,인문계열,21,397,20
9,2026,컴퓨터정보공학부,공학계열,44,573,44
9,2026,특수교육과,교육계열,30,238,31
9,2026,프랑스어문화학과,인문계열,14,182,14
9,2026,한국어문화학과,인문계열,6,12,6
9,2026,행정학과,사회계열,20,375,19
9,2026,화학과,자연계열,21,362,20
9,2026,회계학과,사회계열,38,516,38
9,2026,AI의공학과,의약계열,38,243,37
9,2026,IT파이낸스학과,사회계열,31,86,25
10,2024,신학부,인문계열,186,266,143
10,2025,신학부,인문계열,181,305,160
10,2026,신학부,인문계열,182,306,168
11,2024,교육학과,교육계열,32,263,32
11,2024,글로벌경영학부,사회계열,206,1352,205
11,2024,글로벌문화학부,인문계열,180,1115,179
11,2024,기타모집단위,인문계열,29,0,0
11,2024,부동산건설학부,공학계열,131,770,131
11,2024,사회복지학부,사회계열,151,1050,148
11,2024,스포츠복지학과,예체능계열,43,687,43
11,2024,실버산업학과,사회계열,53,328,53
11,2024,유니버설아트디자인학과,예체능계열,72,601,69
11,2024,유아교육과,교육계열,45,311,45
11,2024,음악학과,예체능계열,27,104,27
11,2024,인공지능융합공학부,공학계열,173,1276,172
11,2024,정경학부,사회계열,267,1443,266
11,2024,중등특수교육과,교육계열,21,120,20
11,2024,초등특수교육과,교육계열,21,119,21
11,2024,ICT융합공학부,공학계열,179,1093,179
11,2025,교육학과,교육계열,32,198,32
11,2025,글로벌문화콘텐츠대학,인문계열,160,1562,156
11,2025,디자인학과,예체능계열,70,867,70
11,2025,법행정세무학부,사회계열,179,1300,176
11,2025,복지융합대학,사회계열,131,868,128
11,2025,부동산건설학부,공학계열,119,886,116
11,2025,사회복지학부,사회계열,49,371,48
11,2025,상경학부,사회계열,261,1710,257
11,2025,유아교육과,교육계열,45,435,45
11,2025,음악학과,예체능계열,27,117,27
11,2025,인공지능융합공학부,공학계열,107,904,104
11,2025,자유전공학부,인문계열,152,1426,148
11,2025,전자반도체공학부,공학계열,105,647,102
11,2025,중등특수교육과,교육계열,22,94,20
11,2025,체육학과,예체능계열,42,893,42
11,2025,초등특수교육과,교육계열,22,124,20
11,2025,컴퓨터공학부,공학계열,113,854,110
11,2026,교육학과,교육계열,32,331,32
11,2026,글로벌문화콘텐츠대학,인문계열,150,1886,150
11,2026,기타모집단위,인문계열,29,0,0
11,2026,디자인학과,예체능계열,70,595,70
11,2026,법행정세무학부,사회계열,188,1868,188
11,2026,복지융합대학,사회계열,126,1298,126
11,2026,부동산건설학부,공학계열,116,1072,116
11,2026,사회복지학부,사회계열,54,491,54
11,2026,상경학부,사회계열,247,2818,255
11,2026,유아교육과,교육계열,45,408,45
11,2026,음악학과,예체능계열,27,171,27
11,2026,인공지능융합공학부,공학계열,108,1113,108
11,2026,자유전공학부,무전공,129,2119,129
11,2026,전자반도체공학부,공학계열,105,1291,105
11,2026,중등특수교육과,교육계열,22,146,22
11,2026,체육학과,예체능계열,43,1398,43
11,2026,초등특수교육과,교육계열,22,138,22
11,2026,컴퓨터공학부,공학계열,108,1160,108
12,2024,간호학과,의약계열,53,923,53
12,2024,기타모집단위,인문계열,5,0,0
12,2024,사회복지학과,사회계열,62,752,62
12,2024,상담심리학과,인문계열,34,340,35
12,2024,식품영양학과,자연계열,32,394,32
12,2024,신학과,인문계열,21,157,21
12,2024,실용음악학과,예체능계열,33,229,33
12,2024,아동가족복지학과,사회계열,22,1,1
12,2024,AI경영학과,사회계열,0,1,0
12,2024,G2빅데이터경영학과,사회계열,162,844,162
12,2025,간호학과,의약계열,51,785,53
12,2025,글로벌경영학과,사회계열,93,122,93
12,2025,기타모집단위,인문계열,20,0,0
12,2025,사회복지학과,사회계열,60,746,65
12,2025,산업경영학과,사회계열,8,0,0
12,2025,상담심리학과,인문계열,30,346,35
12,2025,식품영양학과,자연계열,30,325,30
12,2025,신학과,인문계열,20,175,20
12,2025,실용음악학과,예체능계열,30,194,30
12,2025,아동가족복지학과,사회계열,14,1,1
12,2025,AI기반경영학과,사회계열,45,61,45
12,2025,G2빅데이터경영학과,사회계열,58,513,61
12,2026,간호학과,의약계열,51,1249,51
12,2026,글로벌경영학과,사회계열,63,67,63
12,2026,기타모집단위,인문계열,20,0,0
12,2026,사회복지학과,사회계열,60,946,66
12,2026,산업경영학과,사회계열,8,1,1
12,2026,상담심리학과,인문계열,29,364,33
12,2026,식품영양학과,자연계열,30,402,32
12,2026,신학과,인문계열,21,134,21
12,2026,실용음악학과,예체능계열,30,243,30
12,2026,아동가족복지학과,사회계열,14,2,2
12,2026,G2빅데이터경영학과,사회계열,58,589,61
13,2024,간호학과,의약계열,101,605,100
13,2024,경영학과,사회계열,89,530,89
13,2024,경제통상학과,사회계열,81,616,81
13,2024,경찰학과,사회계열,54,553,54
13,2024,골프산업학과,예체능계열,30,191,30
13,2024,녹색기술융합학과,자연계열,52,309,52
13,2024,동화?한국어문화학과,인문계열,42,194,42
13,2024,라이프설계융합학과,사회계열,40,31,15
13,2024,메카트로닉스공학과,공학계열,82,551,82
13,2024,문헌정보학과,인문계열,45,303,45
13,2024,미디어콘텐츠학과,인문계열,43,1007,43
13,2024,바이오메디컬공학과,공학계열,87,471,87
13,2024,바이오의약학과,자연계열,62,447,62
13,2024,뷰티화장품학과,자연계열,42,319,42
13,2024,사회복지학과,사회계열,51,461,51
13,2024,산업디자인학과,예체능계열,42,763,42
13,2024,생명공학과,자연계열,62,273,62
13,2024,소방방재융합학과,공학계열,38,299,38
13,2024,스포츠건강학과,예체능계열,51,746,51
13,2024,시각영상디자인학과,예체능계열,77,1822,77
13,2024,식품영양학과,자연계열,47,291,47
13,2024,신문방송학과,사회계열,65,862,65
13,2024,실내디자인학과,예체능계열,42,727,42
13,2024,에너지신소재공학과,공학계열,49,200,49
13,2024,영어문화학과,인문계열,43,208,43
13,2024,유아교육과,교육계열,43,241,43
13,2024,의예과,의약계열,43,615,43
13,2024,조형예술학과,예체능계열,71,1044,71
13,2024,첨단산업융합학과,공학계열,40,29,9
13,2024,컴퓨터공학과,공학계열,90,508,90
13,2024,패션디자인학과,예체능계열,43,671,43
13,2025,간호학과,의약계열,98,876,99
13,2025,경영학과,사회계열,71,678,75
13,2025,경제통상학과,사회계열,65,398,68
13,2025,경찰학과,사회계열,44,596,44
13,2025,골프산업학과,예체능계열,28,305,29
13,2025,기타모집단위,인문계열,21,0,0
13,2025,녹색기술융합학과,자연계열,42,276,42
13,2025,동화?한국어문화학과,인문계열,34,176,35
13,2025,디자인조형자유전공학부,예체능계열,149,2402,149
13,2025,라이프설계융합학과,사회계열,40,49,28
13,2025,메카트로닉스공학과,공학계열,67,513,67
13,2025,문헌정보학과,인문계열,36,251,38
13,2025,미디어콘텐츠학과,인문계열,22,696,23
13,2025,바이오메디컬공학과,공학계열,71,571,71
13,2025,바이오의약학과,자연계열,50,315,50
13,2025,뷰티화장품학과,자연계열,35,277,35
13,2025,사회복지학과,사회계열,40,271,40
13,2025,산업디자인학과,예체능계열,22,415,22
13,2025,생명공학과,자연계열,51,273,51
13,2025,소방방재융합학과,공학계열,31,321,31
13,2025,스포츠건강학과,예체능계열,47,1051,47
13,2025,시각영상디자인학과,예체능계열,40,1021,41
13,2025,식품영양학과,자연계열,38,405,38
13,2025,신문방송학과,사회계열,53,593,52
13,2025,실내디자인학과,예체능계열,22,403,22
13,2025,에너지신소재공학과,공학계열,39,439,39
13,2025,영어문화학과,인문계열,34,360,34
13,2025,유아교육과,교육계열,43,582,43
13,2025,의예과,의약계열,105,1149,109
13,2025,조형예술학과,예체능계열,38,638,38
13,2025,첨단산업융합학과,공학계열,40,62,26
13,2025,컴퓨터공학과,공학계열,73,517,76
13,2025,패션디자인학과,예체능계열,22,401,23
13,2025,KU자유전공학부,무전공,210,1415,210
13,2026,간호학과,의약계열,105,1170,105
13,2026,경영학과,사회계열,71,599,72
13,2026,경제통상학과,사회계열,65,587,66
13,2026,경찰학과,사회계열,44,538,43
13,2026,골프산업학과,예체능계열,29,548,30
13,2026,국제경영학과,사회계열,3,5,3
13,2026,기타모집단위,인문계열,13,0,0
13,2026,녹색기술융합학과,자연계열,42,273,42
13,2026,동화·한국어문화학과,인문계열,34,347,35
13,2026,디자인조형자유전공학부,예체능계열,149,2736,149
13,2026,라이프설계융합학과,사회계열,40,31,8
13,2026,메카트로닉스공학과,공학계열,67,583,67
13,2026,문헌정보학과,인문계열,36,386,38
13,2026,미디어영상학과,예체능계열,4,4,4
13,2026,미디어콘텐츠학과,인문계열,22,702,23
13,2026,바이오메디컬공학과,공학계열,68,448,68
13,2026,바이오의약학과,자연계열,50,450,50
13,2026,뷰티화장품학과,자연계열,34,330,35
13,2026,사회복지학과,사회계열,39,446,40
13,2026,산업디자인학과,예체능계열,22,392,22
13,2026,생명공학과,자연계열,50,323,50
13,2026,소방방재융합학과,공학계열,31,311,31
13,2026,스포츠건강학과,예체능계열,48,1091,48
13,2026,시각영상디자인학과,예체능계열,40,1197,40
13,2026,식품영양학과,자연계열,38,346,38
13,2026,신문방송학과,사회계열,53,538,53
13,2026,실내디자인학과,예체능계열,22,376,22
13,2026,에너지신소재공학과,공학계열,39,432,38
13,2026,영어문화학과,인문계열,34,255,34
13,2026,유아교육과,교육계열,43,350,44
13,2026,의예과,의약계열,44,689,44
13,2026,조형예술학과,예체능계열,38,666,38
13,2026,첨단산업융합학과,공학계열,40,30,12
13,2026,컴퓨터공학과,공학계열,73,533,72
13,2026,패션디자인학과,예체능계열,22,660,22
13,2026,KU자유전공학부,무전공,211,3064,211
14,2024,간호학과,의약계열,175,1439,175
14,2024,경영학부,사회계열,32,182,28
14,2024,국방경찰행정학부,사회계열,60,296,56
14,2024,군사학과,사회계열,40,133,31
14,2024,글로벌의료뷰티학과,예체능계열,43,232,38
14,2024,금융세무학부,사회계열,33,138,31
14,2024,기업소프트웨어학부,공학계열,36,96,36
14,2024,디지털콘텐츠학과,공학계열,25,155,23
14,2024,물리치료학과,의약계열,54,648,54
14,2024,반도체공학과,공학계열,25,90,25
14,2024,방사선학과,의약계열,48,448,48
14,2024,병원경영학과,사회계열,65,259,65
14,2024,사회복지학과,사회계열,47,231,41
14,2024,스마트보안학과,공학계열,40,134,38
14,2024,스포츠의학과,예체능계열,27,186,27
14,2024,시각디자인학과,예체능계열,24,85,23
14,2024,심리상담치료학과,의약계열,48,237,47
14,2024,아동교육학과,교육계열,23,107,14
14,2024,안경광학과,공학계열,53,200,52
14,2024,유아교육과,교육계열,23,128,21
14,2024,융합디자인학과,예체능계열,21,79,21
14,2024,응급구조학과,의약계열,54,360,54
14,2024,의공학과,의약계열,63,229,62
14,2024,의료공간디자인학과,예체능계열,50,154,50
14,2024,의료신소재학과,의약계열,42,133,41
14,2024,의료IT공학과,의약계열,57,213,57
14,2024,의약바이오학과,자연계열,34,185,33
14,2024,의예과,의약계열,58,1549,58
14,2024,의학과,의약계열,0,1549,0
14,2024,인공지능학과,공학계열,46,193,45
14,2024,임상병리학과,의약계열,57,483,56
14,2024,임상의약학과,의약계열,27,89,26
14,2024,작업치료학과,의약계열,62,332,62
14,2024,재난안전소방학과,공학계열,32,169,32
14,2024,재활퍼스널트레이닝학과,의약계열,30,157,30
14,2024,제약생명공학과,자연계열,63,308,63
14,2024,중등특수교육과,교육계열,22,58,6
14,2024,초등특수교육과,교육계열,32,99,20
14,2024,치위생학과,의약계열,50,373,49
14,2024,호텔관광학과,사회계열,29,118,21
14,2025,간호학과,의약계열,201,1266,200
14,2025,경영학부,사회계열,30,148,30
14,2025,국방경찰행정학부,사회계열,58,382,56
14,2025,국제의료관광학과,사회계열,45,44,44
14,2025,군사학과,사회계열,40,125,40
14,2025,글로벌의료뷰티학과,예체능계열,37,245,35
14,2025,금융세무학부,사회계열,33,139,29
14,2025,기업소프트웨어학부,공학계열,36,98,36
14,2025,디지털콘텐츠학과,공학계열,20,103,20
14,2025,물리치료학과,의약계열,53,362,53
14,2025,반도체공학과,공학계열,25,132,25
14,2025,방사선학과,의약계열,48,370,48
14,2025,병원경영학과,사회계열,65,346,64
14,2025,사회복지학과,사회계열,42,234,40
14,2025,스마트보안학과,공학계열,41,146,40
14,2025,스포츠의학과,예체능계열,27,256,27
14,2025,시각디자인학과,예체능계열,25,163,23
14,2025,심리상담치료학과,의약계열,51,249,48
14,2025,안경광학과,공학계열,53,238,53
14,2025,유아교육과,교육계열,22,152,21
14,2025,융합디자인학과,예체능계열,21,71,20
14,2025,응급구조학과,의약계열,54,311,54
14,2025,의공학과,의약계열,62,212,62
14,2025,의료공간디자인학과,예체능계열,54,162,51
14,2025,의료신소재학과,의약계열,42,204,40
14,2025,의료IT공학과,의약계열,55,242,53
14,2025,의약바이오학과,자연계열,30,140,30
14,2025,의예과,의약계열,109,1535,109
14,2025,인공지능학과,공학계열,44,155,42
14,2025,임상병리학과,의약계열,58,451,58
14,2025,임상의약학과,의약계열,26,84,25
14,2025,작업치료학과,의약계열,62,550,62
14,2025,재난안전소방학과,공학계열,32,153,30
14,2025,재활퍼스널트레이닝학과,의약계열,30,140,30
14,2025,제약생명공학과,자연계열,62,398,61
14,2025,치위생학과,의약계열,57,407,57
14,2025,특수교육과,교육계열,55,201,52
14,2025,호텔관광학과,사회계열,29,157,29
14,2025,K-문화산업학과,인문계열,9,9,9
14,2026,간호학과,의약계열,201,1608,201
14,2026,국방경찰행정학부,사회계열,51,363,50
14,2026,국방반도체공학과,공학계열,25,87,25
14,2026,국방산업경영학부,사회계열,39,464,38
14,2026,국방XR학부,공학계열,35,251,35
14,2026,국제의료관광학과,사회계열,31,31,31
14,2026,군사학과,사회계열,35,153,35
14,2026,기업소프트웨어학부,공학계열,35,152,35
14,2026,물리치료학과,의약계열,58,527,58
14,2026,방사선학과,의약계열,48,646,48
14,2026,방위산업공학부 방위산업공학전공,공학계열,23,42,4
14,2026,방위산업공학부 재난안전소방학전공,공학계열,32,192,32
14,2026,병원경영학과,사회계열,66,587,66
14,2026,사회복지학과,사회계열,36,249,36
14,2026,스마트보안학과,공학계열,43,262,43
14,2026,스마트팜학부,자연계열,39,344,37
14,2026,식품생명공학과,자연계열,30,68,20
14,2026,심리상담치료학과,의약계열,38,235,38
14,2026,안경광학과,공학계열,54,379,54
14,2026,유무인항공학과,공학계열,37,81,27
14,2026,유아교육과,교육계열,22,222,22
14,2026,응급구조학과,의약계열,59,1028,58
14,2026,의공학과,의약계열,62,286,62
14,2026,의료공간디자인학과,예체능계열,50,214,50
14,2026,의료신소재학과,의약계열,42,217,42
14,2026,의료IT공학과,의약계열,56,291,55
14,2026,의예과,의약계열,56,895,56
14,2026,인공지능학과,공학계열,41,205,41
14,2026,임상병리학과,의약계열,62,496,62
14,2026,임상의약바이오학과,자연계열,34,153,34
14,2026,작업치료학과,의약계열,65,715,64
14,2026,재활퍼스널트레이닝학과,의약계열,30,405,30
14,2026,제약생명공학과,자연계열,64,396,64
14,2026,치위생학과,의약계열,58,450,58
14,2026,특수교육과,교육계열,56,282,55
14,2026,휴먼사이언스학부 글로벌의료뷰티학전공,예체능계열,32,340,32
14,2026,휴먼사이언스학부 스포츠의학전공,의약계열,27,280,26
14,2026,K-문화산업학과,인문계열,34,34,34
14,2026,ND산업디자인학부,예체능계열,34,115,34
15,2024,건축안전공학과,공학계열,40,22,22
15,2024,건축학과,공학계열,46,700,46
15,2024,경영학부,사회계열,286,3302,285
15,2024,경제학부,사회계열,179,2197,178
15,2024,공공안전학부,사회계열,89,984,91
15,2024,공공인재학부,사회계열,113,1204,112
15,2024,관광개발경영학과,사회계열,99,1073,100
15,2024,관광문화콘텐츠학과,사회계열,44,677,44
15,2024,국어국문학과,인문계열,62,709,61
15,2024,글로벌어문학부,인문계열,170,2319,169
15,2024,기계시스템공학과,공학계열,85,1242,84
15,2024,기타모집단위,인문계열,59,0,0
15,2024,디자인비즈학부,예체능계열,66,885,66
15,2024,무역학과,사회계열,82,879,83
15,2024,문헌정보학과,인문계열,34,437,34
15,2024,미디어영상학과,예체능계열,47,1272,47
15,2024,바이오융합학부,자연계열,105,1323,105
15,2024,법학과,사회계열,58,949,57
15,2024,사학과,인문계열,39,517,39
15,2024,사회에너지시스템공학과,공학계열,123,1573,123
15,2024,산업경영정보공학과,공학계열,120,1286,120
15,2024,수학과,자연계열,31,318,30
15,2024,스마트시티공학부,공학계열,85,909,84
15,2024,스포츠과학부,예체능계열,92,770,91
15,2024,시큐리티매니지먼트학과,예체능계열,37,244,37
15,2024,신소재화학공학부,공학계열,126,1149,125
15,2024,실용음악학과,예체능계열,24,628,25
15,2024,애니메이션학과,예체능계열,27,1120,29
15,2024,연기학과,예체능계열,25,1576,25
15,2024,영어영문학과,인문계열,74,645,74
15,2024,외식조리?관광서비스학과,자연계열,40,3,1
15,2024,유아교육과,교육계열,19,330,19
15,2024,인공지능전공,공학계열,53,564,53
15,2024,입체조형학과,예체능계열,31,558,31
15,2024,전자공학부,공학계열,147,1228,147
15,2024,체육학과,예체능계열,28,115,29
15,2024,컴퓨터공학전공,공학계열,160,1988,158
15,2024,호텔외식경영학부,사회계열,85,1121,90
15,2024,화학과,자연계열,41,408,41
15,2024,휴먼서비스학부,사회계열,70,1105,70
15,2024,FineArts학부,예체능계열,79,544,79
15,2024,SW안전보안전공,공학계열,50,598,50
15,2025,건축안전공학과,공학계열,40,12,12
15,2025,건축학과,공학계열,33,459,32
15,2025,경영학부,사회계열,250,1906,247
15,2025,경제학부,사회계열,134,1481,134
15,2025,공공안전학부,사회계열,66,698,66
15,2025,공공인재학부,사회계열,86,925,86
15,2025,관광개발경영학과,사회계열,75,871,75
15,2025,관광문화콘텐츠학과,사회계열,36,412,36
15,2025,관광문화학부,무전공,1,32,7
15,2025,국어국문학과,인문계열,45,678,45
15,2025,글로벌어문학부,인문계열,135,1994,134
15,2025,기계시스템공학과,공학계열,64,697,64
15,2025,기타모집단위,인문계열,58,0,0
15,2025,디자인비즈학부,예체능계열,63,1049,61
15,2025,무역학과,사회계열,71,667,71
15,2025,문헌정보학과,인문계열,26,337,26
15,2025,미디어영상학과,예체능계열,39,944,39
15,2025,바이오융합학부,자연계열,77,1234,77
15,2025,법학과,사회계열,45,595,45
15,2025,사학과,인문계열,31,356,31
15,2025,사회과학부,사회계열,82,929,84
15,2025,사회에너지시스템공학과,공학계열,96,850,96
15,2025,산업경영공학과,공학계열,95,820,95
15,2025,소프트웨어경영학부,무전공,59,749,59
15,2025,수학과,자연계열,23,371,23
15,2025,스마트시티공학부,공학계열,65,757,65
15,2025,스포츠과학부,예체능계열,86,1109,87
15,2025,시큐리티매니지먼트학과,예체능계열,34,208,34
15,2025,신소재화학공학부,공학계열,96,1595,94
15,2025,실용음악학과,예체능계열,22,642,22
15,2025,애니메이션학과,예체능계열,27,1047,28
15,2025,연기학과,예체능계열,26,1708,28
15,2025,영어영문학과,인문계열,55,542,55
15,2025,유아교육과,교육계열,19,206,19
15,2025,융합과학부,자연계열,25,505,25
15,2025,인공지능전공,공학계열,10,58,10
15,2025,인문학부,인문계열,55,547,55
15,2025,입체조형학과,예체능계열,29,577,29
15,2025,자유전공학부(서울),무전공,64,1926,64
15,2025,자유전공학부(수원),무전공,205,6270,204
15,2025,전자공학부,공학계열,117,1242,116
15,2025,창의공학부,공학계열,88,1015,86
15,2025,체육학과,예체능계열,25,112,26
15,2025,호텔외식경영학부,사회계열,66,1065,66
15,2025,화학과,자연계열,32,381,32
15,2025,휴먼서비스학부,사회계열,60,715,57
15,2025,AI컴퓨터공학부,공학계열,238,2732,236
15,2025,FineArts학부,예체능계열,76,419,75
15,2025,SW안전보안전공,공학계열,20,196,20
15,2026,건축안전공학과,공학계열,40,11,11
15,2026,건축학과,공학계열,32,478,31
15,2026,경영학부,사회계열,257,2759,257
15,2026,경제학부,사회계열,133,1381,133
15,2026,경호보안학과,예체능계열,33,214,33
15,2026,공공안전학부,사회계열,66,669,66
15,2026,공공인재학부,사회계열,85,1044,85
15,2026,관광개발경영학과,사회계열,78,789,78
15,2026,관광문화콘텐츠학과,사회계열,37,507,37
15,2026,국어국문학과,인문계열,45,432,50
15,2026,글로벌어문학부,인문계열,133,2225,133
15,2026,기계시스템공학과,공학계열,64,740,64
15,2026,기타모집단위,인문계열,27,0,0
15,2026,디자인비즈학부,예체능계열,62,1425,62
15,2026,무역학과,사회계열,63,552,63
15,2026,문헌정보학과,인문계열,26,303,26
15,2026,미디어영상학과,예체능계열,40,576,40
15,2026,바이오융합학부,자연계열,77,1086,77
15,2026,법학과,사회계열,45,511,45
15,2026,사학과,인문계열,31,446,30
15,2026,사회과학부,사회계열,82,675,82
15,2026,사회에너지시스템공학과,공학계열,96,730,96
15,2026,산업경영공학과,공학계열,95,1038,95
15,2026,소프트웨어경영학부,무전공,59,613,59
15,2026,수학과,자연계열,23,205,23
15,2026,스마트시티공학부,공학계열,63,633,63
15,2026,스포츠과학부,예체능계열,85,1607,87
15,2026,신소재화학공학부,공학계열,95,867,95
15,2026,실용음악학과,예체능계열,22,637,23
15,2026,애니메이션학과,예체능계열,27,1190,28
15,2026,연기학과,예체능계열,25,1818,25
15,2026,영어영문학과,인문계열,55,473,55
15,2026,유아교육과,교육계열,19,287,19
15,2026,융합과학부,자연계열,25,521,25
15,2026,인공지능전공,공학계열,10,320,10
15,2026,인문학부,인문계열,59,939,54
15,2026,입체조형학과,예체능계열,28,534,28
15,2026,자유전공학부(서울),무전공,64,2057,64
15,2026,자유전공학부(수원),무전공,226,6792,208
15,2026,전자공학부,공학계열,116,1114,116
15,2026,창의공학부,공학계열,87,970,87
15,2026,체육학과,예체능계열,24,154,24
15,2026,호텔외식경영학부,사회계열,72,859,77
15,2026,화학과,자연계열,32,278,32
15,2026,휴먼서비스학부,사회계열,58,604,57
15,2026,AI컴퓨터공학부,공학계열,250,1867,239
15,2026,FineArts학부,예체능계열,75,541,75
15,2026,SW안전보안전공,공학계열,20,174,20
16,2024,가정교육과,교육계열,34,109,28
16,2024,간호학과,의약계열,136,1249,136
16,2024,건축학부,공학계열,60,206,47
16,2024,게임학과,공학계열,25,106,21
16,2024,경영학부,사회계열,113,434,72
16,2024,경찰학부,사회계열,83,323,82
16,2024,경호보안학과,예체능계열,45,174,40
16,2024,관광학부,사회계열,53,185,32
16,2024,교육학과,교육계열,33,107,32
16,2024,국어교육과,교육계열,40,117,35
16,2024,군사학과,사회계열,35,89,16
16,2024,기계공학부,공학계열,53,206,48
16,2024,디자인학과,예체능계열,47,98,12
16,2024,디지털마케팅학과,사회계열,30,140,19
16,2024,로컬크리에이터학과,사회계열,20,27,20
16,2024,무역물류학과,사회계열,31,86,21
16,2024,문화콘텐츠학과,인문계열,41,134,24
16,2024,물리치료학과,의약계열,51,416,51
16,2024,미디어영상학과,예체능계열,40,198,36
16,2024,미래자동차학과,공학계열,25,56,11
16,2024,미술교육과,교육계열,40,125,38
16,2024,법학과,사회계열,32,120,25
16,2024,보건의료정보학과,의약계열,30,124,16
16,2024,부동산경제금융학과,사회계열,30,70,13
16,2024,비즈니스컨설팅학과,사회계열,20,26,20
16,2024,사회복지학과,사회계열,69,328,54
16,2024,소방방재공학과,공학계열,60,191,50
16,2024,수학교육과,교육계열,40,113,37
16,2024,스마트기계융합공학전공,공학계열,31,96,28
16,2024,스포츠과학과,예체능계열,76,294,74
16,2024,식품영양학과,자연계열,43,175,24
16,2024,심리학과,인문계열,45,181,38
16,2024,액티브시니어학과,예체능계열,20,33,20
16,2024,여가라이프비즈니스학과,사회계열,20,41,20
16,2024,역사학과,인문계열,30,86,15
16,2024,영어교육과,교육계열,40,137,38
16,2024,외식조리학과,자연계열,30,189,24
16,2024,유아교육과,교육계열,40,158,38
16,2024,음악교육과,교육계열,40,93,34
16,2024,인공지능학과,공학계열,30,88,15
16,2024,일어교육과,교육계열,33,143,32
16,2024,자유전공학부,인문계열,36,178,23
16,2024,작업치료학과,의약계열,41,218,34
16,2024,재난안전건설학과,공학계열,30,55,16
16,2024,전기공학과,공학계열,53,214,40
16,2024,제약공학과,자연계열,30,82,20
16,2024,체육교육과,교육계열,74,472,74
16,2024,컴퓨터공학부,공학계열,125,382,71
16,2024,토털뷰티디자인학과,예체능계열,20,33,20
16,2024,평생교육상담보육학과,사회계열,20,39,20
16,2024,행정학과,사회계열,37,99,16
16,2025,가정교육과,교육계열,33,101,31
16,2025,간호학과,의약계열,175,1325,175
16,2025,건축학부,공학계열,50,200,50
16,2025,게임학과,공학계열,30,115,29
16,2025,경영학부,사회계열,108,455,99
16,2025,경찰학부,사회계열,83,433,83
16,2025,경호보안학과,예체능계열,44,196,42
16,2025,교육학과,교육계열,33,101,32
16,2025,국어교육과,교육계열,40,145,39
16,2025,군사학과,사회계열,30,125,27
16,2025,기계공학부,공학계열,55,238,54
16,2025,디지털공연영상학과,예체능계열,38,107,31
16,2025,디지털마케팅학과,사회계열,26,131,24
16,2025,로컬크리에이터학과,사회계열,20,31,20
16,2025,무역물류학과,사회계열,25,87,24
16,2025,문화유산복원예술학과,인문계열,25,83,23
16,2025,물리치료학과,의약계열,52,580,52
16,2025,미디어영상학과,예체능계열,34,186,32
16,2025,미래자동차학과,공학계열,20,85,20
16,2025,미술교육과,교육계열,40,150,39
16,2025,법학과,사회계열,32,90,30
16,2025,보건의료정보학과,의약계열,25,105,23
16,2025,비즈니스컨설팅학과,사회계열,20,34,20
16,2025,사회복지학과,사회계열,64,342,64
16,2025,소방안전공학과,공학계열,47,203,44
16,2025,수학교육과,교육계열,40,111,39
16,2025,스마트기계융합공학전공,공학계열,30,115,30
16,2025,스포츠재활학전공,예체능계열,44,343,44
16,2025,스포츠지도학전공,예체능계열,50,156,49
16,2025,식품영양학과,자연계열,33,161,31
16,2025,심리학과,인문계열,45,178,41
16,2025,액티브시니어학과,예체능계열,20,29,20
16,2025,여가라이프비즈니스학과,사회계열,20,37,20
16,2025,여행항공관광학과,사회계열,43,137,36
16,2025,영어교육과,교육계열,40,158,38
16,2025,외식조리학과,자연계열,27,218,23
16,2025,웹툰?디자인학과,예체능계열,27,90,27
16,2025,유아교육과,교육계열,40,168,39
16,2025,음악교육과,교육계열,40,103,37
16,2025,응급구조학과,의약계열,25,150,25
16,2025,인공지능학과,공학계열,25,85,19
16,2025,일어교육과,교육계열,33,178,33
16,2025,자유전공학부,무전공,69,287,69
16,2025,작업치료학과,의약계열,41,226,39
16,2025,전기공학과,공학계열,44,190,44
16,2025,제약공학과,자연계열,25,125,20
16,2025,체육교육과,교육계열,74,449,74
16,2025,컴퓨터공학부,공학계열,114,381,101
16,2025,토털뷰티디자인학과,예체능계열,20,27,20
16,2025,평생교육상담보육학과,사회계열,20,34,20
16,2025,행정학과,사회계열,32,102,28
16,2026,가정교육과,교육계열,34,154,34
16,2026,간호학과,의약계열,175,1481,174
16,2026,건축학부,공학계열,55,224,54
16,2026,게임학과,공학계열,35,137,35
16,2026,경영학부,사회계열,102,500,100
16,2026,경찰학부,사회계열,83,489,81
16,2026,경호보안학과,예체능계열,49,269,49
16,2026,교육학과,교육계열,33,171,33
16,2026,국어교육과,교육계열,41,201,41
16,2026,군사학과,사회계열,30,170,29
16,2026,기계공학부,공학계열,63,297,63
16,2026,디지털공연영상학과,예체능계열,30,163,30
16,2026,디지털마케팅학과,사회계열,25,144,25
16,2026,로컬크리에이터학과,사회계열,20,23,15
16,2026,무역물류학과,사회계열,25,179,25
16,2026,문화유산복원예술학과,인문계열,25,142,25
16,2026,물리치료학과,의약계열,52,600,52
16,2026,미디어영상학과,예체능계열,35,249,35
16,2026,미래자동차학과,공학계열,20,103,20
16,2026,미술교육과,교육계열,40,146,40
16,2026,법학과,사회계열,32,137,32
16,2026,보건의료정보학과,의약계열,25,134,25
16,2026,비즈니스컨설팅학과,사회계열,20,32,19
16,2026,사회복지학과,사회계열,59,348,59
16,2026,소방안전공학과,공학계열,43,214,43
16,2026,수학교육과,교육계열,41,178,40
16,2026,스마트기계융합공학전공,공학계열,30,124,30
16,2026,스포츠재활학전공,예체능계열,45,336,45
16,2026,스포츠지도학전공,예체능계열,50,173,50
16,2026,식품영양학과,자연계열,32,228,31
16,2026,심리학과,인문계열,45,182,44
16,2026,액티브시니어학과,예체능계열,20,21,15
16,2026,여가라이프비즈니스학과,사회계열,20,18,14
16,2026,여행항공관광학과,사회계열,43,163,41
16,2026,영어교육과,교육계열,41,183,40
16,2026,외식조리학과,자연계열,26,187,25
16,2026,웹툰·디자인학과,예체능계열,32,160,32
16,2026,유아교육과,교육계열,41,224,41
16,2026,음악교육과,교육계열,41,180,41
16,2026,응급구조학과,의약계열,25,233,25
16,2026,인공지능학과,공학계열,20,137,20
16,2026,일어교육과,교육계열,34,160,34
16,2026,자유전공학부,무전공,69,454,69
16,2026,작업치료학과,의약계열,41,270,40
16,2026,전기공학과,공학계열,43,213,43
16,2026,제약공학과,자연계열,20,120,20
16,2026,체육교육과,교육계열,74,465,74
16,2026,컴퓨터공학부,공학계열,116,442,113
16,2026,토털뷰티디자인학과,예체능계열,20,24,15
16,2026,평생교육상담보육학과,사회계열,20,25,15
16,2026,행정학과,사회계열,32,205,32
17,2024,간호학과,의약계열,355,2083,418
17,2024,건축공학과,공학계열,25,189,25
17,2024,건축디자인학과,예체능계열,25,186,26
17,2024,경영학과,사회계열,31,176,31
17,2024,경찰학과,사회계열,35,280,35
17,2024,공공복지정보관리학과,의약계열,26,173,26
17,2024,국제융합학부,사회계열,1,35,1
17,2024,국제학부,사회계열,140,141,140
17,2024,군사학과,사회계열,27,179,27
17,2024,기타모집단위,인문계열,116,0,0
17,2024,디자인학과,예체능계열,25,184,28
17,2024,물리치료학과,의약계열,75,657,88
17,2024,사회복지학과,사회계열,23,407,23
17,2024,소프트웨어학과,공학계열,60,345,60
17,2024,스포츠마케팅학과(예체능),사회계열,50,215,50
17,2024,안경광학과,공학계열,21,134,18
17,2024,외식사업학과,자연계열,25,151,25
17,2024,유아교육과,교육계열,100,459,100
17,2024,응급구조학과,의약계열,40,252,40
17,2024,임상병리학과,의약계열,62,302,63
17,2024,작업치료학과,의약계열,70,393,67
17,2024,체육학과,예체능계열,50,310,52
17,2024,치기공학과,의약계열,60,277,52
17,2024,치위생학과,의약계열,160,789,160
17,2024,컴퓨터공학과,공학계열,73,407,74
17,2024,토목공학과,공학계열,25,170,25
17,2024,항공서비스학과,사회계열,25,150,25
17,2024,행정학과,사회계열,30,159,30
17,2024,호텔관광경영학과,사회계열,21,357,22
17,2024,호텔조리학과,자연계열,40,290,40
17,2025,간호학과,의약계열,381,2495,429
17,2025,건설시스템공학과,공학계열,25,146,25
17,2025,건축공학과,공학계열,25,193,26
17,2025,건축디자인학과,예체능계열,25,223,26
17,2025,경영학과,사회계열,37,288,37
17,2025,경찰학과,사회계열,35,254,38
17,2025,국제학부,사회계열,133,133,133
17,2025,군사학과,사회계열,27,152,28
17,2025,기타모집단위,인문계열,116,0,0
17,2025,디자인학과,예체능계열,25,243,26
17,2025,물리치료학과,의약계열,75,633,89
17,2025,보건행정학과,사회계열,26,283,27
17,2025,사회복지학과,사회계열,25,342,28
17,2025,소프트웨어학과,공학계열,60,385,65
17,2025,스포츠마케팅학과(예체능),사회계열,50,336,51
17,2025,안경광학과,공학계열,6,57,6
17,2025,외식사업학과,자연계열,25,151,25
17,2025,유아교육과,교육계열,100,474,100
17,2025,응급구조학과,의약계열,30,290,30
17,2025,임상병리학과,의약계열,62,320,62
17,2025,작업치료학과,의약계열,72,402,73
17,2025,체육학과,예체능계열,52,313,54
17,2025,치기공학과,의약계열,60,286,60
17,2025,치위생학과,의약계열,160,826,160
17,2025,컴퓨터공학과,공학계열,73,425,73
17,2025,항공서비스학과,사회계열,25,189,25
17,2025,행정학과,사회계열,30,198,30
17,2025,호텔관광경영학과,사회계열,22,212,24
17,2025,호텔조리학과,자연계열,41,320,41
17,2026,간호학과,의약계열,380,2863,436
17,2026,건설시스템공학과,공학계열,30,181,30
17,2026,건축공학과,공학계열,30,205,30
17,2026,건축디자인학과,예체능계열,30,234,31
17,2026,경영학과,사회계열,35,335,35
17,2026,경찰학과,사회계열,40,344,43
17,2026,국제학부,사회계열,0,288,288
17,2026,군사학과,사회계열,26,274,26
17,2026,기타모집단위,인문계열,85,0,0
17,2026,디자인학과,예체능계열,30,258,30
17,2026,물리치료학과,의약계열,75,664,86
17,2026,보건행정학과,사회계열,30,359,30
17,2026,사회복지학과,사회계열,30,435,33
17,2026,소프트웨어융합보안학과,공학계열,40,317,42
17,2026,스포츠마케팅학과(예체능),사회계열,50,415,50
17,2026,외식사업학과,자연계열,25,162,26
17,2026,유아교육과,교육계열,70,455,70
17,2026,응급구조학과,의약계열,35,298,35
17,2026,임상병리학과,의약계열,62,450,63
17,2026,작업치료학과,의약계열,72,386,72
17,2026,체육학과,예체능계열,50,195,50
17,2026,치기공학과,의약계열,61,252,61
17,2026,치위생학과,의약계열,160,878,162
17,2026,컴퓨터공학과,공학계열,60,407,64
17,2026,항공서비스학과,사회계열,30,196,30
17,2026,행정학과,사회계열,30,239,30
17,2026,호텔관광경영학과,사회계열,34,634,36
17,2026,호텔조리학과,자연계열,45,395,46
18,2024,가정교육과,교육계열,19,194,19
18,2024,간호학과,의약계열,118,1734,118
18,2024,건설방재공학과,공학계열,39,181,38
18,2024,건축학부(건축공학전공),공학계열,44,719,44
18,2024,건축학부(건축학전공),공학계열,43,700,47
18,2024,경영학부,사회계열,194,2211,198
18,2024,경제통상학부,사회계열,155,1752,155
18,2024,고고인류학과,인문계열,23,382,23
18,2024,고분자공학과,공학계열,43,658,43
18,2024,곤충생명과학과,자연계열,28,98,28
18,2024,관광학과,사회계열,27,220,27
18,2024,교육학과,교육계열,13,225,13
18,2024,"국악학과(기악전공, 성악전공,이론작곡전공)",예체능계열,24,81,24
18,2024,국어교육과,교육계열,38,285,38
18,2024,국어국문학과,인문계열,33,433,33
18,2024,금속재료공학과,공학계열,45,447,45
18,2024,기계공학부,공학계열,134,1647,134
18,2024,기타모집단위,인문계열,100,0,0
18,2024,나노신소재공학과,공학계열,40,289,37
18,2024,노어노문학과,인문계열,30,524,30
18,2024,농산업학과,자연계열,30,56,21
18,2024,농업토목공학과,공학계열,28,200,28
18,2024,독어독문학과,인문계열,29,359,29
18,2024,동물생명공학과,자연계열,26,157,26
18,2024,디자인학과,예체능계열,19,445,19
18,2024,말/특수동물학과,자연계열,27,197,27
18,2024,문헌정보학과,인문계열,29,329,29
18,2024,물리교육과,교육계열,19,153,19
18,2024,물리학과,자연계열,60,554,60
18,2024,미디어커뮤니케이션학과,사회계열,34,868,35
18,2024,"미술학과(한국화전공, 서양화전공, 조소전공, 조형예술이론전공)",예체능계열,40,191,40
18,2024,바이오섬유소재학과,공학계열,30,365,30
18,2024,불어불문학과,인문계열,30,533,30
18,2024,사학과,인문계열,41,695,42
18,2024,"사회복지학부(사회복지미시전공, 사회복지거시전공)",사회계열,53,867,53
18,2024,사회학과,사회계열,31,390,31
18,2024,"산림과학.조경학부(임학전공,임산공학전공,조경학전공)",자연계열,74,866,76
18,2024,산림생태보호학과,자연계열,47,153,34
18,2024,생명공학부,자연계열,91,1409,90
18,2024,생물교육과,교육계열,17,198,17
18,2024,생물학과,자연계열,35,425,36
18,2024,섬유시스템공학과,공학계열,40,427,40
18,2024,섬유패션디자인학부 섬유공학전공,공학계열,27,114,27
18,2024,섬유패션디자인학부 패션디자인전공,예체능계열,46,235,46
18,2024,소프트웨어학과,공학계열,36,371,36
18,2024,수의예과,자연계열,57,2644,57
18,2024,수학과,자연계열,38,378,38
18,2024,수학교육과,교육계열,29,282,29
18,2024,스마트모빌리티공학과,공학계열,61,519,61
18,2024,스마트생물산업기계공학과,자연계열,38,289,38
18,2024,스마트플랜트공학과,공학계열,31,121,31
18,2024,식물의학과,자연계열,33,342,33
18,2024,식물자원학과,자연계열,27,159,27
18,2024,식품공학부,자연계열,99,933,99
18,2024,식품영양학과,자연계열,24,195,25
18,2024,식품외식산업학과,자연계열,55,291,56
18,2024,식품자원경제학과,자연계열,30,258,30
18,2024,신소재공학과,공학계열,39,514,39
18,2024,심리학과,인문계열,31,541,31
18,2024,아동학부,사회계열,44,328,45
18,2024,약학과,의약계열,35,860,35
18,2024,에너지공학부,공학계열,84,837,84
18,2024,에너지화학공학과,공학계열,39,165,39
18,2024,역사교육과,교육계열,19,299,19
18,2024,영어교육과,교육계열,30,252,30
18,2024,영어영문학과,인문계열,66,693,66
18,2024,우주공학부,공학계열,84,718,84
18,2024,원예과학과,자연계열,38,537,38
18,2024,위치정보시스템학과,자연계열,31,141,31
18,2024,유럽어교육학부 독어교육전공,교육계열,8,75,8
18,2024,유럽어교육학부 불어교육전공,교육계열,8,75,8
18,2024,윤리교육과,교육계열,18,208,17
18,2024,"음악학과(성악전공, 피아노전공, 작곡전공, 관현악전공, 이론전공)",예체능계열,57,388,57
18,2024,"응용생명과학부(식물생명과학전공, 환경생명화학전공)",자연계열,64,642,64
18,2024,응용화학과,자연계열,45,581,45
18,2024,의류학과,자연계열,24,400,24
18,2024,의예과,의약계열,110,3179,110
18,2024,일반사회교육과,교육계열,18,205,18
18,2024,일어일문학과,인문계열,31,497,31
18,2024,자동차공학부,공학계열,58,243,58
18,2024,자율전공부 인문사회자율전공계열,인문계열,126,1344,127
18,2024,자율전공부 자연과학자율전공계열,자연계열,107,878,107
18,2024,전기공학과,공학계열,68,531,68
18,2024,전자공학부,공학계열,424,3256,426
18,2024,전자공학부(인공지능전공),공학계열,65,791,65
18,2024,전자공학부모바일공학전공,공학계열,30,679,30
18,2024,정밀기계공학과,공학계열,44,179,44
18,2024,정치외교학과,사회계열,31,389,32
18,2024,중어중문학과,인문계열,25,341,25
18,2024,지구과학교육과,교육계열,19,279,19
18,2024,"지구시스템과학부(지질학전공, 천문대기과학전공, 해양학전공)",자연계열,87,1342,88
18,2024,지리교육과,교육계열,19,239,19
18,2024,지리학과,자연계열,29,374,29
18,2024,철학과,인문계열,24,366,25
18,2024,체육교육과,교육계열,26,323,26
18,2024,체육학부 건강운동관리전공,예체능계열,31,128,31
18,2024,체육학부 체육학전공,예체능계열,31,317,31
18,2024,축산학과,자연계열,43,228,36
18,2024,치위생학과,의약계열,26,277,26
18,2024,치의예과,의약계열,60,2726,60
18,2024,컴퓨터학부 인공지능컴퓨팅전공,공학계열,41,544,43
18,2024,컴퓨터학부(글로벌소프트웨어융합전공),공학계열,108,1140,109
18,2024,"컴퓨터학부(플랫폼소프트웨어전공, 데이터과학전공)",공학계열,74,790,74
18,2024,토목공학과,공학계열,61,687,61
18,2024,통계학과,자연계열,37,357,37
18,2024,한문학과,인문계열,22,313,22
18,2024,행정학부,사회계열,64,754,64
18,2024,혁신신약학과,의약계열,43,536,43
18,2024,화학공학과,공학계열,44,560,44
18,2024,화학과,자연계열,43,432,43
18,2024,화학교육과,교육계열,20,161,20
18,2024,환경공학과,자연계열,36,410,36
18,2024,환경안전공학과,자연계열,38,146,38
18,2025,가정교육과,교육계열,19,274,19
18,2025,간호학과,의약계열,115,1823,115
18,2025,건설방재공학과,공학계열,34,174,33
18,2025,건축학부(건축공학전공),공학계열,39,430,39
18,2025,건축학부(건축학전공),공학계열,40,663,42
18,2025,경상대학 자율학부,사회계열,41,475,41
18,2025,경영학부,사회계열,184,2297,185
18,2025,경제통상학부,사회계열,147,1672,147
18,2025,고고인류학과,인문계열,23,324,23
18,2025,고분자공학과,공학계열,38,375,38
18,2025,곤충생명과학과,자연계열,26,121,26
18,2025,공과대학 자율학부,공학계열,41,379,41
18,2025,공학 첨단자율학부,공학계열,50,465,49
18,2025,관광학과,사회계열,25,154,25
18,2025,교육학과,교육계열,13,237,13
18,2025,"국악학과(기악전공, 성악전공,이론작곡전공)",예체능계열,24,87,24
18,2025,국어교육과,교육계열,37,487,37
18,2025,국어국문학과,인문계열,32,635,33
18,2025,금속재료공학과,공학계열,51,587,51
18,2025,기계공학부,공학계열,126,1533,125
18,2025,기타모집단위,인문계열,102,0,0
18,2025,나노신소재공학과,공학계열,35,137,34
18,2025,노어노문학과,인문계열,29,472,29
18,2025,농산업학과,자연계열,30,59,30
18,2025,농업생명과학대학 자율학부,자연계열,39,538,39
18,2025,농업토목공학과,공학계열,27,384,27
18,2025,독어독문학과,인문계열,29,343,29
18,2025,동물생명공학과,자연계열,24,157,23
18,2025,디자인학과,예체능계열,21,386,21
18,2025,말/특수동물학과,자연계열,24,194,24
18,2025,문헌정보학과,인문계열,29,360,29
18,2025,물리교육과,교육계열,18,142,18
18,2025,물리학과,자연계열,60,524,60
18,2025,미디어커뮤니케이션학과,사회계열,30,911,33
18,2025,"미술학과(한국화전공, 서양화전공, 조소전공, 조형예술이론전공)",예체능계열,40,215,40
18,2025,바이오섬유소재학과,공학계열,27,298,27
18,2025,불어불문학과,인문계열,28,349,28
18,2025,사학과,인문계열,41,514,42
18,2025,사회과학대학 자율학부,사회계열,16,428,16
18,2025,"사회복지학부(사회복지미시전공, 사회복지거시전공)",사회계열,53,655,53
18,2025,사회학과,사회계열,35,421,36
18,2025,"산림과학.조경학부(임학전공,임산공학전공,조경학전공)",자연계열,65,958,65
18,2025,산림생태보호학과,자연계열,25,140,25
18,2025,생명공학부,자연계열,80,1005,81
18,2025,생물교육과,교육계열,17,188,17
18,2025,생물학과,자연계열,35,477,37
18,2025,섬유시스템공학과,공학계열,37,327,37
18,2025,섬유패션디자인학부 섬유공학전공,공학계열,26,130,25
18,2025,섬유패션디자인학부 패션디자인전공,예체능계열,41,301,40
18,2025,소프트웨어학과,공학계열,27,211,27
18,2025,수의예과,자연계열,57,1806,57
18,2025,수학과,자연계열,34,313,34
18,2025,수학교육과,교육계열,29,311,29
18,2025,스마트생물산업기계공학과,자연계열,33,385,34
18,2025,스마트플랜트공학과,공학계열,26,82,26
18,2025,식물의학과,자연계열,30,292,29
18,2025,식물자원학과,자연계열,25,153,24
18,2025,식품공학부,자연계열,88,897,91
18,2025,식품영양학과,자연계열,24,207,24
18,2025,식품외식산업학과,자연계열,48,260,48
18,2025,식품자원경제학과,자연계열,30,348,30
18,2025,신소재공학과,공학계열,42,381,43
18,2025,심리학과,인문계열,26,574,26
18,2025,아동학부,사회계열,41,386,41
18,2025,약학과,의약계열,35,1062,35
18,2025,에너지공학부,공학계열,67,659,67
18,2025,에너지화학공학과,공학계열,34,156,33
18,2025,역사교육과,교육계열,18,251,18
18,2025,영어교육과,교육계열,30,323,30
18,2025,영어영문학과,인문계열,58,707,57
18,2025,원예과학과,자연계열,34,353,34
18,2025,위치정보시스템학과,자연계열,28,118,27
18,2025,유럽어교육학부 독어교육전공,교육계열,8,74,8
18,2025,윤리교육과,교육계열,18,176,18
18,2025,"음악학과(성악전공, 피아노전공, 작곡전공, 관현악전공, 이론전공)",예체능계열,56,386,56
18,2025,응용생명과학부,자연계열,5,0,0
18,2025,"응용생명과학부(식물생명과학전공, 환경생명화학전공)",자연계열,57,832,57
18,2025,응용화학과,자연계열,40,351,40
18,2025,의류학과,자연계열,22,236,23
18,2025,의예과,의약계열,157,2792,157
18,2025,인문대학 자율학부,인문계열,15,188,15
18,2025,일반사회교육과,교육계열,18,270,18
18,2025,일어일문학과,인문계열,28,406,28
18,2025,자동차공학부,공학계열,49,253,48
18,2025,자연과학대학 자율학부,자연계열,35,325,35
18,2025,자율미래인재학부,무전공,59,359,58
18,2025,자율전공학부,무전공,342,3588,341
18,2025,전기공학과,공학계열,60,541,60
18,2025,전자공학부,공학계열,313,2416,313
18,2025,전자공학부(인공지능전공),공학계열,76,605,76
18,2025,전자공학부모바일공학전공,공학계열,30,582,30
18,2025,정밀기계공학과,공학계열,41,173,41
18,2025,정보?컴퓨터교육과,교육계열,13,103,13
18,2025,정치외교학과,사회계열,31,406,31
18,2025,중어중문학과,인문계열,25,314,25
18,2025,지구과학교육과,교육계열,19,194,19
18,2025,"지구시스템과학부(지질학전공, 천문대기과학전공, 해양학전공)",자연계열,75,888,75
18,2025,지리교육과,교육계열,18,204,18
18,2025,지리학과,자연계열,30,386,30
18,2025,철학과,인문계열,24,419,24
18,2025,첨단기술융합대학 자율학부1,공학계열,164,1215,164
18,2025,첨단기술융합대학 자율학부2,무전공,93,718,93
18,2025,체육교육과,교육계열,26,401,26
18,2025,체육학부 건강운동관리전공,예체능계열,28,146,28
18,2025,체육학부 체육학전공,예체능계열,31,289,31
18,2025,축산학과,자연계열,25,192,25
18,2025,치위생학과,의약계열,29,303,29
18,2025,치의예과,의약계열,62,1650,62
18,2025,컴퓨터학부 인공지능컴퓨팅전공,공학계열,51,472,53
18,2025,컴퓨터학부(글로벌소프트웨어융합전공),공학계열,96,1069,96
18,2025,"컴퓨터학부(플랫폼소프트웨어전공, 데이터과학전공)",공학계열,65,650,66
18,2025,토목공학과,공학계열,55,508,55
18,2025,통계학과,자연계열,34,275,34
18,2025,한문학과,인문계열,22,249,22
18,2025,행정학부,사회계열,58,646,58
18,2025,화학공학과,공학계열,41,420,41
18,2025,화학과,자연계열,38,413,39
18,2025,화학교육과,교육계열,18,111,18
18,2025,환경공학과,자연계열,30,359,29
18,2025,환경안전공학과,자연계열,34,141,34
18,2025,IT 첨단자율학부,공학계열,70,567,70
18,2025,IT대학 자율학부,공학계열,30,442,29
18,2026,가정교육과,교육계열,19,277,19
18,2026,간호학과,의약계열,115,2008,115
18,2026,건설방재공학과,공학계열,32,183,32
18,2026,건축학부(건축공학전공),공학계열,38,721,38
18,2026,건축학부(건축학전공),공학계열,40,871,41
18,2026,경상대학 자율학부,사회계열,41,570,41
18,2026,경영학부,사회계열,184,2527,183
18,2026,경제통상학부,사회계열,148,1637,148
18,2026,고고인류학과,인문계열,23,332,23
18,2026,고분자공학과,공학계열,38,377,38
18,2026,곤충생명과학과,자연계열,24,149,24
18,2026,공과대학 자율학부,공학계열,38,444,38
18,2026,공학 첨단자율학부,공학계열,63,796,63
18,2026,관광학과,사회계열,28,315,27
18,2026,교육학과,교육계열,13,277,13
18,2026,"국악학과(기악전공, 성악전공,이론작곡전공)",예체능계열,24,93,24
18,2026,국어교육과,교육계열,37,566,37
18,2026,국어국문학과,인문계열,33,414,32
18,2026,금속재료공학과,공학계열,52,540,52
18,2026,기계공학부,공학계열,141,1899,141
18,2026,기타모집단위,인문계열,3,0,0
18,2026,나노신소재공학과,공학계열,34,191,34
18,2026,노어노문학과,인문계열,29,404,29
18,2026,농산업학과,자연계열,30,236,28
18,2026,농업생명과학대학 자율학부,자연계열,38,599,38
18,2026,농업토목공학과,공학계열,28,404,28
18,2026,독어독문학과,인문계열,29,630,29
18,2026,동물생명공학과,자연계열,24,205,24
18,2026,디자인학과,예체능계열,20,317,20
18,2026,말/특수동물학과,자연계열,24,241,24
18,2026,문헌정보학과,인문계열,31,488,31
18,2026,물리교육과,교육계열,18,245,18
18,2026,물리학과,자연계열,60,549,60
18,2026,미디어커뮤니케이션학과,사회계열,38,906,38
18,2026,"미술학과(한국화전공, 서양화전공, 조소전공, 조형예술이론전공)",예체능계열,40,395,40
18,2026,바이오섬유소재학과,공학계열,27,308,27
18,2026,불어불문학과,인문계열,28,319,27
18,2026,사학과,인문계열,44,574,45
18,2026,사회과학대학 자율학부,사회계열,16,320,16
18,2026,"사회복지학부(사회복지미시전공, 사회복지거시전공)",사회계열,49,674,48
18,2026,사회학과,사회계열,29,455,29
18,2026,"산림과학.조경학부(임학전공,임산공학전공,조경학전공)",자연계열,66,881,64
18,2026,산림생태보호학과,자연계열,25,272,25
18,2026,생명공학부,자연계열,89,1133,90
18,2026,생물교육과,교육계열,17,365,17
18,2026,생물학과,자연계열,36,523,36
18,2026,섬유시스템공학과,공학계열,36,440,36
18,2026,섬유패션디자인학부 섬유공학전공,공학계열,26,121,26
18,2026,섬유패션디자인학부 패션디자인전공,예체능계열,41,212,41
18,2026,소프트웨어학과,공학계열,27,381,27
18,2026,수의예과,자연계열,57,1657,57
18,2026,수학과,자연계열,34,324,34
18,2026,수학교육과,교육계열,29,366,29
18,2026,스마트생물산업기계공학과,자연계열,34,445,34
18,2026,스마트플랜트공학과,공학계열,26,157,26
18,2026,식물의학과,자연계열,29,323,29
18,2026,식물자원학과,자연계열,25,161,25
18,2026,식품공학부,자연계열,90,938,90
18,2026,식품영양학과,자연계열,25,287,25
18,2026,식품외식산업학과,자연계열,48,317,48
18,2026,식품자원경제학과,자연계열,30,358,30
18,2026,신소재공학과,공학계열,56,641,56
18,2026,심리학과,인문계열,28,647,28
18,2026,아동학부,사회계열,42,411,42
18,2026,약학과,의약계열,35,1092,35
18,2026,에너지공학부,공학계열,64,639,64
18,2026,에너지화학공학과,공학계열,33,164,33
18,2026,역사교육과,교육계열,18,313,18
18,2026,영어교육과,교육계열,30,348,30
18,2026,영어영문학과,인문계열,62,686,62
18,2026,원예과학과,자연계열,35,604,35
18,2026,위치정보시스템학과,자연계열,28,149,28
18,2026,유럽어교육학부 독어교육전공,교육계열,8,86,8
18,2026,윤리교육과,교육계열,19,235,19
18,2026,"음악학과(성악전공, 피아노전공, 작곡전공, 관현악전공, 이론전공)",예체능계열,56,489,56
18,2026,"응용생명과학부(식물생명과학전공, 환경생명화학전공)",자연계열,58,848,58
18,2026,응용화학공학부,공학계열,75,909,75
18,2026,의류학과,자연계열,23,342,23
18,2026,의예과,의약계열,111,2578,111
18,2026,인문대학 자율학부,인문계열,15,255,15
18,2026,일반사회교육과,교육계열,18,240,18
18,2026,일어일문학과,인문계열,29,453,29
18,2026,자동차공학과,공학계열,49,320,49
18,2026,자연과학대학 자율학부,자연계열,35,458,35
18,2026,자율미래인재학부,무전공,59,450,59
18,2026,자율전공학부,무전공,347,3597,345
18,2026,전기공학과,공학계열,59,856,60
18,2026,전자공학부,공학계열,310,3128,310
18,2026,전자공학부(인공지능전공),공학계열,80,1110,80
18,2026,전자공학부모바일공학전공,공학계열,30,600,30
18,2026,정밀기계공학과,공학계열,41,327,41
18,2026,정보·컴퓨터교육과,교육계열,13,183,13
18,2026,정치외교학과,사회계열,26,452,26
18,2026,중어중문학과,인문계열,27,379,27
18,2026,지구과학교육과,교육계열,19,277,19
18,2026,"지구시스템과학부(지질학전공, 천문대기과학전공, 해양학전공)",자연계열,75,874,75
18,2026,지리교육과,교육계열,18,186,18
18,2026,지리학과,자연계열,30,351,30
18,2026,철학과,인문계열,24,509,24
18,2026,첨단기술융합대학 자율학부1,공학계열,164,1528,164
18,2026,첨단기술융합대학 자율학부2,무전공,93,806,93
18,2026,체육교육과,교육계열,26,545,26
18,2026,체육학부 건강운동관리전공,예체능계열,27,269,27
18,2026,체육학부 체육학전공,예체능계열,30,300,30
18,2026,축산학과,자연계열,25,233,25
18,2026,치위생학과,의약계열,29,571,29
18,2026,치의예과,의약계열,62,1081,62
18,2026,컴퓨터학부 인공지능컴퓨팅전공,공학계열,52,607,53
18,2026,컴퓨터학부(심화컴퓨팅전공),공학계열,112,1401,113
18,2026,컴퓨터학부(첨단컴퓨팅연구전공),공학계열,31,523,31
18,2026,토목공학과,공학계열,56,637,55
18,2026,통계학과,자연계열,36,671,36
18,2026,한문학과,인문계열,22,270,22
18,2026,행정학부,사회계열,58,687,58
18,2026,화학과,자연계열,38,475,38
18,2026,화학교육과,교육계열,18,291,18
18,2026,환경공학과,자연계열,36,566,36
18,2026,환경안전공학과,자연계열,33,170,33
18,2026,IT 첨단자율학부,공학계열,70,1192,70
18,2026,IT대학 자율학부,공학계열,30,675,30
19,2024,간호학과,의약계열,113,1194,113
19,2024,건설시스템공학과,공학계열,41,160,40
19,2024,건축공학부,공학계열,69,381,68
19,2024,건축학과,공학계열,54,403,53
19,2024,경영정보학과,사회계열,45,269,45
19,2024,경영학부,사회계열,115,570,114
19,2024,경제학부,사회계열,65,451,65
19,2024,교육학과,교육계열,16,118,16
19,2024,국어교육과,교육계열,30,137,30
19,2024,국어국문학과,인문계열,47,268,46
19,2024,국제통상학과,사회계열,102,475,102
19,2024,기계공학부,공학계열,79,500,79
19,2024,기계시스템공학과,공학계열,27,178,27
19,2024,기계융합공학과,공학계열,30,145,30
19,2024,기타모집단위,인문계열,85,0,0
19,2024,나노?신소재공학부(고분자공학전공),공학계열,40,270,40
19,2024,나노?신소재공학부(금속재료공학전공),공학계열,40,175,40
19,2024,나노?신소재공학부(세라믹공학전공),공학계열,41,200,41
19,2024,농학과,자연계열,31,138,31
19,2024,도시공학과,공학계열,43,213,43
19,2024,독어독문학과,인문계열,31,161,30
19,2024,동물생명융합학부,자연계열,69,371,69
19,2024,디자인비즈니스학과,예체능계열,29,179,29
19,2024,러시아학과,인문계열,33,204,33
19,2024,메카트로닉스공학부,공학계열,52,260,52
19,2024,물리교육과,교육계열,17,65,17
19,2024,물리학과,자연계열,32,168,32
19,2024,미디어커뮤니케이션학과,사회계열,26,363,26
19,2024,미래산업융합학과,공학계열,20,21,13
19,2024,미래자동차공학과,공학계열,41,260,41
19,2024,미술교육과,교육계열,20,119,20
19,2024,민속예술무용학과,예체능계열,18,43,18
19,2024,반도체공학과,공학계열,41,213,41
19,2024,법학과,사회계열,70,326,69
19,2024,불어불문학과,인문계열,32,185,31
19,2024,사학과,인문계열,38,219,38
19,2024,사회복지학부,사회계열,54,435,54
19,2024,사회학과,사회계열,33,248,33
19,2024,산업경영학과,사회계열,35,52,35
19,2024,산업시스템공학부,공학계열,69,323,69
19,2024,생명과학부,자연계열,89,385,89
19,2024,생물교육과,교육계열,17,98,17
19,2024,생물산업기계공학과,자연계열,36,156,35
19,2024,소프트웨어공학과,공학계열,27,215,27
19,2024,수산생명의학과,자연계열,26,163,26
19,2024,수의예과,자연계열,54,807,54
19,2024,수학과,자연계열,35,243,35
19,2024,수학교육과,교육계열,29,250,29
19,2024,스마트농산업학과,자연계열,32,177,32
19,2024,스마트에너지기계공학과,공학계열,29,163,28
19,2024,스마트유통물류학과,사회계열,40,434,40
19,2024,식물의학과,자연계열,30,211,30
19,2024,식품공학부,자연계열,55,216,55
19,2024,식품영양학과,자연계열,54,410,54
19,2024,식품자원경제학과,자연계열,36,290,36
19,2024,심리학과,인문계열,34,225,34
19,2024,아동가족학과,자연계열,34,413,34
19,2024,약학과(6년제),의약계열,38,801,38
19,2024,에너지공학과,공학계열,33,160,33
19,2024,역사교육과,교육계열,16,129,16
19,2024,영어교육과,교육계열,25,136,25
19,2024,영어영문학부 영어영문학전공,인문계열,51,242,50
19,2024,영어영문학부 영어전공,인문계열,38,192,38
19,2024,원예과학부,자연계열,69,360,68
19,2024,유아교육과,교육계열,19,136,19
19,2024,윤리교육과,교육계열,16,132,16
19,2024,음악교육과,교육계열,29,162,29
19,2024,의류학과,자연계열,33,272,33
19,2024,의예과,의약계열,79,735,79
19,2024,인테리어재료공학과,자연계열,36,158,36
19,2024,일반사회교육과,교육계열,17,177,16
19,2024,일어교육과,교육계열,16,162,16
19,2024,전기공학과,공학계열,49,425,48
19,2024,전자공학부,공학계열,104,506,103
19,2024,정보통계학과,자연계열,34,156,33
19,2024,정치외교학과,사회계열,35,242,35
19,2024,제약공학과,자연계열,31,219,31
19,2024,제어로봇공학과,공학계열,43,271,42
19,2024,조경학과,공학계열,40,206,40
19,2024,조선해양공학과,공학계열,31,158,30
19,2024,중어중문학과,인문계열,40,198,40
19,2024,지리교육과,교육계열,15,115,15
19,2024,지역시스템공학과,자연계열,36,193,36
19,2024,지질과학과,자연계열,32,163,32
19,2024,철학과,인문계열,32,163,32
19,2024,체육교육과,교육계열,22,249,22
19,2024,축산과학부,자연계열,65,324,66
19,2024,컴퓨터공학과,공학계열,108,931,108
19,2024,토목공학과,공학계열,48,341,48
19,2024,한문학과,인문계열,33,150,32
19,2024,항공우주공학부,공학계열,109,609,109
19,2024,항노화신소재과학과,자연계열,31,179,31
19,2024,해양경찰시스템학과,사회계열,43,267,43
19,2024,해양생명과학과,자연계열,28,120,28
19,2024,해양수산경영학과,사회계열,26,121,26
19,2024,해양식품공학과,자연계열,28,107,28
19,2024,해양토목공학과,공학계열,27,140,27
19,2024,해양환경공학과,자연계열,30,170,29
19,2024,행정학과,사회계열,42,238,42
19,2024,화학공학과,공학계열,42,304,42
19,2024,화학과,자연계열,42,206,42
19,2024,화학교육과,교육계열,18,71,18
19,2024,환경공학과,자연계열,40,209,40
19,2024,환경산림과학부(통합대학),자연계열,78,372,78
19,2024,환경생명화학과,자연계열,30,162,30
19,2024,환경재료과학과,자연계열,34,196,33
19,2024,회계세무학부,사회계열,106,478,106
19,2024,휴먼헬스케어학과,예체능계열,30,160,30
19,2024,AI정보공학과,공학계열,30,340,30
19,2025,간호학과,의약계열,113,1207,112
19,2025,건설시스템공학과,공학계열,40,264,40
19,2025,건축공학부,공학계열,69,325,69
19,2025,건축학과,공학계열,54,449,54
19,2025,경영정보학과,사회계열,44,256,44
19,2025,경영학부,사회계열,107,932,107
19,2025,경제학부,사회계열,66,464,66
19,2025,교육학과,교육계열,16,146,16
19,2025,국어교육과,교육계열,30,240,30
19,2025,국어국문학과,인문계열,45,210,45
19,2025,국제통상학과,사회계열,103,662,102
19,2025,기계공학부,공학계열,78,491,78
19,2025,기계시스템공학과,공학계열,26,131,26
19,2025,기계융합공학과,공학계열,30,213,30
19,2025,기타모집단위,인문계열,87,0,0
19,2025,나노?신소재공학부(고분자공학전공),공학계열,40,238,39
19,2025,나노?신소재공학부(금속재료공학전공),공학계열,41,238,41
19,2025,나노?신소재공학부(세라믹공학전공),공학계열,40,183,40
19,2025,농학과,자연계열,31,150,30
19,2025,도시공학과,공학계열,41,248,41
19,2025,독어독문학과,인문계열,31,172,31
19,2025,동물생명융합학부,자연계열,68,382,68
19,2025,디자인비즈니스학과,예체능계열,28,137,28
19,2025,러시아학과,인문계열,33,161,32
19,2025,메카트로닉스공학부,공학계열,52,242,52
19,2025,물리교육과,교육계열,17,74,17
19,2025,미디어커뮤니케이션학과,사회계열,26,387,26
19,2025,미래산업융합학과,공학계열,20,18,9
19,2025,미래자동차공학과,공학계열,41,313,41
19,2025,미술교육과,교육계열,20,117,20
19,2025,민속예술무용학과,예체능계열,18,44,18
19,2025,반도체공학과,공학계열,42,200,42
19,2025,법학부,사회계열,70,576,70
19,2025,불어불문학과,인문계열,32,224,31
19,2025,사학과,인문계열,37,300,37
19,2025,사회복지학부,사회계열,54,467,54
19,2025,사회학과,사회계열,33,222,33
19,2025,산업경영학과,사회계열,35,56,35
19,2025,산업시스템공학부,공학계열,68,378,68
19,2025,생명과학부,자연계열,90,490,91
19,2025,생물교육과,교육계열,17,105,17
19,2025,생물산업기계공학과,자연계열,35,169,35
19,2025,소프트웨어공학과,공학계열,27,403,27
19,2025,수의예과,자연계열,54,967,54
19,2025,수학교육과,교육계열,29,199,29
19,2025,수학물리학부,자연계열,67,286,67
19,2025,스마트농산업학과,자연계열,32,179,31
19,2025,스마트에너지기계공학과,공학계열,32,246,32
19,2025,스마트유통물류학과,사회계열,40,205,40
19,2025,식물의학과,자연계열,30,137,30
19,2025,식품공학부,자연계열,55,279,55
19,2025,식품영양학과,자연계열,55,311,55
19,2025,식품자원경제학과,자연계열,36,169,36
19,2025,심리학과,인문계열,33,341,33
19,2025,아동가족학과,자연계열,34,249,34
19,2025,약학과(6년제),의약계열,38,728,38
19,2025,에너지공학과,공학계열,32,166,32
19,2025,역사교육과,교육계열,16,120,16
19,2025,영어교육과,교육계열,25,228,25
19,2025,영어영문학부 영어영문학전공,인문계열,49,236,48
19,2025,영어영문학부 영어전공,인문계열,36,227,36
19,2025,원예과학부,자연계열,68,343,68
19,2025,유아교육과,교육계열,19,126,19
19,2025,윤리교육과,교육계열,16,166,16
19,2025,음악교육과,교육계열,29,175,29
19,2025,의류학과,자연계열,33,257,33
19,2025,의예과,의약계열,142,1285,142
19,2025,인문사회자율전공,무전공,21,167,21
19,2025,인테리어재료공학과,자연계열,36,171,36
19,2025,일반사회교육과,교육계열,17,191,17
19,2025,일어교육과,교육계열,16,281,16
19,2025,자연과학자율전공,무전공,20,108,20
19,2025,전기공학과,공학계열,47,395,47
19,2025,전자공학부,공학계열,103,784,103
19,2025,정보통계학과,자연계열,34,152,34
19,2025,정치외교학과,사회계열,33,213,33
19,2025,제약공학과,자연계열,31,173,32
19,2025,제어로봇공학과,공학계열,43,237,43
19,2025,조경학과,공학계열,38,198,38
19,2025,조선해양공학과,공학계열,33,131,33
19,2025,중어중문학과,인문계열,39,266,39
19,2025,지리교육과,교육계열,15,133,15
19,2025,지역시스템공학과,자연계열,35,134,35
19,2025,지질과학과,자연계열,32,206,32
19,2025,철학과,인문계열,32,229,32
19,2025,체육교육과,교육계열,22,211,22
19,2025,축산과학부,자연계열,64,382,64
19,2025,컴퓨터공학부,공학계열,108,832,108
19,2025,토목공학과,공학계열,46,293,46
19,2025,한문학과,인문계열,33,156,32
19,2025,항공우주공학부,공학계열,176,1385,176
19,2025,항노화신소재과학과,자연계열,31,149,31
19,2025,해양경찰시스템학과,사회계열,32,250,32
19,2025,해양생명과학과,자연계열,29,142,29
19,2025,해양수산경영학과,사회계열,28,130,28
19,2025,해양식품생명의학부,자연계열,55,214,55
19,2025,해양토목공학과,공학계열,28,163,28
19,2025,해양환경공학과,자연계열,29,159,28
19,2025,행정학과,사회계열,40,362,40
19,2025,화학공학과,공학계열,42,266,42
19,2025,화학과,자연계열,42,210,42
19,2025,화학교육과,교육계열,18,95,18
19,2025,환경공학과,자연계열,39,209,39
19,2025,환경산림과학부(통합대학),자연계열,78,457,77
19,2025,환경생명화학과,자연계열,30,176,30
19,2025,환경재료과학과,자연계열,33,156,33
19,2025,회계세무학부,사회계열,106,614,104
19,2025,휴먼헬스케어학과,예체능계열,30,249,30
19,2025,AI정보공학과,공학계열,33,178,33
19,2026,간호학과,의약계열,114,1035,114
19,2026,건설시스템공학과,공학계열,38,351,38
19,2026,건축공학부,공학계열,67,876,66
19,2026,건축학과,공학계열,56,519,56
19,2026,경영정보학과,사회계열,44,271,43
19,2026,경영학부,사회계열,110,729,110
19,2026,경제학부,사회계열,66,467,66
19,2026,교육학과,교육계열,16,201,16
19,2026,국어교육과,교육계열,30,195,30
19,2026,국어국문학과,인문계열,44,318,44
19,2026,국제통상학과,사회계열,99,579,98
19,2026,글로벌자율전공학부,인문계열,48,65,48
19,2026,기계공학부,공학계열,79,718,79
19,2026,기계시스템공학과,공학계열,26,241,26
19,2026,기계융합공학과,공학계열,30,208,30
19,2026,기타모집단위,인문계열,86,0,0
19,2026,농학과,자연계열,31,182,31
19,2026,도시공학과,공학계열,40,290,39
19,2026,독어독문학과,인문계열,31,273,31
19,2026,동물생명융합학부,자연계열,67,361,67
19,2026,디자인비즈니스학과,예체능계열,28,141,28
19,2026,러시아학과,인문계열,33,274,33
19,2026,메카트로닉스공학부,공학계열,52,410,52
19,2026,물리교육과,교육계열,17,93,17
19,2026,미디어커뮤니케이션학과,사회계열,27,364,27
19,2026,미래산업융합학과,공학계열,20,23,15
19,2026,미래자동차공학과,공학계열,42,440,42
19,2026,미술교육과,교육계열,20,147,20
19,2026,민속예술무용학과,예체능계열,17,44,17
19,2026,반도체공학과,공학계열,42,543,42
19,2026,법학부,사회계열,70,565,70
19,2026,불어불문학과,인문계열,32,192,31
19,2026,사학과,인문계열,38,276,38
19,2026,사회복지학부,사회계열,54,741,55
19,2026,사회학과,사회계열,33,294,33
19,2026,산업경영학과,사회계열,35,38,20
19,2026,산업시스템공학부,공학계열,68,468,68
19,2026,생명과학부,자연계열,90,680,90
19,2026,생물교육과,교육계열,17,124,17
19,2026,생물산업기계공학과,자연계열,34,180,34
19,2026,소프트웨어공학과,공학계열,27,213,27
19,2026,수의예과,자연계열,54,714,54
19,2026,수학교육과,교육계열,29,231,29
19,2026,수학물리학부,자연계열,66,358,66
19,2026,스마트농산업학과,자연계열,32,236,32
19,2026,스마트에너지기계공학과,공학계열,31,166,31
19,2026,스마트유통물류학과,사회계열,40,281,40
19,2026,스포츠헬스케어학과,예체능계열,30,302,30
19,2026,식물의학과,자연계열,30,161,30
19,2026,식품공학부,자연계열,55,340,55
19,2026,식품영양학과,자연계열,55,572,55
19,2026,식품자원경제학과,자연계열,36,258,36
19,2026,신소재공학부 고분자공학전공,공학계열,41,198,41
19,2026,신소재공학부 금속재료공학전공,공학계열,40,235,40
19,2026,신소재공학부 세라믹공학전공,공학계열,40,346,40
19,2026,심리학과,인문계열,33,248,33
19,2026,아동가족학과,자연계열,34,220,34
19,2026,약학과(6년제),의약계열,38,516,38
19,2026,에너지공학과,공학계열,32,195,32
19,2026,역사교육과,교육계열,16,210,16
19,2026,영어교육과,교육계열,25,185,25
19,2026,영어영문학부 영어영문학전공,인문계열,49,366,48
19,2026,영어영문학부 영어전공,인문계열,36,280,36
19,2026,원예과학부,자연계열,70,601,70
19,2026,유아교육과,교육계열,19,142,19
19,2026,윤리교육과,교육계열,16,143,16
19,2026,음악교육과,교육계열,29,168,29
19,2026,의류학과,자연계열,32,414,32
19,2026,의예과,의약계열,79,1320,79
19,2026,인테리어재료공학과,자연계열,34,278,34
19,2026,일반사회교육과,교육계열,17,235,17
19,2026,일어교육과,교육계열,16,197,16
19,2026,자율전공학부,무전공,41,666,41
19,2026,전기공학과,공학계열,47,446,47
19,2026,전자공학부,공학계열,103,639,103
19,2026,정보통계학과,자연계열,33,210,32
19,2026,정치외교학과,사회계열,32,256,32
19,2026,제약공학과,자연계열,30,182,30
19,2026,제어로봇공학과,공학계열,43,245,43
19,2026,조경학과,공학계열,38,226,38
19,2026,조선해양공학과,공학계열,31,197,31
19,2026,중어중문학과,인문계열,39,321,39
19,2026,지리교육과,교육계열,15,133,15
19,2026,지역시스템공학과,자연계열,34,173,34
19,2026,지질과학과,자연계열,32,159,32
19,2026,철학과,인문계열,32,250,32
19,2026,체육교육과,교육계열,22,245,22
19,2026,축산과학부,자연계열,63,458,63
19,2026,컴퓨터공학부,공학계열,109,812,109
19,2026,토목공학과,공학계열,47,374,47
19,2026,한문학과,인문계열,32,188,32
19,2026,항공우주공학부,공학계열,178,1325,179
19,2026,항노화신소재과학과,자연계열,30,207,30
19,2026,해양경찰시스템학과,사회계열,32,308,32
19,2026,해양생명과학과,자연계열,29,212,29
19,2026,해양수산경영학과,사회계열,28,254,28
19,2026,해양식품생명의학부,자연계열,55,464,54
19,2026,해양토목공학과,공학계열,29,191,29
19,2026,해양환경공학과,자연계열,29,276,29
19,2026,행정학과,사회계열,40,354,40
19,2026,화학공학과,공학계열,43,341,43
19,2026,화학과,자연계열,42,198,42
19,2026,화학교육과,교육계열,18,105,18
19,2026,환경공학과,자연계열,39,403,39
19,2026,환경산림과학부(통합대학),자연계열,78,443,77
19,2026,환경생명화학과,자연계열,30,303,30
19,2026,환경재료과학과,자연계열,33,194,33
19,2026,회계세무학부,사회계열,107,737,106
19,2026,AI정보공학과,공학계열,31,204,31
20,2024,간호학과,의약계열,72,849,72
20,2024,건강재활전공,예체능계열,15,85,15
20,2024,건축학과(5년제),공학계열,37,276,37
20,2024,경영학과,사회계열,143,803,143
20,2024,경제금융물류학부,사회계열,90,327,90
20,2024,경찰행정학과,사회계열,55,459,54
20,2024,공예디자인학과,예체능계열,65,322,65
20,2024,광고홍보학과,사회계열,51,392,50
20,2024,국제무역통상학과,사회계열,87,524,86
20,2024,글로벌경영전공,사회계열,150,370,150
20,2024,글로벌기계설계공학전공,공학계열,10,24,10
20,2024,글로벌한국학전공,인문계열,3,11,3
20,2024,글로벌Hospitality경영전공,사회계열,107,267,107
20,2024,글로벌IT공학전공,공학계열,95,194,95
20,2024,글로컬문화학부,인문계열,93,326,91
20,2024,기계자동차공학과,공학계열,43,266,42
20,2024,기타모집단위,인문계열,10,0,0
20,2024,도시계획학과,사회계열,40,179,41
20,2024,동물보건생명과학과,자연계열,33,327,32
20,2024,메카트로닉스공학과,공학계열,42,187,41
20,2024,문헌정보학과,인문계열,49,228,49
20,2024,물리치료학과,의약계열,33,683,34
20,2024,뮤지컬전공,예체능계열,16,45,16
20,2024,미디어커뮤니케이션학과,사회계열,45,354,47
20,2024,미디어콘텐츠학과,인문계열,33,237,33
20,2024,법학과,사회계열,54,260,53
20,2024,빅데이터응용통계학과,자연계열,40,187,40
20,2024,사진학과,예체능계열,31,150,31
20,2024,사회복지학과,사회계열,64,478,64
20,2024,산업경영공학과,공학계열,38,169,38
20,2024,산업디자인학전공,예체능계열,32,204,32
20,2024,소프트웨어학과,공학계열,54,226,53
20,2024,스마트바이오학과,자연계열,30,166,30
20,2024,시각디자인학전공,예체능계열,37,324,37
20,2024,식품생명공학과,자연계열,43,182,42
20,2024,식품영양학과,자연계열,48,268,48
20,2024,신소재공학과,공학계열,40,175,39
20,2024,실내건축학과,공학계열,33,256,35
20,2024,심리학과,인문계열,44,290,44
20,2024,약학과,의약계열,58,1669,57
20,2024,에너지과학과,자연계열,30,104,30
20,2024,연극전공,예체능계열,39,224,41
20,2024,영상애니메이션학부,예체능계열,65,727,65
20,2024,영어영문학과,인문계열,83,425,81
20,2024,영화전공,예체능계열,38,161,39
20,2024,외식서비스경영학전공,사회계열,44,338,44
20,2024,유아교육과,교육계열,31,223,31
20,2024,윤리교육과,교육계열,14,107,14
20,2024,음악학부,예체능계열,42,146,41
20,2024,인문문화학부,인문계열,102,433,103
20,2024,전기공학과,공학계열,53,316,53
20,2024,전자공학과,공학계열,43,199,43
20,2024,정보통신공학과,공학계열,40,164,40
20,2024,제약공학과,자연계열,35,207,35
20,2024,중국학과,인문계열,68,263,68
20,2024,체육학전공,예체능계열,44,552,46
20,2024,컴퓨터공학과,공학계열,54,401,53
20,2024,토목공학과,공학계열,40,164,39
20,2024,패션디자인학과,예체능계열,54,336,54
20,2024,현대미술학과,예체능계열,34,123,34
20,2024,호텔관광경영학전공,사회계열,45,370,46
20,2024,화장품학과,공학계열,33,169,32
20,2024,화학공학과,공학계열,34,201,34
20,2024,환경공학과,자연계열,40,218,39
20,2024,회계학과,사회계열,86,349,88
20,2024,AI미디어학과,예체능계열,30,204,30
20,2024,AI수리학과,자연계열,20,89,20
20,2025,간호학과,의약계열,73,697,73
20,2025,건축학과(5년제),공학계열,37,256,37
20,2025,경영학과,사회계열,143,863,143
20,2025,경제금융물류학부,사회계열,90,466,89
20,2025,경찰행정학과,사회계열,54,471,55
20,2025,공예디자인학과,예체능계열,65,296,67
20,2025,광고홍보학과,사회계열,50,272,51
20,2025,국제무역통상학과,사회계열,87,384,91
20,2025,글로벌공학부,공학계열,47,393,0
20,2025,글로벌학부,사회계열,151,934,0
20,2025,글로컬문화학부,인문계열,94,343,92
20,2025,기계자동차공학과,공학계열,43,363,42
20,2025,기타모집단위,인문계열,10,0,0
20,2025,도시계획학과,사회계열,41,177,41
20,2025,동물보건생명과학과,자연계열,33,298,33
20,2025,메카트로닉스공학과,공학계열,40,161,40
20,2025,문헌정보학과,인문계열,49,206,48
20,2025,물리치료학과,의약계열,33,365,36
20,2025,뮤지컬전공,예체능계열,17,50,17
20,2025,미디어커뮤니케이션학과,사회계열,44,401,44
20,2025,미디어콘텐츠학과,인문계열,43,341,41
20,2025,법학과,사회계열,54,254,52
20,2025,빅데이터응용통계학과,자연계열,35,163,35
20,2025,사진학과,예체능계열,30,117,30
20,2025,사회복지학과,사회계열,65,430,65
20,2025,산업경영공학과,공학계열,38,117,38
20,2025,산업디자인학과,예체능계열,37,219,36
20,2025,소프트웨어학과,공학계열,54,292,53
20,2025,스마트바이오학과,자연계열,30,147,30
20,2025,스포츠건강학과,예체능계열,60,584,60
20,2025,시각디자인학과,예체능계열,40,272,38
20,2025,식품생명공학과,자연계열,43,218,43
20,2025,식품영양학과,자연계열,48,369,49
20,2025,신소재공학과,공학계열,36,171,36
20,2025,실내건축학과,공학계열,33,230,34
20,2025,심리학과,인문계열,49,308,49
20,2025,약학과,의약계열,58,2005,58
20,2025,에너지과학과,자연계열,30,140,29
20,2025,연극전공,예체능계열,39,193,39
20,2025,영상애니메이션학부,예체능계열,64,705,64
20,2025,영어영문학과,인문계열,76,328,73
20,2025,영화전공,예체능계열,37,155,37
20,2025,외식서비스경영학전공,사회계열,45,233,45
20,2025,유아교육과,교육계열,32,174,32
20,2025,윤리교육과,교육계열,14,93,14
20,2025,음악학부,예체능계열,36,159,36
20,2025,인문문화학부,인문계열,104,552,104
20,2025,전기공학과,공학계열,53,429,53
20,2025,전자공학과,공학계열,40,260,41
20,2025,정보통신공학과,공학계열,39,202,39
20,2025,제약공학과,자연계열,34,198,33
20,2025,중국학과,인문계열,62,269,62
20,2025,컴퓨터공학과,공학계열,55,356,55
20,2025,토목공학과,공학계열,40,190,40
20,2025,패션디자인학과,예체능계열,60,356,60
20,2025,현대미술학과,예체능계열,34,145,34
20,2025,호텔관광경영학전공,사회계열,45,349,46
20,2025,화장품학과,공학계열,38,216,36
20,2025,화학공학과,공학계열,34,150,34
20,2025,환경공학과,자연계열,36,167,35
20,2025,회계학과,사회계열,86,329,86
20,2025,AI미디어학과,예체능계열,30,107,30
20,2025,AI수리학과,자연계열,20,76,20
20,2026,간호학과,의약계열,73,694,73
20,2026,건축학과(5년제),공학계열,37,221,37
20,2026,경영학과,사회계열,145,916,145
20,2026,경제금융물류학부,사회계열,92,525,92
20,2026,경찰행정학과,사회계열,57,544,57
20,2026,공예디자인학과,예체능계열,65,243,65
20,2026,광고홍보학과,사회계열,53,350,53
20,2026,국제무역통상학과,사회계열,86,477,88
20,2026,글로벌공학부,공학계열,77,153,77
20,2026,글로벌자율전공학부,인문계열,9,13,9
20,2026,글로벌학부,사회계열,80,136,80
20,2026,글로컬문화학부,인문계열,94,904,94
20,2026,기계자동차공학과,공학계열,44,310,44
20,2026,도시계획학과,사회계열,39,160,39
20,2026,동물보건생명과학과,자연계열,33,360,33
20,2026,메카트로닉스공학과,공학계열,35,290,35
20,2026,문헌정보학과,인문계열,49,251,48
20,2026,물리치료학과,의약계열,33,364,33
20,2026,뮤지컬전공,예체능계열,15,43,15
20,2026,미디어커뮤니케이션학과,사회계열,45,344,45
20,2026,미디어콘텐츠학과,인문계열,44,309,45
20,2026,법학과,사회계열,54,233,53
20,2026,빅데이터응용통계학과,자연계열,35,167,35
20,2026,사진학과,예체능계열,30,146,30
20,2026,사회복지학과,사회계열,65,561,64
20,2026,산업경영공학과,공학계열,35,189,36
20,2026,산업디자인학과,예체능계열,38,216,38
20,2026,소프트웨어학과,공학계열,54,285,54
20,2026,스마트바이오학과,자연계열,30,148,30
20,2026,스포츠건강학과,예체능계열,60,567,60
20,2026,시각디자인학과,예체능계열,37,317,37
20,2026,식품생명공학과,자연계열,41,212,42
20,2026,식품영양학과,자연계열,48,336,48
20,2026,신소재에너지공학과,공학계열,40,212,39
20,2026,실내건축학과,공학계열,33,213,33
20,2026,심리학과,인문계열,50,292,49
20,2026,약학과,의약계열,58,932,58
20,2026,연극전공,예체능계열,39,232,39
20,2026,영상애니메이션학부,예체능계열,66,662,64
20,2026,영어영문학과,인문계열,71,363,71
20,2026,영화전공,예체능계열,37,177,37
20,2026,외식서비스경영학전공,사회계열,47,252,47
20,2026,유아교육과,교육계열,32,174,32
20,2026,윤리교육과,교육계열,14,240,14
20,2026,음악학과,예체능계열,36,200,35
20,2026,인문문화학부,인문계열,104,661,104
20,2026,자율전공학부,공학계열,40,289,40
20,2026,전기공학과,공학계열,51,326,50
20,2026,전자공학과,공학계열,39,198,39
20,2026,정보통신공학과,공학계열,35,156,35
20,2026,제약공학과,자연계열,34,159,35
20,2026,중국학과,인문계열,60,290,60
20,2026,컴퓨터공학과,공학계열,55,285,56
20,2026,토목공학과,공학계열,39,222,39
20,2026,패션디자인학과,예체능계열,61,328,59
20,2026,한미비즈니스스쿨,사회계열,0,1,0
20,2026,현대미술학과,예체능계열,34,131,34
20,2026,호텔관광경영학전공,사회계열,48,300,48
20,2026,화장품학과,공학계열,39,262,40
20,2026,화학공학과,공학계열,34,263,34
20,2026,환경공학과,자연계열,36,279,37
20,2026,회계학과,사회계열,84,378,83
20,2026,AI미디어학과,예체능계열,31,235,31
20,2026,AI수리학과,자연계열,20,70,20
21,2024,간호학과,의약계열,208,1478,207
21,2024,글로벌계열,사회계열,12,15,12
21,2024,물리치료학과,의약계열,85,725,84
21,2024,미래산업융합계열,공학계열,160,192,99
21,2024,사회안전계열,사회계열,212,553,213
21,2024,소프트웨어융합계열,공학계열,132,283,132
21,2024,임상병리학과,의약계열,52,308,51
21,2024,작업치료학과,의약계열,42,138,40
21,2024,치위생학과,의약계열,55,252,56
21,2024,항공공항서비스계열,공학계열,132,443,137
21,2024,항공시스템계열,공학계열,236,503,230
21,2025,간호학과,의약계열,238,1432,236
21,2025,글로컬학부,사회계열,77,114,77
21,2025,기타모집단위,인문계열,158,0,0
21,2025,물리치료학과,의약계열,85,699,83
21,2025,미래산업학부,공학계열,70,85,70
21,2025,사회안전대학 인문계열 통합 모집단위,사회계열,116,334,116
21,2025,사회안전대학 통합 모집단위,무전공,181,544,184
21,2025,임상병리학과,의약계열,50,258,50
21,2025,작업치료학과,의약계열,40,145,41
21,2025,지역산업학부,사회계열,80,96,80
21,2025,첨단산업대학 통합 모집단위,공학계열,100,251,100
21,2025,치위생학과,의약계열,53,259,54
21,2025,항공산업대학 통합 모집단위,공학계열,192,818,193
21,2025,항공서비스학과,사회계열,36,152,38
21,2026,간호학과,의약계열,234,1636,234
21,2026,경찰학과,사회계열,30,185,30
21,2026,군사학과,사회계열,30,98,30
21,2026,물리치료학과,의약계열,84,699,84
21,2026,반도체학과,공학계열,53,199,53
21,2026,상담심리사회복지학부,사회계열,30,187,30
21,2026,소프트웨어학부,공학계열,122,302,122
21,2026,스포츠지도학과,예체능계열,40,142,40
21,2026,웹툰애니메이션디자인학과,예체능계열,32,179,32
21,2026,임상병리학과,의약계열,53,278,53
21,2026,작업치료학과,의약계열,41,209,41
21,2026,재난안전학과,공학계열,20,130,20
21,2026,치위생학과,의약계열,53,296,53
21,2026,항공보안경호학부,예체능계열,80,341,80
21,2026,항공산업대학,공학계열,166,725,166
21,2026,항공서비스학과,사회계열,37,213,37
21,2026,항공운항학과,공학계열,45,436,45
21,2026,G글로컬대학,무전공,71,97,71
21,2026,G커리어대학,사회계열,227,434,227
22,2024,초등교육과,교육계열,661,3181,0
22,2025,초등교육과,교육계열,584,3171,0
22,2026,초등교육과,교육계열,584,3524,0
23,2024,간호학과,의약계열,167,1932,167
23,2024,건축디자인과(5년제),공학계열,30,93,32
23,2024,게임콘텐츠학과,공학계열,40,248,40
23,2024,경찰학과,사회계열,35,216,35
23,2024,공연예술학과,예체능계열,20,46,20
23,2024,글로벌비즈니스학과,사회계열,69,145,69
23,2024,기계자동화융합학과,공학계열,40,44,40
23,2024,기타모집단위,인문계열,37,0,0
23,2024,노인체육복지학과,사회계열,40,182,40
23,2024,디자인학부 목조형가구디자인전공,예체능계열,12,30,12
23,2024,디자인학부 시각영상디자인전공,예체능계열,16,86,17
23,2024,디자인학부 패션디자인전공,예체능계열,12,63,12
23,2024,만화애니메이션학부,예체능계열,110,633,113
23,2024,보건의료?사회복지학부,사회계열,30,235,30
23,2024,부동산재테크학부,사회계열,60,152,60
23,2024,부동산지적학과,사회계열,40,141,40
23,2024,뷰티학과,예체능계열,28,151,28
23,2024,사진영상학부,예체능계열,121,577,123
23,2024,상담심리학과,인문계열,20,90,20
23,2024,소방방재학부,공학계열,105,368,96
23,2024,스마트경영학부,사회계열,35,70,35
23,2024,스마트경영학부 스포츠레저경영전공,예체능계열,25,57,25
23,2024,스마트공학부 건축토목공학전공,공학계열,15,67,15
23,2024,스마트공학부 기계자동차공학전공,공학계열,45,111,45
23,2024,스마트공학부 전기에너지공학전공,공학계열,21,73,22
23,2024,스마트공학부 컴퓨터공학전공,공학계열,17,80,17
23,2024,스마트농산업학부,자연계열,40,128,40
23,2024,스마트농업학과,자연계열,10,18,10
23,2024,스마트산업학부,공학계열,70,115,70
23,2024,스포츠융합학부,예체능계열,35,147,35
23,2024,스포츠재활의학과,예체능계열,40,266,41
23,2024,스포츠지도학과,예체능계열,30,115,30
23,2024,응급구조학과,의약계열,47,313,44
23,2024,자율전공학부,공학계열,34,224,30
23,2024,전기전자융합학과,공학계열,15,15,15
23,2024,조기취업형계약학부 스마트경영공학과,공학계열,20,77,16
23,2024,조기취업형계약학부 스마트전력인프라학과,공학계열,30,90,21
23,2024,조기취업형계약학부 스마트팩토리융합학과,공학계열,40,95,19
23,2024,조기취업형계약학부 스마트푸드테크학과,자연계열,30,86,30
23,2024,지역특화산업학부,자연계열,40,133,40
23,2024,철도학부,공학계열,50,216,50
23,2024,첨단산업학부,공학계열,20,81,20
23,2024,축구학과,예체능계열,35,133,36
23,2024,태권도학과,예체능계열,35,121,35
23,2024,평생교육학부,교육계열,60,108,60
23,2024,항공서비스학과,사회계열,20,109,21
23,2025,간호학과,의약계열,171,1774,171
23,2025,건축디자인과(5년제),공학계열,26,122,26
23,2025,건축토목공학과,공학계열,16,79,16
23,2025,게임콘텐츠학과,공학계열,51,246,51
23,2025,경찰행정학과,사회계열,31,237,31
23,2025,글로컬산업학부,공학계열,30,40,30
23,2025,기계전기융합학부 기계자동차전공,공학계열,10,71,10
23,2025,기계전기융합학부 전기에너지전공,공학계열,11,53,11
23,2025,기계전기융합학부 AI?자율주행전공,공학계열,10,44,10
23,2025,노인체육복지학과,사회계열,40,143,40
23,2025,디자인학부,예체능계열,22,115,22
23,2025,만화애니메이션학부,예체능계열,149,831,149
23,2025,미디어크리에이터학과,예체능계열,21,78,21
23,2025,부동산재테크학부,사회계열,63,161,63
23,2025,부동산지적학과,사회계열,39,126,39
23,2025,뷰티학과,예체능계열,29,129,29
23,2025,사진영상학부,예체능계열,132,680,128
23,2025,사회복지학과,사회계열,20,145,20
23,2025,소방방재학부,공학계열,103,326,94
23,2025,스마트경영학부,사회계열,62,148,62
23,2025,스마트농산업학부,자연계열,40,92,39
23,2025,스마트산업학부,공학계열,72,155,67
23,2025,스포츠융합학부,예체능계열,20,109,20
23,2025,스포츠재활의학과,예체능계열,47,243,47
23,2025,스포츠지도학과,예체능계열,30,153,30
23,2025,응급구조학과,의약계열,47,291,44
23,2025,자율전공학부,공학계열,34,280,31
23,2025,조기취업형계약학부 글로컬산업기술학과,공학계열,40,34,29
23,2025,조기취업형계약학부 방위산업시스템학과,공학계열,20,113,16
23,2025,조기취업형계약학부 스마트경영공학과,공학계열,20,98,14
23,2025,조기취업형계약학부 스마트전력인프라학과,공학계열,25,88,18
23,2025,조기취업형계약학부 스마트팩토리융합학과,공학계열,30,102,18
23,2025,조기취업형계약학부 스마트푸드테크학과,자연계열,45,92,22
23,2025,조기취업형계약학부 에너지솔루션학과,공학계열,20,60,18
23,2025,지역특화산업학부,자연계열,40,94,39
23,2025,철도운전시스템학부,공학계열,50,227,50
23,2025,첨단산업학부,공학계열,20,74,17
23,2025,축구학과,예체능계열,36,131,36
23,2025,태권도학과,예체능계열,40,137,40
23,2025,평생교육학부,교육계열,63,142,62
23,2025,피트니스산업학부,예체능계열,21,84,21
23,2025,항공서비스학과,사회계열,21,74,21
23,2025,SMART글로벌대학,사회계열,121,138,121
23,2026,간호학과,의약계열,184,1748,184
23,2026,건축토목공학과,공학계열,15,85,15
23,2026,건축학과(5년제),공학계열,20,106,20
23,2026,게임콘텐츠학과,공학계열,50,320,52
23,2026,경찰행정학과,사회계열,35,257,41
23,2026,글로벌대학,사회계열,80,105,80
23,2026,글로컬산업기술학과,공학계열,40,18,18
23,2026,기계전기공학부,공학계열,50,0,0
23,2026,기계전기공학부 기계공학전공,공학계열,0,186,26
23,2026,기계전기공학부 자동화융합전공,공학계열,0,19,0
23,2026,기계전기공학부 전기공학전공,공학계열,0,168,27
23,2026,기타모집단위,인문계열,162,0,0
23,2026,디자인융합학부,예체능계열,30,244,30
23,2026,만화애니메이션학부,예체능계열,150,990,156
23,2026,미디어크리에이터학과,예체능계열,20,121,20
23,2026,방위산업시스템학과,공학계열,25,110,20
23,2026,부동산지적학과,사회계열,35,158,35
23,2026,뷰티스타일학과,예체능계열,21,140,21
23,2026,사진영상학부,예체능계열,132,733,132
23,2026,사회복지학과,사회계열,20,186,21
23,2026,소방방재학부,공학계열,98,410,97
23,2026,스마트경영공학과,공학계열,20,55,16
23,2026,스마트경영학부,사회계열,97,459,165
23,2026,스마트전력인프라학과,공학계열,25,55,14
23,2026,스마트팩토리융합학과,공학계열,35,85,19
23,2026,스마트푸드테크학과,자연계열,30,68,24
23,2026,스포츠복지학과,예체능계열,40,182,40
23,2026,스포츠융합학부,예체능계열,20,182,21
23,2026,스포츠재활의학과,예체능계열,45,450,49
23,2026,스포츠지도학과,예체능계열,30,203,31
23,2026,에너지솔루션학과,공학계열,25,47,16
23,2026,응급구조학과,의약계열,51,367,51
23,2026,자율전공학부,공학계열,30,337,30
23,2026,지역특화산업학부,자연계열,60,243,105
23,2026,철도운전시스템학부,공학계열,45,246,52
23,2026,축구학과,예체능계열,36,165,36
23,2026,태권도학과,예체능계열,41,150,41
23,2026,평생교육학부,교육계열,60,218,76
23,2026,피트니스산업학부,예체능계열,20,94,21
23,2026,항공서비스학과,사회계열,20,87,20
24,2024,간호학과,의약계열,89,1295,89
24,2024,건축공학과,공학계열,70,610,69
24,2024,건축학과,공학계열,52,699,52
24,2024,경영학과,사회계열,259,4095,270
24,2024,경제학과,사회계열,99,1150,102
24,2024,골프산업학과,예체능계열,39,193,40
24,2024,관광?엔터테인먼트학부,사회계열,108,936,112
24,2024,국어국문학과,인문계열,59,1329,60
24,2024,국제통상?금융투자학부,사회계열,120,1083,120
24,2024,국제학과,사회계열,142,1106,150
24,2024,글로벌커뮤니케이션학부,인문계열,69,739,72
24,2024,글로벌한국학과,인문계열,1,3,1
24,2024,글로벌Hospitality?관광학과,사회계열,29,275,29
24,2024,기계공학과,공학계열,166,2033,170
24,2024,기악과,예체능계열,71,389,71
24,2024,기타모집단위,인문계열,94,0,0
24,2024,도예학과,예체능계열,37,281,37
24,2024,디지털콘텐츠학과,공학계열,48,994,50
24,2024,러시아어학과,인문계열,38,397,39
24,2024,무역학과,사회계열,86,1109,87
24,2024,무용학부,예체능계열,50,427,50
24,2024,문화관광산업학과,사회계열,40,258,40
24,2024,물리학과,자연계열,48,880,50
24,2024,미디어학과,공학계열,111,1352,115
24,2024,미술학부,예체능계열,65,831,65
24,2024,빅데이터응용학과,자연계열,34,536,34
24,2024,사학과,인문계열,45,862,45
24,2024,사회과학 광역모집,사회계열,56,361,56
24,2024,사회기반시스템공학과,공학계열,71,708,70
24,2024,사회학과,사회계열,54,558,56
24,2024,산업경영공학과,공학계열,71,678,72
24,2024,산업디자인학과,예체능계열,45,796,46
24,2024,생명과학 광역모집,자연계열,20,97,19
24,2024,생물학과,자연계열,60,1430,60
24,2024,생체의공학과,자연계열,49,476,50
24,2024,성악과,예체능계열,33,340,33
24,2024,소프트웨어융합학과,공학계열,60,697,61
24,2024,수학과,자연계열,48,716,49
24,2024,스마트팜과학과,자연계열,42,514,42
24,2024,스페인어학과,인문계열,40,406,40
24,2024,스포츠의학과,예체능계열,50,629,51
24,2024,스포츠지도학과,예체능계열,104,563,104
24,2024,시각디자인학과,예체능계열,44,879,44
24,2024,식물?환경신소재공학과,공학계열,24,442,24
24,2024,식품생명공학과,자연계열,42,546,43
24,2024,식품영양학과,자연계열,44,664,45
24,2024,아동가족학과,자연계열,39,686,40
24,2024,약과학과,자연계열,38,637,39
24,2024,약학과(6년제),의약계열,45,2143,45
24,2024,연극영화학과,예체능계열,58,1121,59
24,2024,영어영문학과,인문계열,46,938,47
24,2024,우주과학과,자연계열,44,473,44
24,2024,원자력공학과,공학계열,50,445,50
24,2024,유전생명공학과,자연계열,64,985,65
24,2024,응용물리학과,자연계열,35,287,35
24,2024,응용수학과,자연계열,37,308,37
24,2024,응용영어통번역학과,인문계열,47,913,48
24,2024,응용화학과,자연계열,51,625,52
24,2024,의류디자인학과,예체능계열,44,530,44
24,2024,의상학과,자연계열,50,859,50
24,2024,의예과(자연계열),의약계열,111,3966,111
24,2024,인공지능학과,공학계열,39,568,42
24,2024,일본어학과,인문계열,47,461,48
24,2024,자율전공학부,공학계열,90,1337,91
24,2024,작곡과,예체능계열,16,88,16
24,2024,전자정보공학부 반도체공학과,공학계열,30,544,30
24,2024,전자정보공학부 전자공학과,공학계열,150,2461,155
24,2024,정보디스플레이학과,자연계열,65,1044,66
24,2024,정보전자신소재공학과,공학계열,71,777,72
24,2024,정치외교학과,사회계열,51,730,51
24,2024,조리&푸드디자인학과,사회계열,58,419,58
24,2024,조리산업학과,사회계열,33,149,32
24,2024,주거환경학과,자연계열,38,665,39
24,2024,중국어학과,인문계열,52,532,53
24,2024,지리학과(자연계열),자연계열,61,770,60
24,2024,철학과,인문계열,40,1172,40
24,2024,체육학과,예체능계열,78,1056,79
24,2024,치의예과(자연계열),의약계열,82,2395,82
24,2024,컴퓨터공학과,공학계열,105,1298,110
24,2024,태권도학과,예체능계열,77,373,77
24,2024,프랑스어학과,인문계열,41,448,41
24,2024,한국어학과,인문계열,24,238,24
24,2024,한방생명공학과,자연계열,28,341,26
24,2024,한약학과,의약계열,48,664,50
24,2024,한의예과(자연계열),의약계열,111,4356,110
24,2024,행정학과,사회계열,76,1071,79
24,2024,화학공학과,공학계열,80,953,82
24,2024,화학과,자연계열,50,1017,50
24,2024,환경조경디자인학과,자연계열,42,599,43
24,2024,환경학및환경공학과,자연계열,44,610,43
24,2024,회계?세무학과,사회계열,75,891,76
24,2024,Hospitality경영학과,사회계열,132,1194,137
24,2024,ICT 광역모집,공학계열,34,174,34
24,2024,PostModern음악학과,예체능계열,44,1785,44
24,2025,간호학과,의약계열,89,1233,88
24,2025,건축공학과,공학계열,66,632,65
24,2025,건축학과,공학계열,52,565,52
24,2025,경영학과,사회계열,273,3938,273
24,2025,경제학과,사회계열,101,1095,101
24,2025,골프산업학과,예체능계열,39,162,39
24,2025,관광?엔터테인먼트학부,사회계열,109,1033,109
24,2025,국어국문학과,인문계열,61,1522,61
24,2025,국제통상?금융투자학부,사회계열,120,1238,116
24,2025,국제학과,사회계열,150,1042,150
24,2025,글로벌커뮤니케이션학부,인문계열,68,649,68
24,2025,글로벌Hospitality?관광학과,사회계열,31,238,31
24,2025,기계공학과,공학계열,146,2276,146
24,2025,기악과,예체능계열,72,334,70
24,2025,도예학과,예체능계열,36,333,36
24,2025,디지털콘텐츠학과,공학계열,47,945,47
24,2025,러시아어학과,인문계열,39,450,39
24,2025,무역학과,사회계열,98,1115,98
24,2025,무용학부(발레),예체능계열,11,115,11
24,2025,무용학부(한국무용),예체능계열,25,184,25
24,2025,무용학부(현대무용),예체능계열,13,131,13
24,2025,문화관광산업학과,사회계열,70,347,67
24,2025,물리학과,자연계열,47,770,47
24,2025,미디어학과,공학계열,128,1444,128
24,2025,미래정보디스플레이학부,자연계열,95,1124,94
24,2025,미술학부,예체능계열,65,840,65
24,2025,빅데이터응용학과,자연계열,26,502,26
24,2025,사학과,인문계열,44,1040,44
24,2025,사회기반시스템공학과,공학계열,67,752,67
24,2025,사회학과,사회계열,49,639,49
24,2025,산업경영공학과,공학계열,75,734,75
24,2025,산업디자인학과,예체능계열,44,680,44
24,2025,생물학과,자연계열,65,1138,65
24,2025,생체의공학과,자연계열,48,378,48
24,2025,성악과,예체능계열,35,298,35
24,2025,소프트웨어융합학과,공학계열,63,568,63
24,2025,수학과,자연계열,49,711,49
24,2025,스마트팜과학과,자연계열,43,564,43
24,2025,스페인어학과,인문계열,40,402,40
24,2025,스포츠의학과,예체능계열,53,759,53
24,2025,스포츠지도학과,예체능계열,99,684,99
24,2025,시각디자인학과,예체능계열,48,885,48
24,2025,식품생명공학과,자연계열,45,604,45
24,2025,식품영양학과,자연계열,46,778,46
24,2025,신소재공학과,공학계열,69,803,68
24,2025,아동가족학과,자연계열,37,785,37
24,2025,아시아학과,인문계열,1,1,1
24,2025,약과학과,자연계열,36,565,36
24,2025,약학과(6년제),의약계열,44,1791,44
24,2025,연극영화학과,예체능계열,47,1488,46
24,2025,영어영문학과,인문계열,49,1023,48
24,2025,우주과학과,자연계열,39,468,38
24,2025,원자력공학과,공학계열,47,542,47
24,2025,유전생명공학과,자연계열,62,1120,62
24,2025,융합바이오?신소재공학과,자연계열,60,939,60
24,2025,응용물리학과,자연계열,33,302,33
24,2025,응용수학과,자연계열,35,297,34
24,2025,응용영어통번역학과,인문계열,46,1041,46
24,2025,응용화학과,자연계열,48,567,47
24,2025,의류디자인학과,예체능계열,43,594,43
24,2025,의상학과,자연계열,57,915,57
24,2025,의예과(자연계열),의약계열,111,3371,111
24,2025,인공지능학과,공학계열,35,380,34
24,2025,일본어학과,인문계열,45,530,45
24,2025,자유전공학부,무전공,241,2127,241
24,2025,자율전공학부,공학계열,214,2659,214
24,2025,작곡과,예체능계열,16,84,16
24,2025,전자정보공학부 반도체공학과,공학계열,27,357,27
24,2025,전자정보공학부 전자공학과,공학계열,138,2049,137
24,2025,정치외교학과,사회계열,53,677,53
24,2025,조리&푸드디자인학과,사회계열,60,446,59
24,2025,조리산업학과,사회계열,33,163,33
24,2025,주거환경학과,자연계열,38,787,37
24,2025,중국어학과,인문계열,50,665,50
24,2025,지리학과(자연계열),자연계열,57,796,56
24,2025,철학과,인문계열,40,1403,40
24,2025,체육학과,예체능계열,85,1372,85
24,2025,치의예과(자연계열),의약계열,83,2096,83
24,2025,컴퓨터공학과,공학계열,95,912,93
24,2025,태권도학과,예체능계열,75,452,75
24,2025,프랑스어학과,인문계열,39,414,39
24,2025,한국어학과,인문계열,29,236,29
24,2025,한약학과,의약계열,52,759,51
24,2025,한의예과(자연계열),의약계열,111,4601,111
24,2025,행정학과,사회계열,78,974,78
24,2025,화학공학과,공학계열,73,839,71
24,2025,화학과,자연계열,51,964,51
24,2025,환경조경디자인학과,자연계열,42,719,42
24,2025,환경학및환경공학과,자연계열,43,550,44
24,2025,회계?세무학과,사회계열,70,808,70
24,2025,Hospitality경영학과,사회계열,132,1177,132
24,2025,PostModern음악학과,예체능계열,49,1918,49
24,2026,간호학과,의약계열,89,1275,89
24,2026,건축공학과,공학계열,68,565,70
24,2026,건축학과,공학계열,54,541,54
24,2026,경영학과,사회계열,24,55,24
24,2026,경영회계계열,사회계열,320,4864,332
24,2026,경제학과,사회계열,104,1274,106
24,2026,골프산업학과,예체능계열,37,251,37
24,2026,관광·엔터테인먼트학부,사회계열,115,1099,117
24,2026,국어국문학과,인문계열,63,1609,68
24,2026,국제통상·금융투자학부,사회계열,120,879,119
24,2026,국제학과,사회계열,138,1050,145
24,2026,글로벌커뮤니케이션학부,인문계열,65,721,67
24,2026,글로벌Hospitality·관광학과,사회계열,34,216,34
24,2026,기계공학부,공학계열,146,2136,149
24,2026,기악과,예체능계열,71,334,71
24,2026,기타모집단위(국제C),인문계열,52,0,0
24,2026,기타모집단위(서울C),인문계열,58,0,0
24,2026,도예학과,예체능계열,36,313,36
24,2026,디지털콘텐츠학과,공학계열,43,869,44
24,2026,러시아어학과,인문계열,37,494,37
24,2026,무역학과,사회계열,118,1074,119
24,2026,무용학부(발레),예체능계열,11,89,11
24,2026,무용학부(한국무용),예체능계열,26,168,24
24,2026,무용학부(현대무용),예체능계열,11,92,11
24,2026,문화관광산업학과,사회계열,70,268,70
24,2026,물리학과,자연계열,48,757,49
24,2026,미디어학과,공학계열,138,1380,146
24,2026,미래정보디스플레이학부,자연계열,96,1027,97
24,2026,미술학부,예체능계열,65,1318,65
24,2026,빅데이터응용학과,자연계열,31,540,34
24,2026,사학과,인문계열,43,893,44
24,2026,사회기반시스템공학과,공학계열,67,745,66
24,2026,사회학과,사회계열,49,639,50
24,2026,산업경영공학과,공학계열,69,665,71
24,2026,산업디자인학과,예체능계열,41,798,42
24,2026,생물학과,자연계열,61,985,61
24,2026,생체의공학과,자연계열,44,379,44
24,2026,성악과,예체능계열,34,237,34
24,2026,소프트웨어융합학과,공학계열,52,543,52
24,2026,수학과,자연계열,47,696,49
24,2026,스마트팜과학과,자연계열,45,627,44
24,2026,스페인어학과,인문계열,38,471,38
24,2026,스포츠의학과,예체능계열,63,970,64
24,2026,스포츠지도학과,예체능계열,104,665,99
24,2026,시각디자인학과,예체능계열,40,921,43
24,2026,식품생명공학과,자연계열,44,642,45
24,2026,식품영양학과,자연계열,50,640,53
24,2026,신소재공학과,공학계열,67,736,66
24,2026,아동가족학과,자연계열,39,724,39
24,2026,아시아학과,인문계열,1,1,1
24,2026,약과학과,자연계열,36,455,37
24,2026,약학과(6년제),의약계열,44,1347,44
24,2026,연극영화학과,예체능계열,40,1519,40
24,2026,영어영문학과,인문계열,51,993,52
24,2026,우주과학과,자연계열,39,550,41
24,2026,원자력공학과,공학계열,46,490,45
24,2026,유전생명공학과,자연계열,63,1065,65
24,2026,융합바이오·신소재공학과,자연계열,56,1092,57
24,2026,응용물리학과,자연계열,33,276,33
24,2026,응용수학과,자연계열,35,252,35
24,2026,응용영어통번역학과,인문계열,44,963,46
24,2026,응용화학과,자연계열,49,500,49
24,2026,의류디자인학과,예체능계열,43,610,44
24,2026,의상학과,자연계열,58,886,58
24,2026,의예과(자연계열),의약계열,111,2568,111
24,2026,일본어학과,인문계열,45,555,46
24,2026,자유전공학부,무전공,246,1731,254
24,2026,자율전공학부,무전공,179,2120,183
24,2026,작곡과,예체능계열,16,60,16
24,2026,전자공학부 반도체공학과,공학계열,28,339,28
24,2026,전자공학부 전자공학과,공학계열,127,1882,146
24,2026,정치외교학과,사회계열,57,765,58
24,2026,조리&푸드디자인학과,사회계열,70,525,70
24,2026,조리산업학과,사회계열,33,129,33
24,2026,주거환경학과,자연계열,35,714,35
24,2026,중국어학과,인문계열,50,600,51
24,2026,지리학과(자연계열),자연계열,61,709,60
24,2026,철학과,인문계열,39,1374,39
24,2026,체육학과,예체능계열,75,1580,76
24,2026,치의예과(자연계열),의약계열,82,1539,82
24,2026,컴퓨터공학부 인공지능학과,공학계열,34,345,36
24,2026,컴퓨터공학부 컴퓨터공학과,공학계열,80,710,82
24,2026,태권도학과,예체능계열,73,507,73
24,2026,프랑스어학과,인문계열,38,385,38
24,2026,한국어학과,인문계열,27,284,29
24,2026,한약학과,의약계열,48,670,52
24,2026,한의예과(자연계열),의약계열,112,4568,112
24,2026,행정학과,사회계열,77,1097,79
24,2026,화학공학과,공학계열,69,795,71
24,2026,화학과,자연계열,52,776,52
24,2026,환경조경디자인학과,자연계열,38,691,38
24,2026,환경학및환경공학과,자연계열,44,534,44
24,2026,Hospitality경영학과,사회계열,139,1312,139
24,2026,PostModern음악학과,예체능계열,45,2303,46
25,2024,간호학과,의약계열,156,1121,156
25,2024,건축공학과,공학계열,68,430,68
25,2024,건축학과,공학계열,42,366,42
25,2024,게임소프트웨어학과,공학계열,44,368,44
25,2024,경영빅데이터학과,사회계열,44,192,44
25,2024,경영정보학과,사회계열,49,327,49
25,2024,경영학과,사회계열,174,982,173
25,2024,경제금융학과,사회계열,119,543,119
25,2024,경찰행정학과,사회계열,74,715,74
25,2024,공예디자인과,예체능계열,43,201,43
25,2024,공중보건학과,의약계열,52,301,52
25,2024,관광경영학과,사회계열,93,394,93
25,2024,관현악과,예체능계열,49,122,49
25,2024,광고홍보학과,사회계열,60,363,60
25,2024,교육학과,교육계열,16,156,16
25,2024,교통공학과,공학계열,42,224,43
25,2024,국어교육과,교육계열,22,98,22
25,2024,국어국문학과,인문계열,43,211,43
25,2024,국제통상학과,사회계열,165,778,165
25,2024,기계공학과,공학계열,134,891,134
25,2024,기독교학과,인문계열,21,118,21
25,2024,기타모집단위,인문계열,91,0,0
25,2024,도시계획학과,사회계열,45,194,45
25,2024,독일유럽학과,인문계열,40,243,40
25,2024,디지펜게임공학과,공학계열,30,125,30
25,2024,러시아중앙아시아학과,인문계열,31,192,31
25,2024,로봇공학과,공학계열,55,290,55
25,2024,무용학과,예체능계열,25,57,25
25,2024,문예창작학과,인문계열,34,261,34
25,2024,문헌정보학과,인문계열,53,343,53
25,2024,법학과,사회계열,83,406,83
25,2024,사진미디어과,예체능계열,42,163,42
25,2024,사학과,인문계열,43,234,43
25,2024,사회복지학과,사회계열,65,511,65
25,2024,사회체육학과,예체능계열,62,452,62
25,2024,사회학과,사회계열,42,201,42
25,2024,산업공학과,공학계열,42,221,42
25,2024,산업디자인과,예체능계열,42,262,42
25,2024,생명과학과,자연계열,61,358,61
25,2024,생태조경학과,자연계열,44,248,44
25,2024,성악과,예체능계열,45,84,44
25,2024,세무학과,사회계열,44,177,44
25,2024,수학과,자연계열,32,154,31
25,2024,스마트제조공학과,공학계열,37,203,37
25,2024,스페인어중남미학과,인문계열,42,228,42
25,2024,스포츠마케팅학과,사회계열,47,310,47
25,2024,시각디자인과,예체능계열,52,366,52
25,2024,식품가공학과,자연계열,44,319,44
25,2024,식품영양학과,자연계열,44,284,45
25,2024,신소재공학과,공학계열,44,336,44
25,2024,실버스포츠복지학과,예체능계열,32,237,32
25,2024,실용음악음향과,예체능계열,31,130,31
25,2024,심리학과,인문계열,69,423,69
25,2024,약학부,의약계열,39,1273,39
25,2024,언론영상학과,예체능계열,76,502,76
25,2024,연극뮤지컬과,예체능계열,30,91,30
25,2024,영상애니메이션과,예체능계열,47,556,47
25,2024,영어교육과,교육계열,22,128,22
25,2024,영어영문학과,인문계열,75,364,75
25,2024,웹툰과,예체능계열,40,375,40
25,2024,유아교육과,교육계열,22,209,22
25,2024,의예과,의약계열,81,1455,81
25,2024,의용공학과,의약계열,54,282,54
25,2024,인문사회계열,인문계열,76,360,76
25,2024,일본어일본학과,인문계열,84,538,84
25,2024,자동차공학과,공학계열,50,305,50
25,2024,자연공학계열,자연계열,68,383,68
25,2024,전기에너지공학과,공학계열,66,320,66
25,2024,전자공학과,공학계열,66,461,66
25,2024,정치외교학과,사회계열,42,152,42
25,2024,중국어중국학과,인문계열,79,410,78
25,2024,철학과,인문계열,35,249,35
25,2024,체육학과,예체능계열,63,398,63
25,2024,컴퓨터공학과,공학계열,94,609,95
25,2024,태권도학과,예체능계열,60,240,60
25,2024,텍스타일디자인과,예체능계열,42,157,42
25,2024,토목공학과,공학계열,65,467,65
25,2024,통계학과,자연계열,40,204,40
25,2024,패션디자인과,예체능계열,44,249,44
25,2024,패션마케팅학과,자연계열,44,331,44
25,2024,피아노과,예체능계열,57,193,56
25,2024,한국어교육과,교육계열,51,167,52
25,2024,한문교육과,교육계열,16,82,16
25,2024,행정학과,사회계열,86,531,86
25,2024,혁신신약학과,의약계열,32,181,32
25,2024,화학공학과,공학계열,85,456,85
25,2024,화학과,자연계열,32,208,31
25,2024,환경공학과,자연계열,63,366,64
25,2024,회계학과,사회계열,81,352,81
25,2024,회화과,예체능계열,35,155,35
25,2024,Department of International Business,사회계열,31,136,31
25,2024,Department of International Relations,사회계열,33,138,33
25,2025,간호학과,의약계열,158,1533,159
25,2025,건축공학과,공학계열,65,369,65
25,2025,건축학과,공학계열,43,398,43
25,2025,게임소프트웨어학과,공학계열,44,343,44
25,2025,경영빅데이터학과,사회계열,43,266,43
25,2025,경영정보학과,사회계열,50,252,50
25,2025,경영학과,사회계열,298,1278,201
25,2025,경제금융학과,사회계열,120,504,120
25,2025,경찰행정학과,사회계열,74,951,74
25,2025,공예디자인과,예체능계열,42,202,42
25,2025,공중보건학과,의약계열,52,295,54
25,2025,관광경영학과,사회계열,99,392,99
25,2025,관현악과,예체능계열,43,137,43
25,2025,광고홍보학과,사회계열,70,512,71
25,2025,교육학과,교육계열,16,123,16
25,2025,교통공학과,공학계열,42,247,42
25,2025,국어교육과,교육계열,22,126,22
25,2025,국어국문학과,인문계열,42,264,42
25,2025,국제경영학과(IB),사회계열,43,186,43
25,2025,국제관계학과(IR),사회계열,34,194,34
25,2025,국제통상학과,사회계열,218,650,218
25,2025,기계공학과,공학계열,138,774,138
25,2025,기독교학과,인문계열,20,73,20
25,2025,기타모집단위,인문계열,56,0,0
25,2025,도시계획학과,사회계열,44,205,44
25,2025,독일유럽학과,인문계열,41,190,41
25,2025,디지펜게임공학과,공학계열,30,176,30
25,2025,러시아중앙아시아학과,인문계열,30,145,30
25,2025,로봇공학과,공학계열,54,277,54
25,2025,모빌리티소프트웨어학과,공학계열,34,187,34
25,2025,무용학과,예체능계열,27,60,27
25,2025,문예창작학과,인문계열,35,204,35
25,2025,문헌정보학과,인문계열,53,317,53
25,2025,법학과,사회계열,85,386,85
25,2025,사진영상미디어과,예체능계열,37,222,37
25,2025,사학과,인문계열,42,264,42
25,2025,사회복지학과,사회계열,66,606,66
25,2025,사회체육학과,예체능계열,62,520,62
25,2025,사회학과,사회계열,42,308,42
25,2025,산업공학과,공학계열,40,275,40
25,2025,산업디자인과,예체능계열,42,231,42
25,2025,생명과학과,자연계열,63,425,63
25,2025,생태조경학과,자연계열,44,262,44
25,2025,성악과,예체능계열,36,70,36
25,2025,수학과,자연계열,20,122,20
25,2025,스마트제조공학과,공학계열,37,189,37
25,2025,스페인어중남미학과,인문계열,37,180,37
25,2025,스포츠마케팅학과,사회계열,49,427,49
25,2025,시각디자인과,예체능계열,54,404,55
25,2025,식품가공학과,자연계열,44,278,45
25,2025,식품영양학과,자연계열,45,348,45
25,2025,신소재공학과,공학계열,45,215,45
25,2025,실버스포츠복지학과,예체능계열,34,190,34
25,2025,실용음악음향과,예체능계열,32,133,32
25,2025,심리학과,인문계열,73,399,73
25,2025,약학부,의약계열,38,1448,38
25,2025,언론영상학과,예체능계열,82,534,82
25,2025,연극뮤지컬과,예체능계열,30,78,30
25,2025,영상애니메이션과,예체능계열,48,513,48
25,2025,영어교육과,교육계열,22,121,22
25,2025,영어영문학과,인문계열,74,367,74
25,2025,웹툰과,예체능계열,42,454,42
25,2025,유아교육과,교육계열,22,215,22
25,2025,의예과,의약계열,125,2313,125
25,2025,의용공학과,의약계열,54,249,53
25,2025,일본어일본학과,인문계열,86,579,86
25,2025,자동차공학과,공학계열,49,287,49
25,2025,자율전공부,무전공,229,2893,229
25,2025,전기공학과,공학계열,67,441,67
25,2025,전자공학과,공학계열,66,411,66
25,2025,정치외교학과,사회계열,46,217,46
25,2025,중국어중국학과,인문계열,77,423,77
25,2025,철학과,인문계열,20,137,20
25,2025,체육학과,예체능계열,63,444,63
25,2025,컴퓨터공학과,공학계열,101,714,102
25,2025,태권도학과,예체능계열,60,286,60
25,2025,텍스타일디자인과,예체능계열,42,193,42
25,2025,토목공학과,공학계열,54,336,54
25,2025,통계학과,자연계열,40,223,40
25,2025,패션디자인과,예체능계열,45,263,48
25,2025,패션마케팅학과,자연계열,44,411,44
25,2025,피아노과,예체능계열,50,164,50
25,2025,한국어교육과,교육계열,68,192,70
25,2025,한문교육과,교육계열,16,93,16
25,2025,행정학과,사회계열,82,395,82
25,2025,혁신신약학과,의약계열,32,295,32
25,2025,화학공학과,공학계열,84,448,84
25,2025,화학과,자연계열,31,179,31
25,2025,환경공학과,자연계열,44,291,43
25,2025,회계세무학과,사회계열,111,548,111
25,2025,회화과,예체능계열,35,160,35
25,2026,간호학과,의약계열,158,2067,158
25,2026,건축공학과,공학계열,66,487,66
25,2026,건축학과,공학계열,44,439,44
25,2026,게임소프트웨어학과,공학계열,47,398,47
25,2026,경영빅데이터학과,사회계열,47,274,47
25,2026,경영정보학과,사회계열,51,315,51
25,2026,경영학과,사회계열,282,1384,225
25,2026,경제금융학과,사회계열,122,794,122
25,2026,경찰행정학과,사회계열,74,848,74
25,2026,공예디자인과,예체능계열,42,340,42
25,2026,공중보건학과,의약계열,53,550,53
25,2026,관광경영학과,사회계열,115,632,114
25,2026,관현악과,예체능계열,44,143,44
25,2026,광고홍보학과,사회계열,77,736,77
25,2026,교육학과,교육계열,16,107,16
25,2026,교통공학과,공학계열,42,245,42
25,2026,국어교육과,교육계열,22,221,22
25,2026,국어국문학과,인문계열,43,407,44
25,2026,국제통상학과,사회계열,212,1100,212
25,2026,기계공학과,공학계열,136,1130,137
25,2026,기독교학과,인문계열,20,102,20
25,2026,기타모집단위,인문계열,63,0,0
25,2026,도시계획학과,사회계열,44,279,44
25,2026,독일유럽학과,인문계열,40,328,40
25,2026,디지펜게임공학과,공학계열,30,175,30
25,2026,러시아중앙아시아학과,인문계열,30,162,30
25,2026,로봇공학과,공학계열,54,417,54
25,2026,모빌리티소프트웨어학과,공학계열,34,190,34
25,2026,무용학과,예체능계열,26,52,26
25,2026,문예창작학과,인문계열,42,298,43
25,2026,문헌정보학과,인문계열,53,426,53
25,2026,법학과,사회계열,84,483,84
25,2026,사진영상미디어과,예체능계열,37,324,37
25,2026,사학과,인문계열,42,428,42
25,2026,사회복지학과,사회계열,66,861,68
25,2026,사회체육학과,예체능계열,62,627,62
25,2026,사회학과,사회계열,42,303,42
25,2026,산업공학과,공학계열,41,363,41
25,2026,산업디자인과,예체능계열,42,243,42
25,2026,생명과학과,자연계열,64,422,64
25,2026,생태조경학과,자연계열,44,304,44
25,2026,성악과,예체능계열,39,108,39
25,2026,수학과,자연계열,20,100,20
25,2026,스페인어중남미학과,인문계열,37,315,37
25,2026,스포츠마케팅학과,사회계열,48,466,48
25,2026,시각디자인과,예체능계열,54,358,54
25,2026,식품가공학과,자연계열,44,414,44
25,2026,식품영양학과,자연계열,45,610,45
25,2026,신소재공학과,공학계열,44,265,44
25,2026,실버스포츠복지학과,예체능계열,43,351,43
25,2026,실용음악음향과,예체능계열,31,189,31
25,2026,심리학과,인문계열,67,581,69
25,2026,약학부,의약계열,42,1198,40
25,2026,언론영상학과,예체능계열,90,675,91
25,2026,연극뮤지컬과,예체능계열,30,204,30
25,2026,영상애니메이션과,예체능계열,48,635,48
25,2026,영어교육과,교육계열,22,224,22
25,2026,영어영문학과,인문계열,76,539,77
25,2026,웹툰과,예체능계열,44,526,44
25,2026,유아교육과,교육계열,22,263,22
25,2026,의예과,의약계열,81,2144,81
25,2026,의용공학과,의약계열,56,448,56
25,2026,일본어일본학과,인문계열,84,746,85
25,2026,자동차공학과,공학계열,57,393,57
25,2026,자율전공부,무전공,264,1796,264
25,2026,전기공학과,공학계열,68,556,68
25,2026,전자공학과,공학계열,66,473,66
25,2026,정치외교학과,사회계열,45,280,45
25,2026,중국어중국학과,인문계열,80,497,80
25,2026,철학과,인문계열,20,400,20
25,2026,체육학과,예체능계열,62,496,62
25,2026,컴퓨터공학과,공학계열,101,585,102
25,2026,태권도학과,예체능계열,60,363,60
25,2026,텍스타일디자인과,예체능계열,42,164,42
25,2026,토목공학과,공학계열,58,459,58
25,2026,통계학과,자연계열,40,291,40
25,2026,패션디자인과,예체능계열,45,225,45
25,2026,패션마케팅학과,자연계열,45,375,45
25,2026,피아노과,예체능계열,49,136,49
25,2026,한국어교육과,교육계열,88,264,88
25,2026,한문교육과,교육계열,16,131,16
25,2026,행정학과,사회계열,82,537,82
25,2026,혁신신약학과,의약계열,32,245,32
25,2026,화학공학과,공학계열,85,537,85
25,2026,화학과,자연계열,30,163,30
25,2026,환경공학과,자연계열,44,437,44
25,2026,회계세무학과,사회계열,110,625,110
25,2026,회화과,예체능계열,36,179,36
25,2026,Keimyung Adams College,사회계열,75,270,75
26,2024,가정교육과,교육계열,37,428,38
26,2024,간호학과,의약계열,66,781,66
26,2024,건축사회환경공학부,공학계열,98,1058,97
26,2024,건축학과,공학계열,49,453,49
26,2024,경영학과,사회계열,384,2416,385
26,2024,경제학과,사회계열,154,1006,153
26,2024,교육학과,교육계열,52,528,53
26,2024,국어교육과,교육계열,44,352,45
26,2024,국어국문학과,인문계열,64,517,65
26,2024,국제학부,사회계열,59,676,59
26,2024,글로벌자율학부,인문계열,37,133,37
26,2024,글로벌한국융합학부,인문계열,10,118,10
26,2024,기계공학부,공학계열,149,1232,150
26,2024,기타모집단위,인문계열,72,0,0
26,2024,노어노문학과,인문계열,43,397,43
26,2024,데이터과학과,자연계열,66,528,69
26,2024,독어독문학과,인문계열,40,362,42
26,2024,디자인조형학부,예체능계열,58,668,58
26,2024,물리학과,자연계열,49,557,48
26,2024,미디어학부,사회계열,134,695,135
26,2024,바이오시스템의과학부,자연계열,81,833,82
26,2024,바이오의공학부,의약계열,85,1051,86
26,2024,반도체공학과,공학계열,30,308,30
26,2024,보건정책관리학부,사회계열,80,953,80
26,2024,보건환경융합과학부,공학계열,119,1608,120
26,2024,불어불문학과,인문계열,41,382,41
26,2024,사이버국방학과,공학계열,30,135,30
26,2024,사학과,인문계열,46,346,47
26,2024,사회학과,사회계열,88,697,89
26,2024,산업경영공학부,공학계열,59,693,65
26,2024,생명공학부,자연계열,116,1193,116
26,2024,생명과학부,자연계열,105,1097,104
26,2024,서어서문학과,인문계열,50,433,50
26,2024,수학과,자연계열,48,534,48
26,2024,수학교육과,교육계열,38,254,39
26,2024,스마트모빌리티학부,공학계열,50,448,50
26,2024,스마트보안학부,공학계열,36,345,38
26,2024,식품공학과,자연계열,50,693,51
26,2024,식품자원경제학과,자연계열,58,569,61
26,2024,신소재공학부,공학계열,158,1364,159
26,2024,심리학부,인문계열,63,501,64
26,2024,언어학과,인문계열,35,281,35
26,2024,역사교육과,교육계열,32,254,33
26,2024,영어교육과,교육계열,66,432,66
26,2024,영어영문학과,인문계열,119,713,119
26,2024,융합에너지공학과,공학계열,34,349,35
26,2024,의예과,의약계열,113,2133,113
26,2024,일어일문학과,인문계열,53,371,53
26,2024,자유전공학부,인문계열,209,722,214
26,2024,전기전자공학부,공학계열,251,1987,252
26,2024,정치외교학과,사회계열,95,620,96
26,2024,중어중문학과,인문계열,71,534,71
26,2024,지구환경과학과,자연계열,37,491,37
26,2024,지리교육과,교육계열,37,344,37
26,2024,차세대통신학과,공학계열,30,300,30
26,2024,철학과,인문계열,45,464,46
26,2024,체육교육과,교육계열,84,510,84
26,2024,컴퓨터학과,공학계열,210,1539,213
26,2024,통계학과,자연계열,85,698,87
26,2024,한국사학과,인문계열,26,225,27
26,2024,한문학과,인문계열,26,263,26
26,2024,행정학과,사회계열,82,599,83
26,2024,화공생명공학과,공학계열,105,1001,106
26,2024,화학과,자연계열,51,610,52
26,2024,환경생태공학부,자연계열,74,1027,75
26,2025,가정교육과,교육계열,37,409,38
26,2025,간호학과,의약계열,65,773,65
26,2025,건축사회환경공학부,공학계열,94,1470,95
26,2025,건축학과,공학계열,50,598,50
26,2025,경영학과,사회계열,398,3893,394
26,2025,경제학과,사회계열,144,1912,146
26,2025,공과대학,공학계열,65,713,61
26,2025,교육학과,교육계열,53,649,52
26,2025,국어교육과,교육계열,50,480,50
26,2025,국어국문학과,인문계열,65,733,66
26,2025,국제학부,사회계열,71,908,78
26,2025,글로벌엔터테인먼트학부,인문계열,14,80,14
26,2025,글로벌자율학부,인문계열,90,319,90
26,2025,글로벌한국융합학부,인문계열,9,110,9
26,2025,기계공학부,공학계열,139,2331,140
26,2025,기타모집단위,인문계열,76,0,0
26,2025,노어노문학과,인문계열,46,484,47
26,2025,데이터과학과,자연계열,67,622,71
26,2025,독어독문학과,인문계열,39,398,39
26,2025,디자인조형학부,예체능계열,64,687,64
26,2025,물리학과,자연계열,53,785,54
26,2025,미디어학부,사회계열,88,1135,88
26,2025,바이오시스템의과학부,자연계열,75,1020,75
26,2025,바이오의공학부,의약계열,93,1092,94
26,2025,반도체공학과,공학계열,30,371,30
26,2025,보건정책관리학부,사회계열,81,1155,81
26,2025,보건환경융합과학부,공학계열,122,1941,122
26,2025,불어불문학과,인문계열,44,512,45
26,2025,사이버국방학과,공학계열,30,187,30
26,2025,사학과,인문계열,50,648,50
26,2025,사회학과,사회계열,96,1235,97
26,2025,산업경영공학부,공학계열,55,906,57
26,2025,생명공학부,자연계열,121,1539,122
26,2025,생명과학부,자연계열,106,1340,101
26,2025,서어서문학과,인문계열,52,614,52
26,2025,수학과,자연계열,55,604,55
26,2025,수학교육과,교육계열,38,390,39
26,2025,스마트모빌리티학부,공학계열,50,529,48
26,2025,스마트보안학부,공학계열,56,709,57
26,2025,식품공학과,자연계열,53,756,53
26,2025,식품자원경제학과,자연계열,59,830,60
26,2025,신소재공학부,공학계열,133,2186,134
26,2025,심리학부,인문계열,50,659,53
26,2025,언어학과,인문계열,39,462,41
26,2025,역사교육과,교육계열,32,334,32
26,2025,영어교육과,교육계열,61,655,61
26,2025,영어영문학과,인문계열,123,1315,123
26,2025,융합에너지공학과,공학계열,34,556,35
26,2025,의예과,의약계열,113,2347,113
26,2025,인공지능학과,공학계열,117,1727,117
26,2025,일어일문학과,인문계열,53,488,54
26,2025,자유전공학부,무전공,198,2509,199
26,2025,전기전자공학부,공학계열,226,3116,226
26,2025,정치외교학과,사회계열,88,1061,87
26,2025,중어중문학과,인문계열,77,777,77
26,2025,지구환경과학과,자연계열,37,481,37
26,2025,지리교육과,교육계열,37,393,37
26,2025,차세대통신학과,공학계열,30,356,30
26,2025,철학과,인문계열,45,619,45
26,2025,체육교육과,교육계열,83,563,83
26,2025,컴퓨터학과,공학계열,155,2068,159
26,2025,통계학과,자연계열,83,1176,85
26,2025,학부대학,무전공,36,1881,30
26,2025,한국사학과,인문계열,27,310,27
26,2025,한문학과,인문계열,29,294,30
26,2025,행정학과,사회계열,81,972,82
26,2025,화공생명공학과,공학계열,86,1766,88
26,2025,화학과,자연계열,49,722,47
26,2025,환경생태공학부,자연계열,72,1221,72
26,2026,가정교육과,교육계열,37,641,37
26,2026,간호학과,의약계열,64,854,64
26,2026,건축사회환경공학부,공학계열,99,1653,99
26,2026,건축학과,공학계열,54,642,55
26,2026,경영학과,사회계열,374,4523,378
26,2026,경제학과,사회계열,152,1811,155
26,2026,공과대학,공학계열,65,725,65
26,2026,교육학과,교육계열,52,591,51
26,2026,국어교육과,교육계열,50,594,51
26,2026,국어국문학과,인문계열,65,716,66
26,2026,국제학부,사회계열,74,944,74
26,2026,글로벌엔터테인먼트학부,인문계열,21,67,22
26,2026,글로벌자율학부,인문계열,105,382,106
26,2026,글로벌한국융합학부,인문계열,11,128,11
26,2026,기계공학부,공학계열,142,2165,143
26,2026,기타모집단위,인문계열,78,0,0
26,2026,노어노문학과,인문계열,43,508,43
26,2026,데이터과학과,자연계열,56,626,59
26,2026,독어독문학과,인문계열,38,441,39
26,2026,디자인조형학부,예체능계열,57,683,57
26,2026,물리학과,자연계열,53,915,54
26,2026,미디어학부,사회계열,89,1059,92
26,2026,바이오시스템의과학부,자연계열,76,1195,76
26,2026,바이오의공학부,의약계열,88,1329,89
26,2026,반도체공학과,공학계열,40,449,40
26,2026,보건정책관리학부,사회계열,81,1093,81
26,2026,보건환경융합과학부,공학계열,123,1965,123
26,2026,불어불문학과,인문계열,43,594,43
26,2026,사이버국방학과,공학계열,30,143,30
26,2026,사학과,인문계열,47,648,48
26,2026,사회학과,사회계열,97,1076,97
26,2026,산업경영공학부,공학계열,55,1033,58
26,2026,생명공학부,자연계열,117,1601,117
26,2026,생명과학부,자연계열,108,1496,109
26,2026,서어서문학과,인문계열,57,714,57
26,2026,수학과,자연계열,55,709,56
26,2026,수학교육과,교육계열,38,457,37
26,2026,스마트모빌리티학부,공학계열,50,489,50
26,2026,스마트보안학부,공학계열,64,772,66
26,2026,식품공학과,자연계열,59,898,59
26,2026,식품자원경제학과,자연계열,62,808,62
26,2026,신소재공학부,공학계열,132,1998,135
26,2026,심리학부,인문계열,59,656,61
26,2026,언어학과,인문계열,37,503,38
26,2026,역사교육과,교육계열,32,335,33
26,2026,영어교육과,교육계열,61,765,61
26,2026,영어영문학과,인문계열,120,1258,120
26,2026,융합에너지공학과,공학계열,43,579,45
26,2026,의예과,의약계열,112,1811,111
26,2026,의학과,의약계열,0,19,0
26,2026,인공지능학과,공학계열,130,1556,132
26,2026,일어일문학과,인문계열,50,553,51
26,2026,자유전공학부,무전공,223,2210,224
26,2026,전기전자공학부,공학계열,225,2763,226
26,2026,정치외교학과,사회계열,101,1103,102
26,2026,중어중문학과,인문계열,70,797,70
26,2026,지구환경과학과,자연계열,43,675,43
26,2026,지리교육과,교육계열,37,403,38
26,2026,차세대통신학과,공학계열,30,349,29
26,2026,철학과,인문계열,45,716,45
26,2026,체육교육과,교육계열,83,668,83
26,2026,컴퓨터학과,공학계열,180,1614,182
26,2026,통계학과,자연계열,91,1086,92
26,2026,학부대학,무전공,36,803,36
26,2026,한국사학과,인문계열,27,342,28
26,2026,한문학과,인문계열,27,313,27
26,2026,행정학과,사회계열,83,996,84
26,2026,화공생명공학과,공학계열,88,1619,89
26,2026,화학과,자연계열,52,822,52
26,2026,환경생태공학부,자연계열,74,1322,75
27,2024,경제통계학부,사회계열,57,465,0
27,2024,공공사회·통일외교학부,사회계열,64,546,63
27,2024,국제스포츠학부,예체능계열,94,771,96
27,2024,글로벌학부,사회계열,135,948,134
27,2024,기타모집단위,인문계열,24,0,0
27,2024,디스플레이·반도체물리학부,자연계열,51,367,50
27,2024,문화유산융합학부,인문계열,42,375,41
27,2024,문화창의학부,인문계열,54,567,53
27,2024,미래모빌리티학과,공학계열,43,292,42
27,2024,빅데이터사이언스학부,자연계열,54,397,53
27,2024,생명정보공학과,자연계열,48,453,47
27,2024,스마트도시학부,공학계열,44,289,43
27,2024,식품생명공학과,자연계열,54,461,53
27,2024,신소재화학과,공학계열,42,320,41
27,2024,약학과,의약계열,43,2775,43
27,2024,융합경영학부,사회계열,193,1216,192
27,2024,응용수리과학부,자연계열,33,299,33
27,2024,인공지능사이버보안학과,공학계열,58,363,57
27,2024,전자·기계융합공학과,공학계열,70,561,69
27,2024,전자및정보공학과,공학계열,113,737,112
27,2024,정부행정학부,사회계열,55,571,54
27,2024,지능형반도체공학과,공학계열,30,198,29
27,2024,컴퓨터융합소프트웨어학과,공학계열,69,505,68
27,2024,표준?지식학과,사회계열,23,226,22
27,2024,환경시스템공학과,자연계열,47,436,46
27,2025,경제통계학부,사회계열,61,484,61
27,2025,공공사회·통일외교학부,사회계열,71,730,71
27,2025,국제스포츠학부,예체능계열,94,871,94
27,2025,글로벌학부,사회계열,148,930,150
27,2025,기타모집단위,인문계열,28,0,0
27,2025,디지털헬스케어공학과,의약계열,27,194,28
27,2025,문화유산융합학부,인문계열,49,433,49
27,2025,문화창의학부,인문계열,66,653,67
27,2025,미래모빌리티학과,공학계열,43,271,43
27,2025,반도체물리학부,자연계열,56,314,56
27,2025,빅데이터사이언스학부,자연계열,59,717,59
27,2025,생명정보공학과,자연계열,61,510,62
27,2025,스마트도시학부,공학계열,43,331,43
27,2025,식품생명공학과,자연계열,64,391,64
27,2025,신소재화학과,공학계열,46,255,46
27,2025,약학과,의약계열,42,2172,42
27,2025,융합경영학부,사회계열,190,1256,191
27,2025,응용수리과학부,자연계열,35,216,35
27,2025,인공지능사이버보안학과,공학계열,68,377,68
27,2025,전자·기계융합공학과,공학계열,78,424,78
27,2025,전자및정보공학과,공학계열,131,773,132
27,2025,정부행정학부,사회계열,55,593,55
27,2025,지능형반도체공학과,공학계열,84,440,84
27,2025,첨단융합신약학과,자연계열,27,183,27
27,2025,컴퓨터융합소프트웨어학과,공학계열,83,529,85
27,2025,표준?지식학과,사회계열,32,228,33
27,2025,환경시스템공학과,자연계열,54,391,54
27,2026,경제통계학부,사회계열,60,528,61
27,2026,공공사회·통일외교학부,사회계열,73,807,74
27,2026,국제스포츠학부,예체능계열,103,1048,103
27,2026,글로벌학부,사회계열,149,1299,149
27,2026,기타모집단위,인문계열,28,0,0
27,2026,디지털헬스케어공학과,의약계열,42,404,42
27,2026,문화유산융합학부,인문계열,49,496,49
27,2026,문화창의학부,인문계열,71,739,71
27,2026,미래모빌리티학과,공학계열,42,299,42
27,2026,반도체물리학부,자연계열,54,290,54
27,2026,빅데이터사이언스학부,자연계열,57,522,57
27,2026,생명정보공학과,자연계열,60,577,62
27,2026,스마트도시학부,공학계열,43,268,43
27,2026,식품생명공학과,자연계열,63,529,63
27,2026,신소재화학과,공학계열,45,312,45
27,2026,약학과,의약계열,40,1687,40
27,2026,융합경영학부,사회계열,197,1744,198
27,2026,응용수리과학부,자연계열,35,225,35
27,2026,인공지능사이버보안학과,공학계열,69,485,70
27,2026,자유전공학부(공공정책),무전공,32,281,32
27,2026,자유전공학부(과학기술),무전공,33,675,33
27,2026,자유전공학부(글로벌비즈니스),무전공,43,663,43
27,2026,자유전공학부(문화스포츠),무전공,32,295,32
27,2026,전자·기계융합공학과,공학계열,80,709,81
27,2026,전자및정보공학과,공학계열,129,769,130
27,2026,정부행정학부,사회계열,55,547,56
27,2026,지능형반도체공학과,공학계열,78,579,78
27,2026,첨단융합신약학과,자연계열,42,370,45
27,2026,컴퓨터소프트웨어학과,공학계열,84,594,84
27,2026,표준·지식학과,사회계열,42,383,42
27,2026,환경시스템공학과,자연계열,54,362,54
28,2024,간호학과,의약계열,120,966,120
28,2024,기독교교육과,교육계열,29,44,28
28,2024,기독교상담과,사회계열,15,21,15
28,2024,기타모집단위,인문계열,4,0,0
28,2024,디지털영상마케팅학과,사회계열,27,103,24
28,2024,보건환경학부,의약계열,31,70,30
28,2024,사회복지학과,사회계열,51,174,46
28,2024,시각디자인학과,예체능계열,27,78,20
28,2024,식품영양학부,자연계열,32,90,24
28,2024,신학과,인문계열,42,71,41
28,2024,아동복지학과,사회계열,34,73,30
28,2024,언어치료학과,교육계열,33,88,30
28,2024,외식창업학과,자연계열,15,16,15
28,2024,유아교육과,교육계열,22,67,21
28,2024,음악과,예체능계열,30,61,30
28,2024,의료경영학부,사회계열,55,147,51
28,2024,의생명과학과,자연계열,25,60,9
28,2024,의예과,의약계열,79,1518,79
28,2024,자율전공학부,공학계열,20,40,20
28,2024,작업치료학과,의약계열,58,250,52
28,2024,재활상담학과,사회계열,26,74,25
28,2024,태권도선교학과,인문계열,33,56,23
28,2024,한국어교육학과,교육계열,29,68,29
28,2025,간호학과,의약계열,120,1276,120
28,2025,기독교교육과,교육계열,29,59,27
28,2025,기독교상담학과,인문계열,20,32,20
28,2025,기타모집단위,인문계열,6,0,0
28,2025,디지털영상마케팅학과,사회계열,27,111,25
28,2025,사회복지학과,사회계열,45,187,41
28,2025,성경학과,인문계열,20,25,20
28,2025,시각디자인학과,예체능계열,28,76,27
28,2025,식품영양조리학부,자연계열,32,126,29
28,2025,신학과,인문계열,42,93,42
28,2025,아동복지학과,사회계열,23,57,20
28,2025,언어치료학과,교육계열,29,105,25
28,2025,유아교육과,교육계열,22,89,20
28,2025,음악과,예체능계열,20,50,20
28,2025,응급구조학과,의약계열,30,203,29
28,2025,의료경영학부,사회계열,44,138,42
28,2025,의예과,의약계열,103,1907,103
28,2025,자율전공학부,공학계열,21,90,17
28,2025,작업치료학과,의약계열,57,283,56
28,2025,재활치료학과,의약계열,22,197,20
28,2025,태권도학과,예체능계열,33,77,31
28,2025,한국어교육학과,교육계열,37,50,37
28,2026,간호학과,의약계열,132,1669,132
28,2026,글로벌비즈니스학과,사회계열,0,9,5
28,2026,기독교교육과,교육계열,29,56,29
28,2026,기독교상담학과,인문계열,20,25,20
28,2026,미디어영상마케팅학과,사회계열,27,177,25
28,2026,바이오과학수사학과,자연계열,22,116,21
28,2026,사회복지학과,사회계열,33,245,32
28,2026,성경학과,인문계열,20,27,20
28,2026,시각디자인학과,예체능계열,27,101,28
28,2026,식품영양학과,자연계열,27,106,26
28,2026,신학과,인문계열,42,78,41
28,2026,언어청각치료학과,교육계열,28,157,26
28,2026,유아교육과,교육계열,22,85,22
28,2026,음악과,예체능계열,21,58,21
28,2026,응급구조학과,의약계열,40,346,40
28,2026,의료경영학과,사회계열,44,222,42
28,2026,의예과,의약계열,79,1549,79
28,2026,자율전공학부,공학계열,20,83,20
28,2026,작업치료학과,의약계열,57,413,55
28,2026,재활치료학과,의약계열,32,324,33
28,2026,태권도학과,예체능계열,33,105,33
28,2026,한국어교육학과,교육계열,33,37,33
29,2024,초등교육과,교육계열,383,1892,0
29,2025,초등교육과,교육계열,342,1749,0
29,2026,초등교육과,교육계열,342,2138,0
30,2024,기타모집단위,인문계열,2,0,0
30,2024,복지상담융합학부,사회계열,30,53,29
30,2024,신학과,인문계열,36,45,35
30,2024,유아교육과,교육계열,11,14,10
30,2024,음악학부,예체능계열,29,36,29
30,2024,한국어교육학과,교육계열,2,4,2
30,2025,복지상담융합학부,사회계열,29,39,29
30,2025,신학과,인문계열,35,48,35
30,2025,유아교육과,교육계열,10,12,10
30,2025,음악학부,예체능계열,29,43,29
30,2025,한국어교육학과,교육계열,25,25,25
30,2026,기타모집단위,인문계열,2,0,0
30,2026,복지상담융합학부,사회계열,30,39,29
30,2026,신학과,인문계열,36,44,35
30,2026,유아교육과,교육계열,11,14,10
30,2026,음악학부,예체능계열,29,51,29
30,2026,한국어교육학과,교육계열,19,19,19
31,2024,건축공학과,공학계열,34,607,34
31,2024,건축학과,공학계열,36,558,36
31,2024,게임콘텐츠학과,공학계열,31,200,31
31,2024,경영학부,사회계열,151,1932,151
31,2024,국어국문학과,인문계열,36,527,36
31,2024,국제통상학부,사회계열,63,838,63
31,2024,국제학부,사회계열,34,569,34
31,2024,금융부동산법무학과,사회계열,31,294,30
31,2024,동북아문화산업학부,사회계열,60,795,60
31,2024,로봇학부 정보제어?지능시스템전공,공학계열,69,731,69
31,2024,로봇학부 AI로봇전공,공학계열,75,826,75
31,2024,미디어커뮤니케이션학부,사회계열,104,1068,104
31,2024,반도체시스템공학부 반도체시스템공학전공,공학계열,58,589,58
31,2024,법학부,사회계열,102,1188,102
31,2024,산업심리학과,인문계열,44,453,44
31,2024,소프트웨어학부,공학계열,110,1074,110
31,2024,수학과,자연계열,45,437,45
31,2024,스마트전기전자학과,공학계열,16,156,16
31,2024,스포츠상담재활학과,예체능계열,16,61,16
31,2024,스포츠융합과학과,예체능계열,40,456,40
31,2024,영어산업학과,인문계열,40,485,40
31,2024,전기공학과,공학계열,80,674,80
31,2024,전자공학과,공학계열,151,1408,152
31,2024,전자바이오물리학과,자연계열,49,422,49
31,2024,전자융합공학과,공학계열,72,750,72
31,2024,전자재료공학과,공학계열,78,739,78
31,2024,전자통신공학과,공학계열,82,764,82
31,2024,정보융합학부,공학계열,95,1223,95
31,2024,컴퓨터정보공학부,공학계열,96,1023,96
31,2024,행정학과,사회계열,47,656,47
31,2024,화학공학과,공학계열,75,720,75
31,2024,화학과,자연계열,54,633,54
31,2024,환경공학과,자연계열,32,484,32
31,2025,건축공학과,공학계열,28,429,28
31,2025,건축학과,공학계열,32,535,32
31,2025,게임콘텐츠학과,공학계열,31,156,31
31,2025,경영학부 경영학전공,사회계열,123,2085,123
31,2025,경영학부 빅데이터경영전공,사회계열,43,953,43
31,2025,국어국문학과,인문계열,33,466,33
31,2025,국제통상학부,사회계열,70,798,69
31,2025,국제학부,사회계열,31,530,31
31,2025,금융부동산법무학과,사회계열,31,353,31
31,2025,동북아문화산업학부,사회계열,47,765,47
31,2025,로봇학부 정보제어?지능시스템전공,공학계열,24,233,24
31,2025,로봇학부 AI로봇전공,공학계열,76,946,76
31,2025,미디어커뮤니케이션학부,사회계열,98,1327,98
31,2025,반도체시스템공학부 반도체시스템공학전공,공학계열,80,709,80
31,2025,법학부,사회계열,74,1520,73
31,2025,산업심리학과,인문계열,35,602,35
31,2025,소프트웨어학부,공학계열,79,1181,79
31,2025,수학과,자연계열,33,396,33
31,2025,스마트전기전자학과,공학계열,30,241,28
31,2025,스포츠상담재활학과,예체능계열,30,100,29
31,2025,스포츠융합과학과,예체능계열,39,457,39
31,2025,영어산업학과,인문계열,33,518,33
31,2025,자율전공학부,무전공,408,3679,404
31,2025,전기공학과,공학계열,58,586,58
31,2025,전자공학과,공학계열,114,1443,114
31,2025,전자바이오물리학과,자연계열,36,497,36
31,2025,전자융합공학과,공학계열,52,641,52
31,2025,전자재료공학과,공학계열,53,884,53
31,2025,전자통신공학과,공학계열,62,702,62
31,2025,정보융합학부,공학계열,71,1217,71
31,2025,컴퓨터정보공학부,공학계열,71,853,71
31,2025,행정학과,사회계열,36,553,36
31,2025,화학공학과,공학계열,58,747,58
31,2025,화학과,자연계열,42,585,42
31,2025,환경공학과,자연계열,25,605,25
31,2026,건축공학과,공학계열,27,465,27
31,2026,건축학과,공학계열,34,458,34
31,2026,게임콘텐츠학과,공학계열,31,108,29
31,2026,경영학부 경영학전공,사회계열,112,1904,112
31,2026,경영학부 빅데이터경영전공,사회계열,44,599,44
31,2026,국어국문학과,인문계열,30,764,30
31,2026,국제통상학부,사회계열,64,716,64
31,2026,국제학부,사회계열,26,436,26
31,2026,금융부동산법무학과,사회계열,31,212,24
31,2026,동북아문화산업학부,사회계열,44,929,44
31,2026,로봇학부 AI로봇전공,공학계열,78,1039,78
31,2026,미디어커뮤니케이션학부,사회계열,75,1184,75
31,2026,반도체시스템공학부 반도체시스템공학전공,공학계열,65,624,65
31,2026,법학부,사회계열,72,1177,72
31,2026,산업심리학과,인문계열,33,520,33
31,2026,소프트웨어학부,공학계열,78,851,78
31,2026,수학과,자연계열,32,442,32
31,2026,스마트전기전자학과,공학계열,30,220,30
31,2026,스포츠상담재활학과,예체능계열,30,82,29
31,2026,스포츠융합과학과,예체능계열,40,359,40
31,2026,영어산업학과,인문계열,29,446,29
31,2026,자율전공학부,무전공,403,4936,403
31,2026,전기공학과,공학계열,57,510,57
31,2026,전자공학과,공학계열,116,1212,116
31,2026,전자바이오물리학과,자연계열,37,440,37
31,2026,전자융합공학과,공학계열,51,685,51
31,2026,전자재료공학과,공학계열,54,521,54
31,2026,전자통신공학과,공학계열,58,584,58
31,2026,정보융합학부,공학계열,73,909,73
31,2026,컴퓨터정보공학부,공학계열,72,901,72
31,2026,행정학과,사회계열,36,574,36
31,2026,화학공학과,공학계열,58,906,58
31,2026,화학과,자연계열,42,502,42
31,2026,환경공학과,자연계열,26,776,26
32,2024,신학과,인문계열,45,15,13
32,2025,신학과,인문계열,45,23,20
32,2026,신학과,인문계열,45,19,16
33,2024,기초교육학부,인문계열,200,3521,204
33,2024,반도체공학과,공학계열,30,516,28
33,2025,기초교육학부,인문계열,200,3663,222
33,2025,반도체공학과,공학계열,30,379,24
33,2026,도전탐색과정,무전공,200,3909,253
33,2026,반도체공학과,공학계열,30,408,36
34,2024,초등교육과,교육계열,353,1308,343
34,2025,초등교육과(심화전공탐색과정),교육계열,316,1484,306
34,2026,초등교육과(심화전공탐색과정),교육계열,326,2011,316
35,2024,간호학과,의약계열,218,1715,218
35,2024,건축학부,공학계열,53,183,45
35,2024,경영학과,사회계열,31,121,42
35,2024,경찰학과,사회계열,63,204,35
35,2024,공과대학,공학계열,0,122,0
35,2024,국방학과,사회계열,20,25,17
35,2024,기계자동차공학부,공학계열,21,72,26
35,2024,기타모집단위,인문계열,23,0,0
35,2024,도시?부동산학과,사회계열,20,31,13
35,2024,무역유통학과,사회계열,24,35,30
35,2024,문예창작과,인문계열,31,105,25
35,2024,문헌정보학과,인문계열,31,102,18
35,2024,문화산업대학(문화),사회계열,0,40,0
35,2024,문화산업대학(예체능),예체능계열,0,88,0
35,2024,보건복지대학,사회계열,0,112,0
35,2024,보건행정학부,사회계열,45,158,66
35,2024,뷰티미용학과,예체능계열,42,271,43
35,2024,사이버보안경찰학과,사회계열,20,50,21
35,2024,사진영상학과,예체능계열,20,67,15
35,2024,사회복지학부,사회계열,71,242,60
35,2024,산업디자인학과,예체능계열,20,68,13
35,2024,소방행정학과,사회계열,38,147,29
35,2024,스포츠과학부,예체능계열,54,172,61
35,2024,시각영상디자인학과,예체능계열,21,128,20
35,2024,식품영양학과,자연계열,25,121,23
35,2024,심리학과,인문계열,26,92,57
35,2024,아동학과,사회계열,20,44,24
35,2024,언어치료학과,교육계열,20,35,13
35,2024,유아교육과,교육계열,61,208,50
35,2024,응급구조학과,의약계열,37,161,32
35,2024,인문사회과학대학,인문계열,0,248,0
35,2024,인테리어디자인학과,예체능계열,26,105,22
35,2024,작업치료학과,의약계열,48,237,37
35,2024,전기공학과,공학계열,20,101,24
35,2024,청소년상담ㆍ평생교육학과,교육계열,20,55,21
35,2024,컴퓨터공학과,공학계열,30,90,29
35,2024,토목공학과,공학계열,20,58,13
35,2024,패션?주얼리디자인학부,예체능계열,31,102,32
35,2024,한국어교육과,교육계열,3,6,4
35,2024,항공서비스학과,사회계열,20,71,20
35,2024,호텔관광경영학부,사회계열,22,78,20
35,2024,호텔외식조리학과,자연계열,44,270,45
35,2024,회계세무학과,사회계열,25,50,17
35,2024,AI소프트웨어학과,공학계열,21,49,15
35,2025,간호학과,의약계열,237,1968,237
35,2025,건축학부,공학계열,53,201,43
35,2025,경영학과,사회계열,34,194,22
35,2025,경찰행정학과,사회계열,42,244,38
35,2025,공과대학,공학계열,0,134,40
35,2025,기계자동차공학부,공학계열,21,96,11
35,2025,기타모집단위,인문계열,23,0,0
35,2025,도시?부동산학과,사회계열,20,31,7
35,2025,무역유통학과,사회계열,23,37,6
35,2025,문예창작과,인문계열,31,122,25
35,2025,문헌정보학과,인문계열,32,121,27
35,2025,문화산업대학(문화),무전공,0,44,16
35,2025,문화산업대학(예체능),예체능계열,0,84,43
35,2025,반려동물보건산업학과,자연계열,36,182,34
35,2025,보건복지대학,무전공,0,88,26
35,2025,보건행정학부,사회계열,45,152,24
35,2025,뷰티미용학과,예체능계열,43,297,37
35,2025,사이버보안경찰학과,사회계열,20,57,9
35,2025,사진영상학과,예체능계열,21,76,13
35,2025,사회복지학부,사회계열,62,269,45
35,2025,산업디자인학과,예체능계열,20,73,13
35,2025,소방행정학과,사회계열,31,183,26
35,2025,스포츠과학부,예체능계열,72,262,63
35,2025,시각영상디자인학과,예체능계열,20,150,16
35,2025,식품영양학과,자연계열,26,141,18
35,2025,심리학과,인문계열,20,96,13
35,2025,아동학과,사회계열,20,45,6
35,2025,언어치료학과,교육계열,20,66,4
35,2025,유아교육과,교육계열,62,257,44
35,2025,응급구조학과,의약계열,40,315,31
35,2025,인문사회과학대학,인문계열,0,174,109
35,2025,인테리어디자인학과,예체능계열,25,117,19
35,2025,작업치료학과,의약계열,48,218,28
35,2025,전기공학과,공학계열,20,108,10
35,2025,청소년상담ㆍ평생교육학과,교육계열,20,53,14
35,2025,컴퓨터공학과,공학계열,26,124,17
35,2025,토목공학과,공학계열,20,59,5
35,2025,패션주얼리디자인학과,예체능계열,21,107,13
35,2025,항공서비스학과,사회계열,20,86,14
35,2025,호텔조리제과제빵학과,자연계열,40,335,34
35,2025,회계세무학과,사회계열,25,62,7
35,2025,AI소프트웨어학과,공학계열,20,46,3
35,2026,간호학과,의약계열,237,2197,237
35,2026,건축공학과,공학계열,16,39,9
35,2026,건축학과,공학계열,38,171,37
35,2026,경영학과,사회계열,20,129,14
35,2026,경찰행정학과,사회계열,33,232,31
35,2026,공과대학,공학계열,26,330,63
35,2026,글로벌콘텐츠학부,사회계열,57,72,57
35,2026,글로컬미래설계학부,인문계열,34,87,34
35,2026,기계자동차공학과,공학계열,16,105,8
35,2026,도시·부동산학과,사회계열,16,25,5
35,2026,무역유통학과,사회계열,15,33,9
35,2026,문예창작과,인문계열,26,177,25
35,2026,문헌정보학과,인문계열,24,126,20
35,2026,문화산업대학(문화),무전공,20,136,31
35,2026,문화산업대학(예체능),예체능계열,55,378,94
35,2026,반려동물보건산업학과,자연계열,26,181,19
35,2026,보건복지대학,무전공,32,219,52
35,2026,보건행정학과,사회계열,37,234,37
35,2026,뷰티미용학과,예체능계열,35,276,33
35,2026,사진영상미디어학과,예체능계열,17,92,14
35,2026,사회복지학부,사회계열,52,254,46
35,2026,산업디자인학과,예체능계열,16,57,6
35,2026,소방행정학과,사회계열,24,141,21
35,2026,스포츠과학부,예체능계열,49,220,46
35,2026,시각영상디자인학과,예체능계열,27,118,24
35,2026,식품영양학과,자연계열,19,107,16
35,2026,심리학과,인문계열,16,80,15
35,2026,유아교육과,교육계열,62,331,61
35,2026,응급구조학과,의약계열,29,350,25
35,2026,인문사회과학대학,인문계열,56,538,107
35,2026,인테리어디자인학과,예체능계열,22,68,14
35,2026,작업치료학과,의약계열,48,365,47
35,2026,전기공학과,공학계열,15,100,12
35,2026,창의융합학부,인문계열,40,73,40
35,2026,청소년상담ㆍ평생교육학과,교육계열,16,47,5
35,2026,컴퓨터공학과,공학계열,30,106,18
35,2026,태권도학과,예체능계열,26,33,26
35,2026,토목공학과,공학계열,15,58,8
35,2026,패션주얼리디자인학과,예체능계열,24,88,14
35,2026,항공서비스학과,사회계열,16,68,12
35,2026,호텔조리제과제빵학과,자연계열,34,276,28
35,2026,회계세무학과,사회계열,19,34,10
36,2024,간호학과,의약계열,171,1328,170
36,2024,경찰행정학과,사회계열,30,59,12
36,2024,국제학부,사회계열,40,64,23
36,2024,물리치료학과,의약계열,45,351,43
36,2024,미래융합학부,사회계열,50,110,70
36,2024,미래융합학부(반려동물복지학과),자연계열,5,4,1
36,2024,미래융합학부(뷰티산업학과),예체능계열,5,12,4
36,2024,미래융합학부(사회복지상담학과),사회계열,20,24,6
36,2024,미래융합학부(언어재활심리학과),의약계열,10,11,10
36,2024,미래융합학부(영양식품학과),자연계열,10,11,9
36,2024,미용과학부,예체능계열,98,394,67
36,2024,반려동물보건학과,자연계열,30,142,20
36,2024,보건행정학과,사회계열,25,59,7
36,2024,사회복지학과,사회계열,30,93,22
36,2024,상담심리학과,인문계열,25,71,15
36,2024,스포츠학과,예체능계열,25,43,17
36,2024,식품영양학과,자연계열,20,77,3
36,2024,실내건축디자인학과,예체능계열,25,76,19
36,2024,언어치료학과,교육계열,20,36,2
36,2024,유아교육과,교육계열,44,189,41
36,2024,자율전공학부 1,사회계열,0,138,101
36,2024,자율전공학부 2,자연계열,0,126,60
36,2024,작업치료학과,의약계열,20,53,9
36,2024,치위생학과,의약계열,35,280,28
36,2024,특수교육과(중등특수교육전공),교육계열,18,42,12
36,2024,특수교육과(초등특수교육전공),교육계열,22,57,22
36,2024,항공서비스학과,사회계열,72,241,38
36,2024,호텔관광경영학과,사회계열,25,40,2
36,2024,AI미디어콘텐츠학과,공학계열,25,35,9
36,2025,간호학과,의약계열,213,1353,213
36,2025,경찰행정학과,사회계열,30,59,9
36,2025,글로벌융합학부,사회계열,100,163,78
36,2025,물리치료학과,의약계열,43,388,43
36,2025,미래융합학부,사회계열,35,49,45
36,2025,미래융합학부(마음교육학과),인문계열,10,13,10
36,2025,미래융합학부(뷰티산업학과),예체능계열,10,24,10
36,2025,미래융합학부(사회복지상담학과),사회계열,20,24,10
36,2025,미래융합학부(언어재활심리학과),의약계열,15,24,15
36,2025,미래융합학부(영양식품학과),자연계열,10,11,10
36,2025,미용과학부,예체능계열,81,359,62
36,2025,반려동물보건학과,자연계열,33,144,32
36,2025,보건행정학과,사회계열,25,46,6
36,2025,사회복지학과,사회계열,30,90,12
36,2025,상담심리학과,인문계열,25,68,16
36,2025,스포츠학과,예체능계열,25,60,21
36,2025,식품콘텐츠학과,자연계열,20,26,2
36,2025,실내건축디자인학과,예체능계열,25,45,10
36,2025,유아교육과,교육계열,43,161,42
36,2025,자율전공학부 1,사회계열,0,114,52
36,2025,자율전공학부 2,무전공,0,142,70
36,2025,초등특수교육과,교육계열,22,65,22
36,2025,치위생학과,의약계열,37,198,37
36,2025,한국어교육학과,교육계열,1,16,0
36,2025,항공서비스학과,사회계열,69,318,65
36,2025,AI미디어콘텐츠학과,공학계열,25,71,25
36,2026,간호학과,의약계열,212,1438,212
36,2026,경찰행정학과,사회계열,25,53,19
36,2026,글로벌융합학부,사회계열,70,158,98
36,2026,물리치료학과,의약계열,43,264,43
36,2026,미래융합학부,사회계열,30,47,40
36,2026,미래융합학부(마음교육학과),인문계열,10,13,9
36,2026,미래융합학부(뷰티산업학과),예체능계열,20,45,19
36,2026,미래융합학부(사회복지상담학과),사회계열,12,24,12
36,2026,미래융합학부(언어재활심리학과),의약계열,10,16,9
36,2026,미래융합학부(영양식품학과),자연계열,20,26,13
36,2026,미용과학과,예체능계열,80,433,71
36,2026,반려동물보건학과,자연계열,30,187,30
36,2026,사회복지학과,사회계열,25,87,24
36,2026,상담심리학과,인문계열,25,57,16
36,2026,스포츠재활학과,예체능계열,29,74,23
36,2026,식품콘텐츠학과,자연계열,20,27,3
36,2026,실내건축디자인학과,예체능계열,25,42,7
36,2026,유아교육과,교육계열,42,193,42
36,2026,융합학부,자연계열,0,105,73
36,2026,자유전공학부,무전공,36,248,34
36,2026,초등특수교육과,교육계열,22,59,22
36,2026,치위생학과,의약계열,45,262,45
36,2026,한국어교육학과,교육계열,1,7,1
36,2026,항공서비스학과,사회계열,66,339,60
36,2026,화장품학과,공학계열,20,33,14
36,2026,AI미디어콘텐츠학과,공학계열,25,96,24
37,2025,간호학부,의약계열,81,587,80
37,2025,건설?환경?건축공학부,공학계열,68,182,35
37,2025,건설시스템공학전공,공학계열,4,12,3
37,2025,건축공학전공,공학계열,5,14,2
37,2025,경영학전공,사회계열,5,17,5
37,2025,경제학전공,사회계열,3,8,1
37,2025,공공수요인재대학,공학계열,98,173,38
37,2025,공연예술음악학전공,예체능계열,13,13,6
37,2025,교육공학과,교육계열,20,51,19
37,2025,국어교육과,교육계열,16,113,16
37,2025,국어국문학전공,인문계열,3,13,3
37,2025,기계공학전공,공학계열,4,4,1
37,2025,기계교육과,교육계열,28,77,28
37,2025,데이터과학전공,공학계열,2,2,0
37,2025,동물생명공학과,자연계열,4,6,2
37,2025,디지털ICT공학전공,공학계열,3,3,0
37,2025,로봇공학전공,공학계열,3,5,1
37,2025,모빌리티디자인공학과,공학계열,5,5,1
37,2025,무역학전공,사회계열,3,4,2
37,2025,문화관광학전공,사회계열,2,3,1
37,2025,문화유산학전공,인문계열,3,10,3
37,2025,미디어문화커뮤니케이션학전공,사회계열,4,19,4
37,2025,미술학전공,예체능계열,18,59,16
37,2025,바이오생명공학부,자연계열,163,348,78
37,2025,반도체신소재공학전공,공학계열,3,4,1
37,2025,백신생명공학전공,자연계열,6,18,6
37,2025,법학전공,사회계열,4,9,3
37,2025,사학전공,인문계열,5,20,4
37,2025,사회과학부,사회계열,151,263,60
37,2025,사회복지?상담학부,사회계열,59,285,57
37,2025,산림과학전공,자연계열,5,22,5
37,2025,생명과학?공과대학,공학계열,0,412,172
37,2025,생명과학전공,자연계열,4,7,3
37,2025,성인학습자학부,사회계열,30,34,14
37,2025,소방방재학과,공학계열,5,21,4
37,2025,소프트웨어융합전공,공학계열,5,13,4
37,2025,수학교육과,교육계열,20,61,19
37,2025,스마트모빌리티공학과,공학계열,41,143,39
37,2025,스마트센서공학전공,공학계열,3,2,0
37,2025,스마트원예과학전공,자연계열,5,37,4
37,2025,식물의학전공,자연계열,4,6,2
37,2025,식품생명공학전공,자연계열,5,5,2
37,2025,식품영양학과,자연계열,28,116,27
37,2025,신소재에너지공학전공,공학계열,2,1,0
37,2025,영어교육과,교육계열,23,101,23
37,2025,유아교육과,교육계열,30,138,29
37,2025,윤리교육과,교육계열,17,87,16
37,2025,응급구조학과,의약계열,4,15,2
37,2025,인문?문화학부,인문계열,97,189,39
37,2025,인문사회?IT대학,인문계열,0,502,178
37,2025,자유전공학부,인문계열,157,610,153
37,2025,전기?신소재공학부,공학계열,44,114,31
37,2025,전기에너지공학전공,공학계열,3,6,3
37,2025,전기전자교육과,교육계열,28,106,28
37,2025,전자?기계공학부,공학계열,100,173,40
37,2025,전자공학전공,공학계열,5,7,2
37,2025,중국어문?문화학전공,인문계열,2,6,1
37,2025,지구환경과학전공,자연계열,2,6,1
37,2025,체육학전공,예체능계열,40,116,35
37,2025,컴퓨터공학과,공학계열,0,1,0
37,2025,컴퓨터공학전공,공학계열,6,15,3
37,2025,컴퓨터교육과,교육계열,28,130,27
37,2025,컴퓨터ㆍ소프트웨어공학부,공학계열,51,183,34
37,2025,패션라이프스타일학전공,자연계열,28,67,18
37,2025,한자문화콘텐츠학전공,인문계열,2,2,0
37,2025,행정학전공,사회계열,5,17,5
37,2025,화학생명공학전공,자연계열,3,3,0
37,2025,환경공학전공,자연계열,3,3,0
37,2025,회계세무학전공,사회계열,5,5,3
37,2026,간호학부,의약계열,81,638,81
37,2026,건설시스템공학전공,공학계열,5,6,0
37,2026,건설ㆍ환경ㆍ건축공학부,공학계열,68,209,47
37,2026,건축공학전공,공학계열,6,8,4
37,2026,경기지도학과,예체능계열,6,7,4
37,2026,경영학부,사회계열,72,164,41
37,2026,경영학전공,사회계열,8,18,8
37,2026,경제학전공,사회계열,3,3,2
37,2026,공공수요인재대학,공학계열,84,428,98
37,2026,공연예술음악학전공,예체능계열,9,5,1
37,2026,관광경영학전공,사회계열,2,6,0
37,2026,교육공학과,교육계열,19,84,19
37,2026,국어교육과,교육계열,16,136,16
37,2026,국어국문학전공,인문계열,5,13,5
37,2026,기계공학전공,공학계열,4,7,2
37,2026,기계교육과,교육계열,28,91,28
37,2026,데이터과학전공,공학계열,2,2,0
37,2026,동물생명공학과,자연계열,6,13,1
37,2026,디지털ICT공학전공,공학계열,3,3,1
37,2026,로봇공학전공,공학계열,3,4,2
37,2026,모빌리티디자인공학과,공학계열,7,6,2
37,2026,무역학전공,사회계열,3,4,2
37,2026,문화유산학전공,인문계열,4,13,4
37,2026,미디어문화커뮤니케이션학전공,사회계열,5,54,5
37,2026,미술학전공,예체능계열,6,32,6
37,2026,바이오생명공학부,자연계열,62,164,41
37,2026,반도체신소재공학전공,공학계열,3,5,0
37,2026,백신생명공학전공,자연계열,9,13,9
37,2026,법학전공,사회계열,5,18,3
37,2026,법ㆍ행정ㆍ경제학부,사회계열,60,151,52
37,2026,사학전공,인문계열,6,39,6
37,2026,사회복지ㆍ상담학부,사회계열,59,379,50
37,2026,산림과학전공,자연계열,6,15,4
37,2026,생명과학전공,자연계열,5,11,4
37,2026,생명과학ㆍ공과대학,공학계열,0,1253,171
37,2026,성인학습자학부(정원외),사회계열,40,44,18
37,2026,소방방재학과,공학계열,7,35,5
37,2026,소프트웨어융합전공,공학계열,6,12,6
37,2026,수학교육과,교육계열,21,131,20
37,2026,스마트그린학부,자연계열,98,216,65
37,2026,스마트모빌리티공학과,공학계열,42,208,41
37,2026,스마트센서공학전공,공학계열,3,3,0
37,2026,스마트원예과학전공,자연계열,6,27,4
37,2026,식물의학전공,자연계열,4,12,4
37,2026,식품생명공학전공,자연계열,5,7,3
37,2026,식품영양학과,자연계열,28,136,25
37,2026,신소재에너지공학전공,공학계열,3,3,0
37,2026,영어교육과,교육계열,23,153,23
37,2026,유아교육과,교육계열,30,330,30
37,2026,윤리교육과,교육계열,17,137,16
37,2026,응급구조학과,의약계열,6,65,5
37,2026,인문사회ㆍIT대학,인문계열,0,1078,137
37,2026,인문ㆍ문화학부,인문계열,93,224,69
37,2026,자유전공학부,무전공,155,1137,155
37,2026,전기에너지공학전공,공학계열,4,7,4
37,2026,전기전자교육과,교육계열,28,138,28
37,2026,전기ㆍ신소재공학부,공학계열,42,121,27
37,2026,전자공학전공,공학계열,5,7,3
37,2026,전자ㆍ기계공학부,공학계열,98,222,51
37,2026,중국어문ㆍ문화학전공,인문계열,2,4,2
37,2026,지구환경과학전공,자연계열,2,7,2
37,2026,체육학전공,예체능계열,40,205,39
37,2026,컴퓨터공학전공,공학계열,8,22,7
37,2026,컴퓨터교육과,교육계열,28,177,28
37,2026,패션·예술·체육학부,예체능계열,33,86,23
37,2026,패션라이프스타일학전공,자연계열,9,18,4
37,2026,한자문화콘텐츠학전공,인문계열,2,3,2
37,2026,행정학전공,사회계열,6,15,6
37,2026,화학생명공학전공,자연계열,3,6,1
37,2026,환경공학전공,자연계열,3,4,1
37,2026,회계세무학전공,사회계열,6,8,2
37,2026,IT융합공학부,공학계열,63,125,34
38,2024,가구리빙디자인학과,예체능계열,18,165,18
38,2024,간호학과,의약계열,70,734,71
38,2024,건축학과,공학계열,36,315,35
38,2024,게임디자인학과,예체능계열,38,466,37
38,2024,경영?금융교육과,교육계열,19,97,18
38,2024,경영학과,사회계열,69,413,51
38,2024,경제통상학부,사회계열,57,506,56
38,2024,관광&영어통역융복합학과,사회계열,37,181,37
38,2024,관광경영학과,사회계열,41,341,41
38,2024,광공학과,공학계열,27,138,27
38,2024,교육학과,교육계열,15,277,15
38,2024,국어교육과,교육계열,34,225,34
38,2024,국제학부,사회계열,31,163,30
38,2024,그린스마트건축공학과,공학계열,35,271,34
38,2024,금형공학과,공학계열,30,16,13
38,2024,기계자동차공학부,공학계열,162,878,139
38,2024,기술?가정교육과,교육계열,15,83,15
38,2024,기타모집단위,인문계열,54,0,0
38,2024,대기과학과,자연계열,33,172,32
38,2024,데이터정보물리학과,자연계열,34,293,34
38,2024,도시?교통공학과,공학계열,27,156,26
38,2024,도자문화융합디자인학과,예체능계열,17,118,17
38,2024,독어독문학과,인문계열,26,168,27
38,2024,동물자원학과,자연계열,34,355,33
38,2024,디자인컨버전스학과,예체능계열,40,282,39
38,2024,디지털융합금형공학과,공학계열,20,143,20
38,2024,만화애니메이션학부,예체능계열,42,1133,43
38,2024,무용학과,예체능계열,26,71,23
38,2024,문헌정보교육과,교육계열,25,257,25
38,2024,문화재보존과학과,인문계열,20,88,19
38,2024,물리교육과,교육계열,18,102,18
38,2024,미래자동차공학과,공학계열,34,194,33
38,2024,미술교육과,교육계열,23,101,23
38,2024,법학과,사회계열,34,200,33
38,2024,보건행정학과,사회계열,40,306,37
38,2024,부동산학과,사회계열,19,115,18
38,2024,불어불문학과,인문계열,26,166,25
38,2024,사학과,인문계열,26,261,25
38,2024,사회복지학과,사회계열,35,340,35
38,2024,산림과학과,자연계열,33,174,33
38,2024,산업경영공학과,공학계열,40,18,18
38,2024,산업공학과,공학계열,29,131,28
38,2024,산업유통학과,사회계열,18,125,18
38,2024,생명과학과,자연계열,38,322,37
38,2024,생물교육과,교육계열,19,141,19
38,2024,생산기계공학과,공학계열,40,17,17
38,2024,생산기술공학과,공학계열,80,38,33
38,2024,생활체육지도학과,예체능계열,18,76,18
38,2024,소프트웨어학과,공학계열,49,370,49
38,2024,수산생명의학과,자연계열,25,188,25
38,2024,수학교육과,교육계열,34,235,34
38,2024,스마트인프라공학과,공학계열,45,359,44
38,2024,스마트정보기술공학과,공학계열,32,227,31
38,2024,스마트팜공학과,자연계열,29,167,27
38,2024,식물자원학과,자연계열,51,192,33
38,2024,식물자원학과(야간),자연계열,30,10,5
38,2024,식품공학과,자연계열,46,166,45
38,2024,식품영양학과,자연계열,28,197,27
38,2024,신소재공학부,공학계열,75,376,74
38,2024,역사교육과,교육계열,20,178,20
38,2024,영상학과,예체능계열,37,386,37
38,2024,영어교육과,교육계열,39,366,39
38,2024,영어영문학과,인문계열,35,274,35
38,2024,외식상품학과,사회계열,24,112,19
38,2024,원예학과,자연계열,46,300,34
38,2024,유아교육과,교육계열,35,269,35
38,2024,윤리교육과,교육계열,17,192,17
38,2024,음악교육과,교육계열,24,148,24
38,2024,응급구조학과,의약계열,29,327,29
38,2024,응용수학과,자연계열,34,134,33
38,2024,의료정보학과,의약계열,29,153,28
38,2024,의류상품학과,자연계열,25,181,21
38,2024,인공지능학부,공학계열,35,195,35
38,2024,일반사회교육과,교육계열,18,141,18
38,2024,전기전자공학과,공학계열,40,20,18
38,2024,전기전자응용공학과,공학계열,30,24,24
38,2024,전기전자제어공학부,공학계열,181,886,177
38,2024,정보통신공학과,공학계열,35,186,34
38,2024,조경학과,공학계열,27,148,26
38,2024,주얼리?금속디자인학과,예체능계열,20,208,19
38,2024,중어중문학과,인문계열,39,219,38
38,2024,지구과학교육과,교육계열,19,142,19
38,2024,지능형모빌리티공학과,공학계열,25,118,25
38,2024,지리교육과,교육계열,21,183,21
38,2024,지리학과,자연계열,27,163,27
38,2024,지역건설공학과,공학계열,27,157,26
38,2024,지역사회개발학과,사회계열,19,140,18
38,2024,지질환경과학과,자연계열,33,197,32
38,2024,체육교육과,교육계열,18,237,18
38,2024,컴퓨터공학과,공학계열,49,546,49
38,2024,컴퓨터교육과,교육계열,18,108,18
38,2024,특수교육과,교육계열,50,228,50
38,2024,특수동물학과,자연계열,28,364,28
38,2024,한문교육과,교육계열,24,134,23
38,2024,행정학과,사회계열,36,340,36
38,2024,화학공학부,공학계열,70,393,69
38,2024,화학과,자연계열,35,207,34
38,2024,화학교육과,교육계열,18,65,18
38,2024,환경공학과,자연계열,36,237,35
38,2024,환경교육과,교육계열,18,93,18
38,2025,가구리빙디자인학과,예체능계열,18,241,18
38,2025,간호학과,의약계열,70,834,71
38,2025,건축학과,공학계열,26,326,26
38,2025,게임디자인학과,예체능계열,37,477,37
38,2025,경영?금융교육과,교육계열,19,122,19
38,2025,경영학과,사회계열,30,381,57
38,2025,경영학과(성인학습자전담과정),사회계열,3,9,3
38,2025,경제통상학부,사회계열,43,458,42
38,2025,관광&영어통역융복합학과,사회계열,29,304,29
38,2025,관광경영학과,사회계열,31,411,30
38,2025,광공학과,공학계열,18,92,18
38,2025,교육학과,교육계열,15,123,15
38,2025,국어교육과,교육계열,34,297,34
38,2025,국제학부,사회계열,23,240,21
38,2025,그린스마트건축공학과,공학계열,24,202,24
38,2025,금형공학과,공학계열,30,17,13
38,2025,기계자동차공학부,공학계열,90,761,108
38,2025,기술?가정교육과,교육계열,15,100,15
38,2025,기타모집단위,인문계열,204,0,0
38,2025,대기과학과,자연계열,25,200,24
38,2025,데이터정보물리학과,자연계열,26,322,26
38,2025,도시?교통공학과,공학계열,17,144,17
38,2025,도자문화융합디자인학과,예체능계열,18,197,18
38,2025,독어독문학과,인문계열,19,116,19
38,2025,동물자원학과,자연계열,24,349,24
38,2025,디자인컨버전스학과,예체능계열,40,311,40
38,2025,디지털융합금형공학과,공학계열,14,174,14
38,2025,만화애니메이션학부,예체능계열,39,1433,39
38,2025,무용학과,예체능계열,27,89,23
38,2025,문헌정보교육과,교육계열,25,240,25
38,2025,문화재보존과학과,인문계열,16,116,15
38,2025,물리교육과,교육계열,18,61,18
38,2025,미래자동차공학과,공학계열,23,138,22
38,2025,미술교육과,교육계열,23,101,23
38,2025,법학과,사회계열,27,256,28
38,2025,보건행정학과,사회계열,40,291,40
38,2025,부동산학과,사회계열,14,104,14
38,2025,불어불문학과,인문계열,20,254,19
38,2025,사학과,인문계열,20,265,19
38,2025,사회복지학과,사회계열,27,408,28
38,2025,산림과학과,자연계열,22,158,22
38,2025,산업경영공학과,공학계열,40,18,16
38,2025,산업공학과,공학계열,20,152,20
38,2025,산업유통학과,사회계열,12,94,12
38,2025,생명과학과,자연계열,30,378,30
38,2025,생물교육과,교육계열,19,129,19
38,2025,생산기계공학과,공학계열,40,0,0
38,2025,생산기술공학과,공학계열,80,27,25
38,2025,생활체육지도학과,예체능계열,18,76,18
38,2025,소프트웨어학과,공학계열,34,239,33
38,2025,수산생명의학과,자연계열,25,238,25
38,2025,수학교육과,교육계열,34,346,34
38,2025,스마트인프라공학과,공학계열,45,266,44
38,2025,스마트정보기술공학과,공학계열,21,119,20
38,2025,스마트팜공학과,자연계열,18,155,18
38,2025,식물자원학과,자연계열,40,132,26
38,2025,식물자원학과(성인학습자전담과정),자연계열,3,3,3
38,2025,식물자원학과(야간),자연계열,0,11,6
38,2025,식품공학과,자연계열,38,146,31
38,2025,식품공학과(성인학습자전담과정),자연계열,3,5,3
38,2025,식품영양학과,자연계열,20,207,19
38,2025,신소재공학부,공학계열,51,481,49
38,2025,역사교육과,교육계열,20,163,20
38,2025,영상학과,예체능계열,37,493,37
38,2025,영어교육과,교육계열,39,333,38
38,2025,영어영문학과,인문계열,28,237,27
38,2025,외식상품학과,사회계열,19,75,14
38,2025,원예학과,자연계열,27,215,27
38,2025,원예학과(성인학습자전담과정),자연계열,3,7,3
38,2025,유아교육과,교육계열,35,271,35
38,2025,윤리교육과,교육계열,18,207,18
38,2025,음악교육과,교육계열,24,93,24
38,2025,응급구조학과,의약계열,29,386,29
38,2025,응용수학과,자연계열,26,146,25
38,2025,의료정보학과,의약계열,30,225,30
38,2025,의류상품학과,자연계열,22,172,23
38,2025,인공지능학부,공학계열,35,209,35
38,2025,일반사회교육과,교육계열,19,125,19
38,2025,자율전공학부(공주캠퍼스),무전공,58,920,58
38,2025,자율전공학부(산업과학대학),무전공,105,648,105
38,2025,자율전공학부(인문사회과학대학),무전공,59,657,59
38,2025,자율전공학부(자연과학대학),무전공,39,257,39
38,2025,자율전공학부(천안공과대학),무전공,262,1765,262
38,2025,전기전자공학과,공학계열,40,25,24
38,2025,전기전자응용공학과,공학계열,30,31,29
38,2025,전기전자제어공학부,공학계열,101,915,142
38,2025,전기전자제어공학부(성인학습자전담과정),공학계열,6,14,6
38,2025,정보통신공학과,공학계열,24,175,23
38,2025,조경학과,공학계열,18,136,19
38,2025,주얼리?금속디자인학과,예체능계열,19,141,19
38,2025,중어중문학과,인문계열,30,261,29
38,2025,지구과학교육과,교육계열,19,113,19
38,2025,지능형모빌리티공학과,공학계열,25,155,25
38,2025,지리교육과,교육계열,20,206,20
38,2025,지리학과,자연계열,20,180,19
38,2025,지역건설공학과,공학계열,18,93,17
38,2025,지역사회개발학과,사회계열,13,74,12
38,2025,지질환경과학과,자연계열,25,176,24
38,2025,체육교육과,교육계열,19,254,19
38,2025,컴퓨터공학과,공학계열,37,327,34
38,2025,컴퓨터교육과,교육계열,18,111,18
38,2025,특수교육과,교육계열,50,335,49
38,2025,특수동물학과,자연계열,20,360,20
38,2025,한문교육과,교육계열,24,142,24
38,2025,행정학과,사회계열,28,268,28
38,2025,화학공학부,공학계열,46,289,46
38,2025,화학과,자연계열,28,278,27
38,2025,화학교육과,교육계열,18,153,18
38,2025,환경공학과,자연계열,24,188,23
38,2025,환경교육과,교육계열,19,102,19
38,2026,가구리빙디자인학과,예체능계열,18,269,18
38,2026,간호학과,의약계열,69,776,68
38,2026,건축학과,공학계열,26,353,25
38,2026,게임디자인학과,예체능계열,36,468,36
38,2026,경영·금융교육과,교육계열,19,155,19
38,2026,경영학과,사회계열,27,355,60
38,2026,경영학과(성인학습자전담과정),사회계열,6,14,6
38,2026,경제통상학부,사회계열,47,403,46
38,2026,관광&영어통역융복합학과,사회계열,30,405,29
38,2026,관광경영학과,사회계열,32,251,31
38,2026,광공학과,공학계열,18,212,18
38,2026,교육학과,교육계열,15,148,15
38,2026,국어교육과,교육계열,34,287,34
38,2026,국제학부,사회계열,23,314,22
38,2026,그린스마트건축공학과,공학계열,23,213,23
38,2026,금형공학과,공학계열,30,12,12
38,2026,기계자동차공학부,공학계열,87,878,101
38,2026,기술·가정교육과,교육계열,15,140,15
38,2026,기타모집단위,인문계열,204,0,0
38,2026,대기과학과,자연계열,26,236,26
38,2026,데이터정보물리학과,자연계열,27,202,27
38,2026,도시·교통공학과,공학계열,17,114,17
38,2026,도자문화융합디자인학과,예체능계열,19,241,19
38,2026,독어독문학과,인문계열,18,125,18
38,2026,동물자원학과,자연계열,25,417,23
38,2026,디자인컨버전스학과,예체능계열,40,252,39
38,2026,디지털융합금형공학과,공학계열,13,159,13
38,2026,만화애니메이션학부,예체능계열,42,1325,43
38,2026,무용학과,예체능계열,25,68,22
38,2026,문헌정보교육과,교육계열,25,361,25
38,2026,문화재보존과학과,인문계열,17,96,17
38,2026,물리교육과,교육계열,18,108,18
38,2026,미래자동차공학과,공학계열,23,321,22
38,2026,미술교육과,교육계열,23,151,23
38,2026,법학과,사회계열,27,211,26
38,2026,보건행정학과,사회계열,40,340,40
38,2026,부동산학과,사회계열,14,100,13
38,2026,불어불문학과,인문계열,20,255,19
38,2026,사학과,인문계열,20,226,19
38,2026,사회복지학과,사회계열,27,494,27
38,2026,산림과학과,자연계열,21,114,21
38,2026,산업경영공학과,공학계열,40,16,14
38,2026,산업공학과,공학계열,19,196,19
38,2026,산업과학대학자율전공학부,무전공,70,517,70
38,2026,산업유통학과,사회계열,12,151,12
38,2026,생명과학과,자연계열,30,407,29
38,2026,생물교육과,교육계열,19,188,19
38,2026,생산기계공학과,공학계열,40,11,8
38,2026,생산기술공학과,공학계열,80,20,19
38,2026,소프트웨어학과,공학계열,34,225,33
38,2026,수산생명의학과,자연계열,25,267,25
38,2026,수학교육과,교육계열,34,273,34
38,2026,스마트인프라공학과,공학계열,45,341,45
38,2026,스마트정보기술공학과,공학계열,21,119,20
38,2026,스마트팜공학과,자연계열,18,161,18
38,2026,스포츠과학과,예체능계열,17,167,17
38,2026,식물자원학과,자연계열,20,127,21
38,2026,식물자원학과(성인학습자전담과정),자연계열,18,9,3
38,2026,식물자원학과(야간),자연계열,0,5,4
38,2026,식품공학과,자연계열,18,167,31
38,2026,식품공학과(성인학습자전담과정),자연계열,23,9,6
38,2026,식품영양학과,자연계열,20,161,19
38,2026,신소재공학부,공학계열,51,300,50
38,2026,역사교육과,교육계열,20,154,20
38,2026,영상학과,예체능계열,37,431,36
38,2026,영어교육과,교육계열,39,288,38
38,2026,영어영문학과,인문계열,27,317,26
38,2026,외식상품학과,사회계열,17,107,13
38,2026,원예학과,자연계열,25,191,25
38,2026,원예학과(성인학습자전담과정),자연계열,10,11,7
38,2026,유아교육과,교육계열,35,499,35
38,2026,윤리교육과,교육계열,18,166,18
38,2026,음악교육과,교육계열,24,76,24
38,2026,응급구조학과,의약계열,28,529,29
38,2026,응용수학과,자연계열,26,287,25
38,2026,의료정보학과,의약계열,30,290,29
38,2026,의류상품학과,자연계열,20,178,16
38,2026,인공지능학부,공학계열,35,201,35
38,2026,인문사회과학대학자율전공학부,무전공,59,815,59
38,2026,일반사회교육과,교육계열,19,156,19
38,2026,자연과학대학자율전공학부,자연계열,39,508,39
38,2026,자율전공학부(공주캠퍼스),무전공,58,432,58
38,2026,자율전공학부(예산캠퍼스),무전공,35,360,35
38,2026,자율전공학부(천안캠퍼스),무전공,87,583,87
38,2026,전기전자공학과,공학계열,40,15,13
38,2026,전기전자응용공학과,공학계열,30,30,28
38,2026,전기전자제어공학부,공학계열,100,829,138
38,2026,전기전자제어공학부(성인학습자전담과정),공학계열,6,18,7
38,2026,정보통신공학과,공학계열,23,176,22
38,2026,조경학과,공학계열,18,189,18
38,2026,주얼리·금속디자인학과,예체능계열,18,125,18
38,2026,중어중문학과,인문계열,29,342,27
38,2026,지구과학교육과,교육계열,19,154,19
38,2026,지능형모빌리티공학과,공학계열,25,219,25
38,2026,지리교육과,교육계열,20,180,20
38,2026,지리학과,자연계열,20,288,19
38,2026,지역건설공학과,공학계열,17,190,17
38,2026,지역사회개발학과,사회계열,14,94,13
38,2026,지질환경과학과,자연계열,25,220,25
38,2026,천안공과대학자율전공학부,공학계열,175,1515,175
38,2026,체육교육과,교육계열,19,221,19
38,2026,컴퓨터공학과,공학계열,36,305,35
38,2026,컴퓨터교육과,교육계열,18,159,18
38,2026,특수교육과,교육계열,50,475,50
38,2026,특수동물학과,자연계열,19,331,18
38,2026,한문교육과,교육계열,24,164,24
38,2026,행정학과,사회계열,28,292,27
38,2026,화학공학부,공학계열,46,263,46
38,2026,화학과,자연계열,26,178,25
38,2026,화학교육과,교육계열,17,123,17
38,2026,환경공학과,자연계열,24,225,23
38,2026,환경교육과,교육계열,19,152,19
39,2024,간호학부,의약계열,43,492,43
39,2024,건축공학부,공학계열,42,193,41
39,2024,경영학부,사회계열,62,235,61
39,2024,공간디자인융합기술학부,공학계열,32,99,30
39,2024,국어국문학과,인문계열,29,106,28
39,2024,국제물류학과,사회계열,30,96,28
39,2024,금융부동산경제학과,사회계열,28,95,27
39,2024,기계공학부,공학계열,103,296,90
39,2024,기관공학과,공학계열,17,52,16
39,2024,기타모집단위,인문계열,34,0,0
39,2024,무역학과,사회계열,35,145,34
39,2024,미디어문화학부,인문계열,32,163,32
39,2024,미술학과,예체능계열,20,71,19
39,2024,법행정경찰학부,사회계열,83,365,83
39,2024,벤처창업학과,사회계열,17,52,16
39,2024,사회복지학부,사회계열,43,212,42
39,2024,산업디자인학과,예체능계열,28,90,28
39,2024,생명과학과,자연계열,25,96,24
39,2024,수산생명의학과,자연계열,33,187,33
39,2024,수학과,자연계열,23,61,22
39,2024,식품생명과학부(식품생명공학전공),자연계열,29,113,28
39,2024,식품생명과학부(식품영양학전공),자연계열,34,112,32
39,2024,신소재공학과,공학계열,23,114,21
39,2024,아동학부,사회계열,32,129,31
39,2024,에너지신산업학부,공학계열,40,97,40
39,2024,역사학과,인문계열,21,114,20
39,2024,영어영문학과,인문계열,30,95,29
39,2024,음악과,예체능계열,30,80,30
39,2024,의류학부,자연계열,32,121,30
39,2024,일어일문학과,인문계열,33,172,31
39,2024,자율전공학부,공학계열,91,554,91
39,2024,전기공학과,공학계열,44,216,42
39,2024,전자공학과,공학계열,35,100,33
39,2024,조선공학과,공학계열,24,71,20
39,2024,중어중문학과,인문계열,42,85,42
39,2024,철학과,인문계열,19,78,18
39,2024,첨단과학기술학부,자연계열,33,94,31
39,2024,체육학부,예체능계열,41,89,41
39,2024,컴퓨터소프트웨어학부,공학계열,186,603,182
39,2024,토목공학과,공학계열,57,186,55
39,2024,해양건설공학과,공학계열,21,58,21
39,2024,해양경찰학부,공학계열,33,174,32
39,2024,해양생명과학과,자연계열,23,72,21
39,2024,해양생물자원학과,자연계열,41,140,39
39,2024,해양수산공공인재학과,자연계열,23,96,22
39,2024,화학공학과,공학계열,25,97,23
39,2024,환경공학과,자연계열,43,138,42
39,2024,회계학부,사회계열,51,139,43
39,2024,IT융합통신공학과,공학계열,33,137,30
39,2025,간호학부,의약계열,44,518,44
39,2025,건축공학부,공학계열,41,180,40
39,2025,경영학부,사회계열,59,262,57
39,2025,공간디자인융합기술학부,공학계열,32,107,31
39,2025,국어국문학과,인문계열,25,101,25
39,2025,국제물류학과,사회계열,29,82,29
39,2025,글로벌융합학부(글로벌비즈니스전공),사회계열,8,10,8
39,2025,글로벌융합학부(글로벌IT전공),공학계열,1,1,1
39,2025,글로벌융합학부(동북아문화콘텐츠전공),인문계열,5,5,5
39,2025,금융부동산경제학과,사회계열,26,92,25
39,2025,기계공학부,공학계열,102,286,90
39,2025,기관공학과,공학계열,16,70,16
39,2025,기타모집단위,인문계열,34,0,0
39,2025,무역학과,사회계열,34,116,33
39,2025,미디어문화학부,인문계열,32,219,31
39,2025,미술학과,예체능계열,10,29,10
39,2025,법행정경찰학부,사회계열,83,332,83
39,2025,벤처창업학과,사회계열,16,43,15
39,2025,사회복지학부,사회계열,41,345,39
39,2025,산업디자인학부,예체능계열,27,87,27
39,2025,생명과학과,자연계열,24,99,22
39,2025,수산생명의학과,자연계열,32,157,32
39,2025,수학과,자연계열,22,71,21
39,2025,식품생명공학과,자연계열,28,173,26
39,2025,식품영양학과,자연계열,33,174,32
39,2025,신소재공학과,공학계열,22,71,21
39,2025,아동학부,사회계열,29,100,28
39,2025,역사학과,인문계열,18,98,17
39,2025,영어영문학과,인문계열,29,93,29
39,2025,음악과,예체능계열,9,9,9
39,2025,의류학부,자연계열,31,150,31
39,2025,이차전지?에너지학부,공학계열,40,90,40
39,2025,일어일문학과,인문계열,32,159,32
39,2025,자율전공학부,공학계열,188,937,188
39,2025,전기공학과,공학계열,43,247,43
39,2025,전자공학과,공학계열,34,103,33
39,2025,중어중문학과,인문계열,20,80,20
39,2025,철학과,인문계열,18,74,18
39,2025,첨단과학기술학부,자연계열,32,88,29
39,2025,체육학부,예체능계열,41,163,41
39,2025,컴퓨터소프트웨어특성화대학,공학계열,228,702,224
39,2025,토목공학과,공학계열,55,149,53
39,2025,해양건설공학과,공학계열,20,100,19
39,2025,해양경찰학부,공학계열,32,206,31
39,2025,해양생명과학과,자연계열,22,117,20
39,2025,해양생물자원학과,자연계열,39,137,38
39,2025,해양수산공공인재학과,자연계열,22,107,20
39,2025,화학공학과,공학계열,24,62,23
39,2025,환경공학과,자연계열,42,137,39
39,2025,회계학부,사회계열,51,195,45
39,2026,간호학부,의약계열,43,506,43
39,2026,건축공학부,공학계열,41,312,41
39,2026,경영학부,사회계열,59,395,59
39,2026,공간디자인융합기술학부,공학계열,31,220,30
39,2026,국어국문학과,인문계열,24,181,24
39,2026,국제물류학과,사회계열,30,439,30
39,2026,글로벌융합학부(글로벌비즈니스전공),사회계열,14,14,14
39,2026,글로벌융합학부(글로벌IT전공),공학계열,2,2,2
39,2026,글로벌융합학부(동북아문화콘텐츠전공),인문계열,1,1,1
39,2026,금융부동산경제학과,사회계열,26,112,25
39,2026,기계공학부,공학계열,102,330,92
39,2026,기관공학과,공학계열,16,102,16
39,2026,기타모집단위,인문계열,36,0,0
39,2026,무역학과,사회계열,32,139,32
39,2026,미디어문화학부,인문계열,32,299,32
39,2026,미술학과,예체능계열,10,49,10
39,2026,법행정경찰학부,사회계열,82,607,81
39,2026,벤처창업학과,사회계열,16,120,16
39,2026,사회복지학부,사회계열,41,265,40
39,2026,산업디자인학부,예체능계열,27,89,27
39,2026,생명과학과,자연계열,24,186,24
39,2026,수산생명의학과,자연계열,32,191,32
39,2026,수학과,자연계열,22,96,22
39,2026,식품생명공학과,자연계열,28,130,28
39,2026,식품영양학과,자연계열,33,196,33
39,2026,신소재공학과,공학계열,22,61,22
39,2026,아동학부,사회계열,29,156,29
39,2026,역사학과,인문계열,18,219,18
39,2026,영어영문학과,인문계열,29,120,29
39,2026,음악과,예체능계열,1,3,1
39,2026,의류학부,자연계열,31,140,31
39,2026,일어일문학과,인문계열,32,240,32
39,2026,자율전공학부,공학계열,189,1051,189
39,2026,전기공학과,공학계열,43,326,43
39,2026,전자공학과,공학계열,34,319,34
39,2026,중어중문학과,인문계열,23,141,22
39,2026,철학과,인문계열,18,156,18
39,2026,첨단·에너지대학,공학계열,125,484,125
39,2026,첨단과학기술학부,자연계열,32,550,31
39,2026,체육학부,예체능계열,39,224,39
39,2026,컴퓨터소프트웨어특성화대학,공학계열,214,744,214
39,2026,토목공학과,공학계열,55,253,54
39,2026,해양건설공학과,공학계열,20,93,20
39,2026,해양경찰학부,공학계열,32,208,31
39,2026,해양생명과학과,자연계열,22,108,21
39,2026,해양생물자원학과,자연계열,39,207,38
39,2026,해양수산공공인재학과,자연계열,21,118,20
39,2026,화학공학과,공학계열,25,90,25
39,2026,환경공학과,자연계열,42,146,41
39,2026,회계학부,사회계열,50,155,37
40,2024,건축학부,공학계열,53,305,52
40,2024,경영학과,사회계열,44,306,43
40,2024,고분자공학과,공학계열,34,154,33
40,2024,광시스템공학과,공학계열,36,163,35
40,2024,기계공학과,공학계열,87,415,86
40,2024,기계시스템공학부,공학계열,142,623,141
40,2024,기계시스템공학부 스마트모빌리티전공,공학계열,64,308,63
40,2024,기타모집단위,인문계열,24,0,0
40,2024,메디컬IT융합공학과,공학계열,40,143,39
40,2024,산업공학과,공학계열,78,296,77
40,2024,소재디자인공학과,공학계열,37,161,36
40,2024,수리빅데이터학과,자연계열,35,150,34
40,2024,신소재공학부,공학계열,125,449,124
40,2024,인공지능공학과,공학계열,38,183,37
40,2024,전자공학부,공학계열,218,809,217
40,2024,컴퓨터공학과,공학계열,78,355,77
40,2024,컴퓨터소프트웨어공학과,공학계열,64,351,63
40,2024,토목공학과,공학계열,50,303,49
40,2024,화학공학과,공학계열,35,196,34
40,2024,화학생명과학과,자연계열,37,238,35
40,2024,환경공학과,자연계열,35,156,34
40,2024,IT융합학과,공학계열,36,50,27
40,2025,건축토목환경공학부,공학계열,103,607,102
40,2025,경영학과,사회계열,31,228,30
40,2025,광시스템공학과,공학계열,31,181,30
40,2025,기계공학부,공학계열,153,940,151
40,2025,기계공학부 스마트모빌리티전공,공학계열,64,294,63
40,2025,기타모집단위,인문계열,24,0,0
40,2025,바이오메디컬공학과,공학계열,35,307,34
40,2025,산업?빅데이터공학부,공학계열,77,279,76
40,2025,자율전공학부,무전공,336,1445,334
40,2025,재료공학부,공학계열,112,420,111
40,2025,전자공학부,공학계열,153,793,150
40,2025,컴퓨터공학부,공학계열,96,566,96
40,2025,컴퓨터공학부 인공지능공학전공,공학계열,38,160,38
40,2025,화학소재공학부,공학계열,79,343,77
40,2025,IT융합학과,공학계열,35,23,6
40,2026,건축토목환경공학부,공학계열,103,622,103
40,2026,경영학과,사회계열,31,205,29
40,2026,광시스템공학과,공학계열,31,155,30
40,2026,글로컬융합학부(REC학부),공학계열,40,26,5
40,2026,기계공학부,공학계열,151,1337,150
40,2026,기계공학부 스마트모빌리티전공,공학계열,64,436,62
40,2026,기타모집단위,인문계열,24,0,0
40,2026,바이오메디컬공학과,공학계열,35,234,34
40,2026,산업·빅데이터공학부,공학계열,77,331,77
40,2026,자율전공학부,무전공,346,2015,346
40,2026,재료공학부,공학계열,112,391,111
40,2026,전자공학부,공학계열,153,934,152
40,2026,컴퓨터공학부,공학계열,123,1084,121
40,2026,화학소재공학부,공학계열,79,346,79
40,2026,IT융합학과,공학계열,35,22,8
41,2024,간호학과,의약계열,77,725,77
41,2024,건축 ? 토목 ? 환경공학부,공학계열,80,327,80
41,2024,건축학과,공학계열,30,185,30
41,2024,경영학부,사회계열,90,346,86
41,2024,경제무역학부,사회계열,43,151,41
41,2024,관광학과,사회계열,21,70,20
41,2024,교육학과,교육계열,15,54,15
41,2024,국어국문 ? 문예창작학부,인문계열,35,166,35
41,2024,국제차문화학과,인문계열,15,18,10
41,2024,글로벌커뮤니케이션학부,인문계열,55,221,49
41,2024,글로벌학부,사회계열,5,28,5
41,2024,기계조선해양공학부,공학계열,63,285,61
41,2024,기타모집단위,인문계열,6,0,0
41,2024,도시계획및조경학부,공학계열,44,156,38
41,2024,레저스포츠지도학과,예체능계열,20,24,15
41,2024,반도체공학과,공학계열,35,147,35
41,2024,법?경찰학부,사회계열,45,243,45
41,2024,사회복지학과,사회계열,35,185,39
41,2024,상담심리치료학과,사회계열,15,69,15
41,2024,소프트웨어학과,공학계열,20,27,9
41,2024,수산생명의학과,자연계열,20,120,20
41,2024,수학교육과,교육계열,18,79,17
41,2024,스마트비즈니스학과,사회계열,40,47,16
41,2024,스마트에너지시스템공학과,공학계열,40,11,11
41,2024,스마트에너지시스템학과,공학계열,40,52,12
41,2024,스마트에너지학과,공학계열,20,12,9
41,2024,스마트조선시스템학과,공학계열,20,20,14
41,2024,식품?제약공학부,자연계열,45,181,44
41,2024,식품영양학과,자연계열,37,138,38
41,2024,아동학과,사회계열,30,106,24
41,2024,아트앤디자인학부,예체능계열,35,201,35
41,2024,약학과(6년제),의약계열,34,614,34
41,2024,에너지화학공학과,공학계열,20,81,17
41,2024,영어교육과,교육계열,15,56,15
41,2024,원예산림학부,자연계열,40,208,40
41,2024,윤리교육과,교육계열,12,42,12
41,2024,음악공연기획과,예체능계열,20,56,12
41,2024,인공지능공학과,공학계열,20,74,20
41,2024,인문콘텐츠학부,인문계열,76,256,75
41,2024,자율전공학부,공학계열,8,94,8
41,2024,전기공학과,공학계열,69,316,69
41,2024,조선시스템학과,공학계열,30,0,0
41,2024,지적학과,자연계열,43,216,43
41,2024,첨단운송기계시스템학과,공학계열,30,28,1
41,2024,체육학과,예체능계열,45,235,45
41,2024,컴퓨터학부,공학계열,90,364,90
41,2024,패션의류학과,자연계열,30,132,30
41,2024,행정?언론미디어학부,사회계열,52,224,47
41,2024,환경교육과,교육계열,15,57,15
41,2024,회계세무학과,사회계열,15,21,15
41,2025,간호학과,의약계열,77,775,77
41,2025,건축 ? 토목 ? 환경공학부,공학계열,80,393,79
41,2025,건축학과,공학계열,30,158,30
41,2025,경영학부,사회계열,81,440,81
41,2025,경제무역학부,사회계열,41,173,41
41,2025,관광학과,사회계열,20,103,20
41,2025,교육학과,교육계열,15,46,15
41,2025,국어국문 ? 문예창작학부,인문계열,35,192,35
41,2025,국제차문화학과,인문계열,15,14,9
41,2025,글로벌커뮤니케이션학부,인문계열,48,216,48
41,2025,글로벌학부,사회계열,17,42,17
41,2025,기계조선해양공학부,공학계열,55,299,55
41,2025,기타모집단위,인문계열,30,0,0
41,2025,도시계획및조경학부,공학계열,38,166,38
41,2025,레저스포츠지도학과,예체능계열,20,25,17
41,2025,반도체공학과,공학계열,33,146,33
41,2025,법?경찰학부,사회계열,45,311,45
41,2025,사회복지학과,사회계열,25,259,26
41,2025,상담심리치료학과,사회계열,15,28,15
41,2025,수산생명의학과,자연계열,20,129,20
41,2025,수학교육과,교육계열,18,66,18
41,2025,스마트비즈니스학과,사회계열,30,40,16
41,2025,스마트에너지시스템공학과,공학계열,16,16,16
41,2025,스마트에너지시스템학과,공학계열,30,62,17
41,2025,스마트에너지학과,공학계열,20,16,8
41,2025,스마트조선시스템학과,공학계열,20,16,10
41,2025,식품?제약공학부,자연계열,45,149,45
41,2025,식품영양학과,자연계열,36,231,33
41,2025,아동학과,사회계열,20,92,20
41,2025,아트앤디자인학부,예체능계열,35,182,36
41,2025,약학과(6년제),의약계열,34,606,34
41,2025,에너지화학공학과,공학계열,20,127,20
41,2025,영어교육과,교육계열,17,44,16
41,2025,원예산림학부,자연계열,40,209,40
41,2025,윤리교육과,교육계열,12,100,12
41,2025,음악공연기획과,예체능계열,12,42,13
41,2025,인공지능공학과,공학계열,20,98,20
41,2025,인문콘텐츠학부,인문계열,75,305,75
41,2025,자율전공학부,공학계열,99,477,99
41,2025,전기공학과,공학계열,59,327,59
41,2025,지적학과,자연계열,30,191,30
41,2025,체육학과,예체능계열,45,333,45
41,2025,컴퓨터학부,공학계열,90,428,90
41,2025,패션의류학과,자연계열,28,127,28
41,2025,행정?언론미디어학부,사회계열,47,163,47
41,2025,환경교육과,교육계열,15,50,15
41,2025,회계세무학과,사회계열,15,18,12
41,2026,간호학과,의약계열,77,77,77
41,2026,건축 · 토목 · 환경공학부,공학계열,80,80,80
41,2026,건축학과,공학계열,30,30,30
41,2026,경영학부,사회계열,80,80,80
41,2026,경제무역학부,사회계열,43,44,44
41,2026,관광학과,사회계열,20,20,20
41,2026,교육학과,교육계열,15,15,15
41,2026,국어국문 · 문예창작학부,인문계열,35,35,35
41,2026,글로벌커뮤니케이션학부,인문계열,50,50,50
41,2026,글로벌학부,사회계열,28,29,26
41,2026,기계조선해양공학부,공학계열,55,55,55
41,2026,농수산식품학부,자연계열,39,39,39
41,2026,도시계획및조경학부,공학계열,40,40,40
41,2026,미래설계융합학부,사회계열,83,83,83
41,2026,반도체공학과,공학계열,33,33,33
41,2026,법·경찰학부,사회계열,52,52,52
41,2026,사회복지학과,사회계열,26,26,26
41,2026,수산생명의학과,자연계열,22,22,22
41,2026,수학교육과,교육계열,15,15,15
41,2026,스마트모빌리티학부,공학계열,45,45,45
41,2026,스마트에너지시스템공학과,공학계열,15,15,15
41,2026,스마트해양·에너지학부,공학계열,26,26,26
41,2026,식품·제약공학부,자연계열,45,45,45
41,2026,식품영양학과,자연계열,30,30,30
41,2026,아동학과,사회계열,20,20,20
41,2026,아트앤디자인학부,예체능계열,41,41,41
41,2026,약학과(6년제),의약계열,36,36,36
41,2026,에너지화학공학과,공학계열,20,20,20
41,2026,영어교육과,교육계열,15,15,15
41,2026,예술크리에이티브학부,예체능계열,40,40,40
41,2026,외식조리제빵과,자연계열,25,25,25
41,2026,원예산림학부,자연계열,42,42,42
41,2026,윤리교육과,교육계열,15,15,15
41,2026,음악공연기획학부,예체능계열,35,35,35
41,2026,인공지능공학과,공학계열,20,20,20
41,2026,인문콘텐츠학부,인문계열,75,75,75
41,2026,자율전공학부,공학계열,106,106,106
41,2026,전기공학과,공학계열,59,59,59
41,2026,지적학과,자연계열,30,30,30
41,2026,체육학과,예체능계열,46,46,46
41,2026,컴퓨터학부,공학계열,90,90,90
41,2026,토목환경과,공학계열,25,25,25
41,2026,패션의류학과,자연계열,27,27,27
41,2026,행정·언론미디어학부,사회계열,48,49,49
41,2026,환경교육과,교육계열,15,15,15
42,2024,기관시스템공학부,공학계열,90,453,90
42,2024,기타모집단위,인문계열,12,0,0
42,2024,조선해양공학과,공학계열,43,209,42
42,2024,첨단해양모빌리티학과,공학계열,24,76,24
42,2024,컴퓨터공학과,공학계열,41,149,36
42,2024,항해정보시스템학부,공학계열,65,364,65
42,2024,항해학부,공학계열,94,602,94
42,2024,해군사관학부,공학계열,30,180,30
42,2024,해상운송학부,공학계열,89,523,89
42,2024,해양건설공학과,공학계열,43,149,39
42,2024,해양경찰학부,공학계열,92,337,92
42,2024,해양메카트로닉스학부,공학계열,63,285,63
42,2024,해양산업융합학과,자연계열,20,27,20
42,2024,해양스포츠?레저융합학과,예체능계열,26,64,21
42,2024,환경생명공학과,자연계열,39,111,34
42,2025,기관시스템공학부,공학계열,93,781,93
42,2025,기타모집단위,인문계열,12,0,0
42,2025,조선해양공학과,공학계열,39,173,38
42,2025,첨단해양모빌리티학과,공학계열,26,84,25
42,2025,컴퓨터공학과,공학계열,39,181,38
42,2025,항해정보시스템학부,공학계열,67,522,67
42,2025,항해학부,공학계열,94,798,94
42,2025,해군사관학부,공학계열,32,267,32
42,2025,해상운송학부,공학계열,92,621,92
42,2025,해양건설공학과,공학계열,38,194,38
42,2025,해양경찰학부,공학계열,91,735,91
42,2025,해양메카트로닉스학부,공학계열,65,591,65
42,2025,해양산업융합학과,자연계열,20,31,20
42,2025,해양스포츠학과,예체능계열,26,81,22
42,2025,환경생명공학과,자연계열,34,161,34
42,2026,기관시스템공학부,공학계열,93,895,93
42,2026,기타모집단위,인문계열,11,0,0
42,2026,조선해양공학과,공학계열,41,298,41
42,2026,첨단해양모빌리티학과,공학계열,26,141,26
42,2026,컴퓨터공학과,공학계열,37,312,37
42,2026,항해정보시스템학부,공학계열,67,607,67
42,2026,항해학부,공학계열,95,658,95
42,2026,해군사관학부,공학계열,33,483,33
42,2026,해상운송학부,공학계열,95,686,95
42,2026,해양건설공학과,공학계열,37,200,37
42,2026,해양경찰학부,공학계열,91,1039,89
42,2026,해양메카트로닉스학부,공학계열,66,855,66
42,2026,해양산업융합학과,자연계열,24,35,24
42,2026,해양스포츠학과,예체능계열,23,73,22
42,2026,환경생명공학과,자연계열,33,171,33
43,2024,간호학과,의약계열,40,469,40
43,2024,건축공학과,공학계열,39,282,38
43,2024,건축학전공(5년),공학계열,44,343,43
43,2024,경영학부,사회계열,147,1068,146
43,2024,경제학과,사회계열,83,509,81
43,2024,공업디자인전공,예체능계열,26,151,26
43,2024,공업화학?고분자공학부,공학계열,102,474,100
43,2024,과학컴퓨팅학과,자연계열,22,344,21
43,2024,국어국문학과,인문계열,33,281,32
43,2024,국제지역학부,인문계열,56,568,55
43,2024,국제통상학부,사회계열,97,838,95
43,2024,글로벌자율전공학부,인문계열,102,274,113
43,2024,글로벌자율전공학부(이학계열),인문계열,10,61,0
43,2024,기계공학부,공학계열,167,959,164
43,2024,나노융합반도체공학부,공학계열,95,613,94
43,2024,데이터정보과학부,자연계열,48,267,47
43,2024,디지털금융학과,사회계열,21,147,21
43,2024,물리학과,자연계열,42,340,41
43,2024,미디어커뮤니케이션학부,사회계열,48,412,47
43,2024,미생물학과,자연계열,37,230,36
43,2024,법학과,사회계열,48,505,45
43,2024,사학과,인문계열,33,380,32
43,2024,"사회계열(법학과,중국학과,정치외교학과)",사회계열,37,633,36
43,2024,생물공학과,자연계열,38,182,37
43,2024,생태공학전공,자연계열,33,289,32
43,2024,소방공학과,공학계열,39,285,38
43,2024,수산생명과학부,자연계열,86,524,84
43,2024,수산생명의학과,자연계열,33,264,32
43,2024,수해양산업교육과,교육계열,11,123,11
43,2024,스마트모빌리티공학과,공학계열,33,168,32
43,2024,스마트융합공학부,공학계열,81,97,63
43,2024,시각디자인전공,예체능계열,25,151,25
43,2024,시스템경영?안전공학부,공학계열,104,598,101
43,2024,식품과학부,자연계열,84,554,82
43,2024,에너지수송시스템공학부,공학계열,135,605,133
43,2024,에너지자원공학과,공학계열,33,237,32
43,2024,영어영문학부,인문계열,64,425,63
43,2024,위성정보융합공학전공,자연계열,39,217,38
43,2024,유아교육과,교육계열,15,188,15
43,2024,융합소재공학부,공학계열,146,721,144
43,2024,융합인재개발학부,사회계열,81,135,72
43,2024,응용수학과,자연계열,38,390,37
43,2024,의공학전공,공학계열,41,309,40
43,2024,일어일문학부,인문계열,67,916,66
43,2024,전기공학부,공학계열,181,1021,177
43,2024,전자정보통신공학부,공학계열,135,676,133
43,2024,정치외교학과,사회계열,18,131,18
43,2024,중국학과,인문계열,23,275,22
43,2024,컴퓨터?인공지능공학부,공학계열,133,884,131
43,2024,토목공학전공,공학계열,68,469,67
43,2024,패션디자인학과,예체능계열,31,277,31
43,2024,평생교육·상담학과,교육계열,0,61,0
43,2024,해양공학과,공학계열,40,269,40
43,2024,해양생산시스템관리학부,공학계열,62,373,60
43,2024,해양수산경영경제학부,사회계열,82,485,80
43,2024,해양스포츠전공,예체능계열,39,343,39
43,2024,해양학전공,공학계열,40,298,39
43,2024,행정복지학부,사회계열,75,641,74
43,2024,화학공학과,공학계열,63,435,61
43,2024,화학과,자연계열,42,261,41
43,2024,환경공학전공,자연계열,40,256,40
43,2024,환경대기과학전공,자연계열,40,222,39
43,2024,환경지질과학전공,자연계열,40,388,39
43,2024,휴먼바이오융합전공,의약계열,22,379,21
43,2025,간호학과,의약계열,40,357,40
43,2025,건축공학과,공학계열,27,184,27
43,2025,건축학전공(5년),공학계열,31,375,31
43,2025,경영대학자유전공학부,사회계열,47,424,47
43,2025,경영학부,사회계열,102,946,102
43,2025,경제학과,사회계열,58,796,58
43,2025,고분자?화학소재공학부,공학계열,72,423,72
43,2025,공과대학자유전공학부,공학계열,196,1514,196
43,2025,공업디자인전공,예체능계열,25,187,25
43,2025,과학컴퓨팅학과,자연계열,15,124,14
43,2025,국어국문학과,인문계열,23,279,23
43,2025,국제지역학부,인문계열,39,546,39
43,2025,국제통상학부,사회계열,68,590,68
43,2025,글로벌자율전공학부,인문계열,134,342,146
43,2025,기계공학부,공학계열,117,886,117
43,2025,나노융합반도체공학부,공학계열,93,609,91
43,2025,데이터정보과학부,자연계열,34,194,34
43,2025,디지털금융학과,사회계열,21,168,21
43,2025,물리학과,자연계열,30,267,30
43,2025,미디어커뮤니케이션학부,사회계열,34,419,34
43,2025,미래융합학부,사회계열,162,229,135
43,2025,미생물학과,자연계열,26,239,26
43,2025,법학과,사회계열,33,336,33
43,2025,사학과,인문계열,25,224,25
43,2025,"사회계열(법학과,중국학과,정치외교학과)",사회계열,26,516,26
43,2025,생물공학과,자연계열,26,360,26
43,2025,생태공학전공,자연계열,23,173,23
43,2025,소방공학과,공학계열,27,352,27
43,2025,수산과학대학자유전공학부,무전공,69,509,69
43,2025,수산생명과학부,자연계열,60,394,60
43,2025,수산생명의학과,자연계열,24,183,24
43,2025,수해양산업교육과,교육계열,11,98,11
43,2025,스마트모빌리티공학과,공학계열,32,390,32
43,2025,시각디자인전공,예체능계열,25,188,25
43,2025,시스템경영?안전공학부,공학계열,74,457,74
43,2025,식품과학부,자연계열,60,578,60
43,2025,에너지수송시스템공학부,공학계열,95,791,95
43,2025,에너지자원공학과,공학계열,23,253,23
43,2025,영어영문학부,인문계열,45,501,45
43,2025,위성정보융합공학전공,자연계열,27,190,27
43,2025,유아교육과,교육계열,15,193,15
43,2025,융합소재공학부,공학계열,103,663,102
43,2025,응용수학과,자연계열,26,224,25
43,2025,의공학전공,공학계열,29,186,29
43,2025,인문사회과학대학자유전공학부,무전공,103,1074,103
43,2025,일어일문학부,인문계열,47,562,47
43,2025,자연과학대학자유전공학부,자연계열,34,227,34
43,2025,자유전공학부,무전공,313,3563,313
43,2025,전기공학부,공학계열,128,900,127
43,2025,전자정보통신공학부,공학계열,95,609,95
43,2025,정보융합대학자유전공학부,무전공,86,689,85
43,2025,정치외교학과,사회계열,13,106,13
43,2025,중국학과,인문계열,16,157,16
43,2025,컴퓨터?인공지능공학부,공학계열,94,775,94
43,2025,토목공학전공,공학계열,48,333,48
43,2025,패션디자인학과,예체능계열,23,227,23
43,2025,해양공학과,공학계열,29,229,29
43,2025,해양생산시스템관리학부,공학계열,44,375,44
43,2025,해양수산경영경제학부,사회계열,58,401,58
43,2025,해양스포츠전공,예체능계열,39,498,39
43,2025,해양학전공,공학계열,29,204,29
43,2025,행정복지학부,사회계열,54,557,54
43,2025,화학공학과,공학계열,45,289,44
43,2025,화학과,자연계열,30,182,30
43,2025,환경?해양대학자유전공학부,무전공,48,392,48
43,2025,환경공학전공,자연계열,29,251,29
43,2025,환경대기과학전공,자연계열,29,275,29
43,2025,환경지질과학전공,자연계열,28,243,28
43,2025,휴먼바이오융합전공,의약계열,15,129,15
43,2026,간호학과,의약계열,40,357,40
43,2026,건축공학과,공학계열,27,442,27
43,2026,건축학전공(5년),공학계열,31,266,31
43,2026,경영대학자유전공학부,사회계열,47,590,47
43,2026,경영학부,사회계열,103,793,103
43,2026,경제학과,사회계열,58,591,58
43,2026,고분자·화학소재공학부,공학계열,72,562,72
43,2026,공과대학자유전공학부,공학계열,196,1704,196
43,2026,공업디자인전공,예체능계열,25,212,25
43,2026,과학컴퓨팅학과,자연계열,15,159,15
43,2026,국어국문학과,인문계열,23,386,23
43,2026,국제지역학부,인문계열,39,507,39
43,2026,국제통상학부,사회계열,68,615,68
43,2026,글로벌자율전공학부,인문계열,142,429,142
43,2026,기계공학부,공학계열,118,884,118
43,2026,나노융합반도체공학부,공학계열,92,754,91
43,2026,데이터정보과학부,자연계열,34,318,34
43,2026,디지털금융학과,사회계열,21,182,21
43,2026,물리학과,자연계열,30,260,29
43,2026,미디어커뮤니케이션학부,사회계열,34,362,34
43,2026,미래융합학부,사회계열,161,203,112
43,2026,미생물학과,자연계열,27,241,27
43,2026,법학과,사회계열,34,285,34
43,2026,사학과,인문계열,23,327,23
43,2026,"사회계열(법학과,중국학과,정치외교학과)",사회계열,26,630,26
43,2026,생물공학과,자연계열,27,244,27
43,2026,생태공학전공,자연계열,23,524,23
43,2026,소방공학과,공학계열,27,332,27
43,2026,수산과학대학자유전공학부,무전공,69,529,69
43,2026,수산생명과학부,자연계열,60,409,60
43,2026,수산생명의학과,자연계열,23,172,23
43,2026,수해양산업교육과,교육계열,11,91,11
43,2026,스마트모빌리티공학과,공학계열,32,294,32
43,2026,시각디자인전공,예체능계열,25,229,25
43,2026,시스템경영·안전공학부,공학계열,74,585,74
43,2026,식품과학부,자연계열,59,537,59
43,2026,에너지수송시스템공학부,공학계열,95,665,95
43,2026,에너지자원공학과,공학계열,23,238,23
43,2026,영어영문학부,인문계열,45,637,45
43,2026,위성정보융합공학전공,자연계열,28,197,28
43,2026,유아교육과,교육계열,15,227,15
43,2026,융합소재공학부,공학계열,103,647,102
43,2026,응용수학과,자연계열,26,219,26
43,2026,의공학전공,공학계열,29,326,29
43,2026,인문사회과학대학자유전공학부,무전공,103,1481,103
43,2026,일어일문학부,인문계열,47,605,47
43,2026,자연과학대학자유전공학부,자연계열,34,400,34
43,2026,자유전공학부,무전공,313,2900,313
43,2026,전기공학부,공학계열,129,932,129
43,2026,전자정보통신공학부,공학계열,95,486,95
43,2026,정보융합대학자유전공학부,무전공,86,590,86
43,2026,정치외교학과,사회계열,13,114,13
43,2026,중국학과,인문계열,16,259,16
43,2026,컴퓨터·인공지능공학부,공학계열,95,595,95
43,2026,토목공학전공,공학계열,49,436,49
43,2026,패션디자인학과,예체능계열,23,306,23
43,2026,해양공학과,공학계열,29,312,29
43,2026,해양생산시스템관리학부,공학계열,45,502,45
43,2026,해양수산경영경제학부,사회계열,59,458,59
43,2026,해양스포츠전공,예체능계열,39,372,39
43,2026,해양학전공,공학계열,29,236,29
43,2026,행정복지학부,사회계열,56,535,56
43,2026,화학공학과,공학계열,46,313,46
43,2026,화학과,자연계열,29,210,29
43,2026,환경·해양대학자유전공학부,무전공,48,513,48
43,2026,환경공학전공,자연계열,29,213,29
43,2026,환경대기과학전공,자연계열,28,216,28
43,2026,환경지질과학전공,자연계열,28,244,28
43,2026,휴먼바이오융합전공,의약계열,15,212,15
44,2024,간호학과,의약계열,60,522,60
44,2024,건축학부,공학계열,31,197,31
44,2024,경영학과,사회계열,43,147,43
44,2024,경제무역학부,사회계열,66,222,66
44,2024,국어교육과,교육계열,20,80,20
44,2024,국제한국어교육학과,인문계열,3,11,3
44,2024,기계우주항공공학부,공학계열,48,168,47
44,2024,기타모집단위,인문계열,31,0,0
44,2024,농생명과학과,자연계열,70,281,68
44,2024,농업경제학과,사회계열,25,80,24
44,2024,농업교육과,교육계열,20,61,20
44,2024,동물자원과학과,자연계열,25,121,24
44,2024,만화애니메이션학과,예체능계열,27,210,27
44,2024,문예창작학과,인문계열,25,115,24
44,2024,물류학과,사회계열,25,106,25
44,2024,물리교육과,교육계열,11,34,11
44,2024,미래융합학부,사회계열,120,72,47
44,2024,바이오한약자원학과,자연계열,24,92,24
44,2024,법학과,사회계열,48,184,46
44,2024,사진미디어학과,예체능계열,18,71,18
44,2024,사학과,인문계열,21,83,21
44,2024,사회교육과,교육계열,22,131,21
44,2024,사회복지학과,사회계열,40,225,40
44,2024,사회체육학과,예체능계열,23,101,23
44,2024,산림자원.조경학부,자연계열,62,272,61
44,2024,수학교육과,교육계열,20,115,20
44,2024,식품공학과,자연계열,40,137,39
44,2024,식품영양학과,자연계열,34,134,34
44,2024,약학과(6년제),의약계열,35,966,35
44,2024,영상디자인학과,예체능계열,21,111,21
44,2024,영어교육과,교육계열,21,82,21
44,2024,원예학과,자연계열,28,109,27
44,2024,융합바이오시스템기계공학과,공학계열,32,105,30
44,2024,의생명과학과,자연계열,19,103,18
44,2024,인공지능공학부,공학계열,74,272,74
44,2024,일본어일본문화학과,인문계열,30,133,30
44,2024,자유전공학부(인문사회?자연),인문계열,27,157,27
44,2024,전기공학과,공학계열,32,214,32
44,2024,전자공학과,공학계열,32,95,32
44,2024,조리과학과,자연계열,32,152,32
44,2024,중어중문학과,인문계열,27,90,24
44,2024,철학과,인문계열,20,72,20
44,2024,첨단신소재공학과,공학계열,56,183,55
44,2024,컴퓨터공학과,공학계열,31,187,31
44,2024,컴퓨터교육과,교육계열,19,72,19
44,2024,토목공학과,공학계열,26,129,26
44,2024,패션디자인학과,예체능계열,20,83,20
44,2024,피아노학과,예체능계열,16,47,8
44,2024,행정학과,사회계열,35,178,35
44,2024,화학공학과,공학계열,69,215,69
44,2024,화학과,자연계열,17,59,15
44,2024,화학교육과,교육계열,11,30,11
44,2024,환경공학과,자연계열,31,102,31
44,2024,환경교육과,교육계열,15,54,15
44,2024,회계학과,사회계열,32,156,30
44,2025,간호학과,의약계열,60,582,60
44,2025,건축학부,공학계열,30,234,29
44,2025,공학분야,무전공,395,1478,393
44,2025,국어교육과,교육계열,20,100,20
44,2025,국제한국어교육학과,인문계열,10,33,10
44,2025,기타모집단위,인문계열,31,0,0
44,2025,농업교육과,교육계열,20,132,19
44,2025,물리교육과,교육계열,11,25,11
44,2025,미래융합학부,무전공,45,64,39
44,2025,사회과학분야,사회계열,269,1136,267
44,2025,사회교육과,교육계열,22,206,22
44,2025,생명산업과학분야,무전공,303,1296,299
44,2025,수학교육과,교육계열,20,111,20
44,2025,식품영양학과,자연계열,30,221,30
44,2025,약학과(6년제),의약계열,37,1160,37
44,2025,영어교육과,교육계열,21,137,21
44,2025,예체능분야,무전공,146,794,144
44,2025,융합바이오시스템기계공학과,공학계열,32,127,31
44,2025,인문분야,인문계열,92,327,91
44,2025,자유전공학부,무전공,108,449,108
44,2025,컴퓨터교육과,교육계열,19,98,19
44,2025,화학교육과,교육계열,11,22,11
44,2025,환경교육과,교육계열,15,54,15
44,2026,간호학과,의약계열,60,607,60
44,2026,건축학부,공학계열,30,153,30
44,2026,공학분야,무전공,387,1521,387
44,2026,국어교육과,교육계열,20,143,20
44,2026,국제한국어교육학과,인문계열,6,7,6
44,2026,글로벌인재학부,사회계열,0,3,0
44,2026,글로벌ICT문화예술콘텐츠전공,예체능계열,3,3,3
44,2026,기타모집단위,인문계열,31,0,0
44,2026,농업교육과,교육계열,20,143,20
44,2026,물리교육과,교육계열,11,58,11
44,2026,미래융합학부,무전공,40,68,40
44,2026,사회과학분야,사회계열,273,1189,273
44,2026,사회교육과,교육계열,23,249,23
44,2026,생명산업과학분야,무전공,300,1284,297
44,2026,수학교육과,교육계열,20,110,20
44,2026,식품영양학과,자연계열,30,255,30
44,2026,약학과(6년제),의약계열,37,851,37
44,2026,영어교육과,교육계열,21,140,21
44,2026,예체능분야,무전공,145,1019,145
44,2026,융합바이오시스템기계공학과,공학계열,32,185,32
44,2026,인문분야,인문계열,90,353,90
44,2026,자유전공학부(인문사회·자연),무전공,110,651,110
44,2026,컴퓨터교육과,교육계열,19,375,19
44,2026,화학교육과,교육계열,11,112,11
44,2026,환경교육과,교육계열,15,88,15
45,2024,간호학과,의약계열,37,499,38
45,2024,건축학부 건축공학전공,공학계열,22,117,22
45,2024,건축학부 건축학전공,공학계열,23,195,23
45,2024,경영학과,사회계열,63,385,63
45,2024,국어국문학과,인문계열,37,164,37
45,2024,국제관계학과,사회계열,45,202,45
45,2024,국제무역학과,사회계열,91,307,89
45,2024,글로벌비즈니스학부,사회계열,55,387,55
45,2024,기계공학부 기계공학전공,공학계열,56,450,55
45,2024,기계공학부 스마트제조융합전공,공학계열,40,216,40
45,2024,기타모집단위,인문계열,35,0,0
45,2024,독어독문학과,인문계열,24,190,24
45,2024,메카융합공학과(야),공학계열,26,37,24
45,2024,무용학과,예체능계열,19,38,13
45,2024,문화테크노학과,인문계열,23,109,23
45,2024,미디어커뮤니케이션학과,사회계열,23,200,23
45,2024,미술학과,예체능계열,32,108,32
45,2024,반도체물리학과,자연계열,22,204,22
45,2024,법학과,사회계열,45,278,43
45,2024,불어불문학과,인문계열,23,145,22
45,2024,빅데이터자산관리학과,사회계열,25,27,19
45,2024,빅데이터창업비즈니스학과,사회계열,25,31,20
45,2024,사학과,인문계열,30,172,30
45,2024,사회복지학과,사회계열,27,244,27
45,2024,사회학과,사회계열,24,123,24
45,2024,산업디자인학과,예체능계열,38,292,38
45,2024,산업시스템공학과,공학계열,39,318,39
45,2024,생명보건학부,자연계열,60,361,60
45,2024,생물학화학융합학부,자연계열,53,340,53
45,2024,세무학과,사회계열,25,132,25
45,2024,수학과,자연계열,24,105,23
45,2024,스마트그린공학부 건설시스템공학전공,공학계열,39,172,39
45,2024,스마트그린공학부 화학공학전공,공학계열,33,155,33
45,2024,스마트그린공학부 환경에너지공학전공,자연계열,38,185,36
45,2024,스마트오션모빌리티공학과,공학계열,21,104,21
45,2024,스마트헬스케어학과,예체능계열,24,19,13
45,2024,식품영양학과,자연계열,27,214,26
45,2024,신산업융합경영학과(야),사회계열,26,35,22
45,2024,신소재공학부,공학계열,59,247,59
45,2024,에너지융합공학과,공학계열,30,29,28
45,2024,영어영문학과,인문계열,33,173,33
45,2024,유아교육과,교육계열,15,115,15
45,2024,음악과,예체능계열,35,88,29
45,2024,의류학과,자연계열,24,205,24
45,2024,일어일문학과,인문계열,24,239,24
45,2024,전기전자제어공학부 로봇제어계측공학전공,공학계열,44,228,44
45,2024,전기전자제어공학부 전기공학전공,공학계열,43,261,43
45,2024,전기전자제어공학부 전자공학전공,공학계열,45,257,45
45,2024,정보통신공학과,공학계열,36,287,36
45,2024,중국학과,인문계열,35,169,35
45,2024,철학과,인문계열,32,172,32
45,2024,체육학과,예체능계열,31,243,31
45,2024,컴퓨터공학과,공학계열,55,389,55
45,2024,통계학과,자연계열,30,117,30
45,2024,특수교육과,교육계열,22,117,22
45,2024,행정학과,사회계열,69,219,55
45,2024,회계학과,사회계열,39,177,38
45,2025,간호학과,의약계열,37,356,37
45,2025,건축학부 건축공학전공,공학계열,17,114,16
45,2025,건축학부 건축학전공,공학계열,23,212,23
45,2025,경영계열자율전공학부,사회계열,31,212,31
45,2025,경영학과,사회계열,46,351,45
45,2025,공학계열자율전공학부,공학계열,51,334,51
45,2025,공학융합학부,공학계열,100,410,100
45,2025,국어국문학과,인문계열,27,183,27
45,2025,국제관계학과,사회계열,29,167,30
45,2025,국제무역학과,사회계열,67,420,64
45,2025,글로벌비즈니스학부,사회계열,42,287,41
45,2025,기계공학부 스마트제조융합전공,공학계열,42,331,42
45,2025,기타모집단위,인문계열,34,0,0
45,2025,독어독문학과,인문계열,18,121,18
45,2025,메카융합공학과(야),공학계열,26,49,26
45,2025,무용학과,예체능계열,19,59,19
45,2025,미디어커뮤니케이션학과,사회계열,17,284,17
45,2025,미술학과,예체능계열,32,198,32
45,2025,법학과,사회계열,34,187,34
45,2025,불어불문학과,인문계열,18,87,17
45,2025,빅데이터창업비즈니스학과,사회계열,23,36,23
45,2025,사림아너스학부,무전공,139,710,138
45,2025,사학과,인문계열,23,155,23
45,2025,사회계열자율전공학부,사회계열,31,208,31
45,2025,사회복지학과,사회계열,22,209,22
45,2025,사회학과,사회계열,19,123,19
45,2025,산업디자인학과,예체능계열,38,273,38
45,2025,산업시스템공학과,공학계열,31,250,29
45,2025,세무학과,사회계열,20,111,20
45,2025,스마트그린공학부 건설시스템공학전공,공학계열,30,234,30
45,2025,스마트그린공학부 환경에너지공학전공,자연계열,29,200,28
45,2025,스마트오션모빌리티공학과,공학계열,17,92,17
45,2025,스마트헬스케어학과,예체능계열,18,11,6
45,2025,식품영양학과,자연계열,23,213,23
45,2025,신산업융합경영학과(야),사회계열,25,30,17
45,2025,신소재공학부,공학계열,45,294,45
45,2025,영어영문학과,인문계열,26,153,26
45,2025,우주항공공학부,공학계열,15,195,15
45,2025,유아교육과,교육계열,15,91,15
45,2025,음악과,예체능계열,35,126,35
45,2025,의류학과,자연계열,22,145,22
45,2025,이학융합학부,자연계열,145,564,144
45,2025,인문계열자율전공학부,인문계열,25,115,25
45,2025,일어일문학과,인문계열,19,191,19
45,2025,자산경영빅데이터학과,사회계열,23,27,19
45,2025,전기공학과,공학계열,33,293,32
45,2025,전자공학과,공학계열,35,307,35
45,2025,정보통신공학과,공학계열,29,150,28
45,2025,중국학과,인문계열,26,133,26
45,2025,지능로봇융합공학과,공학계열,48,221,48
45,2025,철학과,인문계열,26,177,25
45,2025,체육학과,예체능계열,31,363,31
45,2025,컴퓨터공학과,공학계열,43,479,43
45,2025,통계학과,자연계열,27,123,26
45,2025,특수교육과,교육계열,22,167,22
45,2025,행정학과,사회계열,57,274,51
45,2025,회계학과,사회계열,30,150,30
45,2026,간호학과,의약계열,37,424,37
45,2026,간호학과(거창캠퍼스),의약계열,77,446,77
45,2026,건축학부 건축공학전공,공학계열,17,179,17
45,2026,건축학부 건축학전공,공학계열,23,180,23
45,2026,경영계열자율전공학부,사회계열,31,213,31
45,2026,경영학과,사회계열,46,527,46
45,2026,공학계열자율전공학부,공학계열,38,209,37
45,2026,공학융합학부,공학계열,159,766,159
45,2026,관광융합학부 원예조경과,자연계열,51,100,51
45,2026,관광융합학부 항공호텔관광과,사회계열,62,127,62
45,2026,관광융합학부 호텔조리제빵경영과,자연계열,85,189,85
45,2026,국어국문학과,인문계열,28,198,27
45,2026,국제관계학과,사회계열,31,165,31
45,2026,국제무역학과,사회계열,46,214,46
45,2026,글로벌비즈니스학부,사회계열,42,286,42
45,2026,글로벌자율전공학부,인문계열,13,21,13
45,2026,기계공학부 스마트제조융합전공,공학계열,42,307,42
45,2026,기술경영공학과,공학계열,11,58,11
45,2026,기타모집단위,인문계열,34,0,0
45,2026,독어독문학과,인문계열,18,103,16
45,2026,드론융합건설방재학부 건축인테리어과,공학계열,58,146,52
45,2026,드론융합건설방재학부 드론토목과,공학계열,33,63,33
45,2026,드론융합건설방재학부 스마트귀농귀촌학과,자연계열,36,64,36
45,2026,메카융합공학과(야),공학계열,25,49,25
45,2026,무용학과,예체능계열,19,75,19
45,2026,미디어커뮤니케이션학과,사회계열,17,214,17
45,2026,미술학과,예체능계열,32,152,32
45,2026,법학과,사회계열,35,197,35
45,2026,불어불문학과,인문계열,18,118,18
45,2026,빅데이터창업비즈니스학과,사회계열,20,30,20
45,2026,사림아너스학부,무전공,134,934,134
45,2026,사학과,인문계열,23,178,23
45,2026,사회계열자율전공학부,사회계열,31,289,31
45,2026,사회복지학과,사회계열,22,193,22
45,2026,사회학과,사회계열,19,127,19
45,2026,산업디자인학과,예체능계열,38,268,38
45,2026,산업시스템공학과,공학계열,31,211,31
45,2026,세무학과,사회계열,21,98,20
45,2026,스마트그린공학부 건설시스템공학전공,공학계열,30,280,30
45,2026,스마트그린공학부 환경에너지공학전공,자연계열,30,281,30
45,2026,스마트오션모빌리티공학과,공학계열,17,222,17
45,2026,식품영양학과,자연계열,24,385,23
45,2026,에너지안전융합학부 에너지산업안전과,공학계열,65,117,65
45,2026,영어영문학과,인문계열,26,173,26
45,2026,우주항공공학부,공학계열,25,309,25
45,2026,유아교육과,교육계열,15,97,15
45,2026,음악과,예체능계열,36,118,36
45,2026,의류학과,자연계열,22,139,22
45,2026,이학융합학부,자연계열,144,1069,143
45,2026,인문계열자율전공학부,인문계열,25,278,25
45,2026,일어일문학과,인문계열,19,140,19
45,2026,자산경영빅데이터학과,사회계열,23,26,19
45,2026,재료금속공학과,공학계열,25,153,25
45,2026,전자공학과,공학계열,34,219,34
45,2026,정보통신공학과,공학계열,29,341,29
45,2026,중국학과,인문계열,26,221,26
45,2026,지능로봇융합공학과,공학계열,48,250,48
45,2026,철학과,인문계열,25,188,25
45,2026,첨단소재융합공학과,공학계열,21,128,21
45,2026,체육학과,예체능계열,42,364,42
45,2026,컴퓨터공학과,공학계열,62,372,62
45,2026,통계학과,자연계열,27,216,26
45,2026,특수교육과,교육계열,22,119,22
45,2026,항공해양방산학부 방산기계AI과,공학계열,73,161,73
45,2026,항공해양방산학부 항공정비과,공학계열,41,141,41
45,2026,항노화휴먼케어학부 뷰티웰니스과,예체능계열,24,49,21
45,2026,항노화휴먼케어학부 사회복지보육학과,사회계열,40,76,38
45,2026,항노화휴먼케어학부 스포츠헬스케어학과,예체능계열,25,41,24
45,2026,행정학과,사회계열,51,397,46
45,2026,회계학과,사회계열,30,163,30
45,2026,K방산시스템공학부,공학계열,125,187,92
46,2024,간호학과,의약계열,62,849,62
46,2024,건설방재융합공학과,공학계열,20,30,20
46,2024,건설환경도시교통공학부,공학계열,140,708,140
46,2024,건축공학과,공학계열,50,246,50
46,2024,건축학과,공학계열,29,305,29
46,2024,경영학과,사회계열,36,324,36
46,2024,국제무역학과,사회계열,24,119,24
46,2024,기계공학과,공학계열,84,492,83
46,2024,기타모집단위,인문계열,39,0,0
46,2024,나노화학소재공학과,공학계열,60,222,60
46,2024,물리치료학과,의약계열,38,468,38
46,2024,반도체신소재공학과,공학계열,52,285,52
46,2024,복지?경영학과,사회계열,21,43,21
46,2024,사회복지학과,사회계열,27,266,27
46,2024,산업경영공학과,공학계열,53,197,53
46,2024,산업디자인학과,예체능계열,19,119,19
46,2024,스마트철도교통공학과,공학계열,20,25,20
46,2024,스포츠복지학과,예체능계열,21,32,21
46,2024,스포츠산업학과,사회계열,18,77,18
46,2024,스포츠의학과,예체능계열,20,136,20
46,2024,식품생명학부,자연계열,79,407,79
46,2024,안전공학과,공학계열,50,225,50
46,2024,안전융합공학과,공학계열,25,42,25
46,2024,영어영문학과,인문계열,76,376,76
46,2024,유아교육학과,교육계열,27,188,27
46,2024,유아특수교육학과,교육계열,13,35,13
46,2024,융합경영학과,사회계열,23,139,23
46,2024,음악학과,예체능계열,17,36,16
46,2024,응급구조학과,의약계열,37,478,37
46,2024,이차전지공학과,공학계열,15,24,15
46,2024,자동차공학과,공학계열,53,325,52
46,2024,자유전공학부(충주/증평),인문계열,13,75,13
46,2024,전기공학과,공학계열,62,384,62
46,2024,전자공학과,공학계열,158,795,157
46,2024,중국어학과,인문계열,51,211,51
46,2024,철도경영?물류학과,사회계열,41,297,41
46,2024,철도운전시스템공학과,공학계열,36,490,36
46,2024,철도인프라공학과,공학계열,34,194,34
46,2024,철도전기정보공학과,공학계열,34,193,34
46,2024,철도차량시스템공학과,공학계열,35,258,35
46,2024,커뮤니케이션디자인학과,예체능계열,18,113,18
46,2024,컴퓨터공학과,공학계열,76,440,76
46,2024,컴퓨터소프트웨어학과,공학계열,35,167,35
46,2024,한국어문학과,인문계열,31,147,31
46,2024,항공?기계설계학과,공학계열,60,272,60
46,2024,항공서비스학과,사회계열,22,419,22
46,2024,항공운항학과,공학계열,27,312,27
46,2024,행정정보융합학과,사회계열,29,175,29
46,2024,행정학과,사회계열,44,321,44
46,2024,화공생물공학과,공학계열,60,289,60
46,2024,AI?데이터공학부,공학계열,55,421,55
46,2024,IT응용융합학과,공학계열,30,8,6
46,2025,간호학과,의약계열,64,610,64
46,2025,건설방재융합공학과,공학계열,20,29,20
46,2025,건설환경도시교통공학부,공학계열,133,826,133
46,2025,건축공학과,공학계열,48,229,48
46,2025,건축학과,공학계열,29,258,29
46,2025,경영학과,사회계열,34,270,34
46,2025,공대자유전공학부,무전공,19,69,19
46,2025,국제무역학과,사회계열,23,211,23
46,2025,기계공학과,공학계열,77,445,77
46,2025,기타모집단위,인문계열,38,0,0
46,2025,나노화학소재공학과,공학계열,57,283,56
46,2025,물리치료학과,의약계열,38,427,38
46,2025,반도체신소재공학과,공학계열,49,352,49
46,2025,복지?경영학과,사회계열,21,30,19
46,2025,사회복지학과,사회계열,26,240,26
46,2025,사회자유전공학부,사회계열,6,35,6
46,2025,산업경영공학과,공학계열,50,222,50
46,2025,산업디자인학과,예체능계열,18,233,17
46,2025,생명자유전공학부,자연계열,4,17,4
46,2025,스마트철도교통공학과,공학계열,20,27,20
46,2025,스포츠복지학과,예체능계열,21,39,21
46,2025,스포츠산업학과,사회계열,18,128,18
46,2025,스포츠의학과,예체능계열,19,103,19
46,2025,식품생명학부,자연계열,75,361,75
46,2025,안전공학과,공학계열,48,244,48
46,2025,안전융합공학과,공학계열,25,38,25
46,2025,영어영문학과,인문계열,72,510,72
46,2025,유아교육학과,교육계열,27,188,27
46,2025,유아특수교육학과,교육계열,13,53,13
46,2025,융합경영학과,사회계열,23,161,23
46,2025,융합자유전공학부,사회계열,20,243,20
46,2025,음악학과,예체능계열,17,56,16
46,2025,응급구조학과,의약계열,36,406,36
46,2025,이차전지공학과,공학계열,15,23,13
46,2025,인문자유전공학부,인문계열,5,28,5
46,2025,자동차공학과,공학계열,51,342,51
46,2025,자유전공학부(충주),무전공,30,221,30
46,2025,전기공학과,공학계열,55,251,55
46,2025,전자공학과,공학계열,150,679,150
46,2025,중국어학과,인문계열,49,255,49
46,2025,철도경영?물류학과,사회계열,41,325,41
46,2025,철도대학자유전공학부,무전공,10,64,10
46,2025,철도운전시스템공학과,공학계열,37,342,37
46,2025,철도인프라공학과,공학계열,33,304,33
46,2025,철도전기정보공학과,공학계열,32,223,32
46,2025,철도차량시스템공학과,공학계열,34,270,34
46,2025,커뮤니케이션디자인학과,예체능계열,17,137,17
46,2025,컴퓨터공학과,공학계열,72,352,72
46,2025,컴퓨터소프트웨어학과,공학계열,32,156,32
46,2025,한국어문학과,인문계열,28,176,28
46,2025,항공?기계설계학과,공학계열,57,356,57
46,2025,항공서비스학과,사회계열,21,510,21
46,2025,항공운항학과,공학계열,27,402,27
46,2025,행정정보융합학과,사회계열,28,267,28
46,2025,행정학과,사회계열,42,338,42
46,2025,화공생물공학과,공학계열,57,259,57
46,2025,AI?데이터공학부,공학계열,52,316,51
46,2026,간호학과,의약계열,60,443,61
46,2026,건설방재융합공학과,공학계열,20,38,20
46,2026,건설환경도시교통공학부,공학계열,133,1078,134
46,2026,건축공학과,공학계열,48,309,48
46,2026,건축학과,공학계열,29,248,29
46,2026,경영학과,사회계열,34,272,34
46,2026,국제무역학과,사회계열,23,153,23
46,2026,기계공학과,공학계열,77,417,77
46,2026,나노메디컬공학부,자연계열,41,399,41
46,2026,나노화학소재공학과,공학계열,57,436,57
46,2026,물리치료학과,의약계열,38,501,38
46,2026,반도체신소재공학과,공학계열,48,269,48
46,2026,사회복지학과,사회계열,26,230,27
46,2026,산업경영공학과,공학계열,50,529,50
46,2026,산업디자인학과,예체능계열,18,235,17
46,2026,생명공학전공,자연계열,0,28,0
46,2026,생명자유전공학부,자연계열,4,75,4
46,2026,스마트철도교통공학과,공학계열,20,30,20
46,2026,스포츠복지학과,예체능계열,22,27,20
46,2026,스포츠산업학과,사회계열,18,155,18
46,2026,스포츠의학과,예체능계열,19,86,19
46,2026,식품공학전공,자연계열,0,28,0
46,2026,식품생명학부,자연계열,75,419,74
46,2026,식품영양학전공,자연계열,0,41,0
46,2026,안전공학과,공학계열,48,219,48
46,2026,안전융합공학과,공학계열,25,38,25
46,2026,영어영문학과,인문계열,72,597,72
46,2026,유아교육학과,교육계열,27,227,27
46,2026,유아특수교육학과,교육계열,13,107,13
46,2026,융합경영학과,사회계열,22,126,23
46,2026,음악학과,예체능계열,16,117,16
46,2026,응급구조학과,의약계열,36,414,36
46,2026,이차전지공학과,공학계열,16,22,14
46,2026,자동차공학과,공학계열,68,592,68
46,2026,자유전공학부(충주),무전공,80,1030,80
46,2026,전기공학과,공학계열,55,308,55
46,2026,전자공학과,공학계열,150,668,150
46,2026,중국어학과,인문계열,49,364,49
46,2026,철도경영·물류학과,사회계열,38,477,41
46,2026,철도대학자유전공학부,무전공,10,87,10
46,2026,철도운전시스템공학과,공학계열,34,326,37
46,2026,철도인프라공학과,공학계열,32,268,33
46,2026,철도전기정보공학과,공학계열,32,211,32
46,2026,철도차량시스템공학과,공학계열,32,231,33
46,2026,철도AI·데이터공학부,공학계열,51,473,56
46,2026,커뮤니케이션디자인학과,예체능계열,17,133,17
46,2026,컴퓨터공학과,공학계열,72,486,72
46,2026,컴퓨터소프트웨어학과,공학계열,32,228,33
46,2026,한국어문학과,인문계열,28,135,28
46,2026,항공모빌리티학부,공학계열,62,677,61
46,2026,항공서비스학과,사회계열,21,624,21
46,2026,항공운항학과,공학계열,27,311,27
46,2026,행정정보융합학과,사회계열,28,177,28
46,2026,행정학과,사회계열,42,295,42
46,2026,화공생물공학과,공학계열,57,438,57
47,2024,경제산업학부,사회계열,22,11,11
47,2024,국제관계학과,사회계열,34,234,34
47,2024,국제무역경제학부,사회계열,68,529,69
47,2024,기계공학부(기계시스템공학전공),공학계열,48,373,47
47,2024,기계공학부(냉동공조공학전공),공학계열,34,243,34
47,2024,기관시스템공학부,공학계열,195,961,194
47,2024,기타모집단위,인문계열,23,0,0
47,2024,동아시아학과,인문계열,30,251,30
47,2024,물류시스템공학과,공학계열,37,214,37
47,2024,법무비즈니스학부,사회계열,14,0,0
47,2024,에너지자원공학과,공학계열,32,188,32
47,2024,인공지능공학부(지능제어시스템공학전공),공학계열,26,159,26
47,2024,인공지능공학부(컴퓨터공학전공),공학계열,26,237,27
47,2024,전자전기정보공학부(나노반도체공학전공),공학계열,27,170,27
47,2024,전자전기정보공학부(데이터사이언스전공),자연계열,30,140,29
47,2024,전자전기정보공학부(전기전자공학전공),공학계열,40,357,40
47,2024,전자전기정보공학부(전자정보통신공학전공),공학계열,33,172,33
47,2024,전자전기정보공학부(전파융합공학전공),공학계열,36,187,36
47,2024,조선해양시스템공학부,공학계열,44,375,44
47,2024,토목공학과,공학계열,28,212,28
47,2024,항해융합학부,공학계열,200,1310,199
47,2024,해사법학부,사회계열,45,275,45
47,2024,해사인공지능?보안학부,공학계열,63,415,62
47,2024,해양경찰학부(기관전공),공학계열,32,220,31
47,2024,해양경찰학부(항해전공),공학계열,34,194,34
47,2024,해양공간건축학부,공학계열,47,361,46
47,2024,해양공학과,공학계열,31,176,31
47,2024,"해양과학융합학부(해양생물공학전공, 수산바이오공학전공)",자연계열,37,300,37
47,2024,해양과학융합학부(해양환경학전공),자연계열,24,143,24
47,2024,해양군사학부,사회계열,20,10,7
47,2024,해양스포츠과학과,예체능계열,26,230,26
47,2024,해양신소재융합공학과,공학계열,33,129,33
47,2024,해양영어영문학과,인문계열,29,135,29
47,2024,해양행정학과,사회계열,25,257,25
47,2024,해운경영학부,사회계열,54,485,54
47,2024,환경공학과,자연계열,30,144,30
47,2025,경제산업학부,사회계열,20,8,7
47,2025,국제관계학과,사회계열,35,230,35
47,2025,국제무역경제학부,사회계열,65,522,65
47,2025,기계공학부(기계시스템공학전공),공학계열,47,479,47
47,2025,기계공학부(냉동공조공학전공),공학계열,34,282,34
47,2025,기관시스템공학부,공학계열,191,1605,194
47,2025,기타모집단위,인문계열,41,0,0
47,2025,동아시아학과,인문계열,30,249,30
47,2025,물류시스템공학과,공학계열,37,207,37
47,2025,법무비즈니스학부(법무비즈니스전공),사회계열,12,0,0
47,2025,에너지자원공학과,공학계열,32,296,32
47,2025,인공지능공학부(지능제어시스템공학전공),공학계열,26,174,26
47,2025,인공지능공학부(컴퓨터공학전공),공학계열,26,313,26
47,2025,전자전기정보공학부(나노반도체공학전공),공학계열,27,262,27
47,2025,전자전기정보공학부(데이터사이언스전공),자연계열,29,185,29
47,2025,전자전기정보공학부(전기전자공학전공),공학계열,39,281,39
47,2025,전자전기정보공학부(전자정보통신공학전공),공학계열,33,233,33
47,2025,전자전기정보공학부(전파모빌리티융합공학전공),공학계열,36,222,36
47,2025,조선해양시스템공학부,공학계열,44,391,44
47,2025,토목공학과,공학계열,28,187,28
47,2025,항해융합학부,공학계열,191,1378,205
47,2025,해사법학부,사회계열,44,214,44
47,2025,해사인공지능?보안학부,공학계열,63,563,63
47,2025,해양건축공학과,공학계열,47,298,47
47,2025,해양경찰학부(기관전공),공학계열,32,251,32
47,2025,해양경찰학부(항해전공),공학계열,33,225,36
47,2025,해양공학과,공학계열,31,289,31
47,2025,"해양과학융합학부(해양생물공학전공, 수산바이오공학전공)",자연계열,37,322,37
47,2025,해양과학융합학부(해양환경학전공),자연계열,24,179,24
47,2025,해양군사학부,사회계열,20,11,9
47,2025,해양스포츠과학과,예체능계열,26,351,26
47,2025,해양신소재융합공학과,공학계열,33,230,33
47,2025,해양영어영문학과,인문계열,29,285,29
47,2025,해양행정학과,사회계열,25,149,25
47,2025,해운경영학부,사회계열,54,442,54
47,2025,환경공학과,자연계열,29,196,30
47,2026,경제산업학부,사회계열,20,5,5
47,2026,국제관계학과,사회계열,31,253,31
47,2026,국제무역경제학부,사회계열,54,811,55
47,2026,기계공학부(기계시스템공학전공),공학계열,48,623,48
47,2026,기계공학부(냉동공조공학전공),공학계열,34,323,34
47,2026,기관시스템공학부,공학계열,191,1627,195
47,2026,기타모집단위,인문계열,4,0,0
47,2026,동아시아학과,인문계열,29,388,30
47,2026,물류시스템공학과,공학계열,37,248,37
47,2026,에너지자원공학과,공학계열,32,303,32
47,2026,인공지능공학부(지능제어시스템공학전공),공학계열,26,225,27
47,2026,인공지능공학부(컴퓨터공학전공),공학계열,26,311,29
47,2026,인문사회자율전공학부,인문계열,27,272,27
47,2026,전자전기정보공학부(나노반도체공학전공),공학계열,42,317,42
47,2026,전자전기정보공학부(데이터사이언스전공),자연계열,28,273,28
47,2026,전자전기정보공학부(전기전자공학전공),공학계열,39,507,39
47,2026,전자전기정보공학부(전자정보통신공학전공),공학계열,33,249,33
47,2026,전자전기정보공학부(전파모빌리티융합공학전공),공학계열,36,340,36
47,2026,조선해양시스템공학부,공학계열,44,476,44
47,2026,토목공학과,공학계열,28,338,28
47,2026,항해융합학부,공학계열,191,1251,214
47,2026,해기자율전공학부,공학계열,10,8,3
47,2026,해사법학부,사회계열,41,306,41
47,2026,해사인공지능·보안학부,공학계열,63,539,64
47,2026,해양건축공학과,공학계열,47,494,47
47,2026,해양경찰학부(기관전공),공학계열,32,367,31
47,2026,해양경찰학부(항해전공),공학계열,33,278,35
47,2026,해양공학과,공학계열,31,367,31
47,2026,"해양과학융합학부(해양생물공학전공, 수산바이오공학전공)",자연계열,37,387,39
47,2026,해양과학융합학부(해양환경학전공),자연계열,24,189,24
47,2026,해양군사학부,사회계열,20,11,11
47,2026,해양문화관광학과,사회계열,40,25,24
47,2026,해양스포츠과학과,예체능계열,26,260,26
47,2026,해양신소재융합공학과,공학계열,33,254,32
47,2026,해양영어영문학과,인문계열,28,380,28
47,2026,해양행정학과,사회계열,24,397,24
47,2026,해운경영학부,사회계열,46,766,47
47,2026,환경공학과,자연계열,29,240,30
48,2024,건설환경공학과,공학계열,137,974,137
48,2024,건축공학과,공학계열,71,616,71
48,2024,건축학과(5년제),공학계열,25,513,25
48,2024,경제학과,사회계열,67,626,67
48,2024,공공행정학과,사회계열,35,454,38
48,2024,기계공학과,공학계열,150,1104,149
48,2024,기계소재융합시스템공학과,공학계열,20,40,26
48,2024,기타모집단위,인문계열,110,0,0
48,2024,도시공학과,공학계열,62,518,62
48,2024,모바일융합공학과,공학계열,42,284,41
48,2024,반도체시스템공학과,공학계열,30,208,30
48,2024,산업경영공학과,공학계열,69,435,69
48,2024,산업디자인학과,예체능계열,52,454,52
48,2024,생활디자인학과,예체능계열,21,30,14
48,2024,설비공학과,공학계열,62,395,62
48,2024,스포츠건강과학과,예체능계열,11,23,11
48,2024,시각?영상디자인학과,예체능계열,53,550,53
48,2024,신소재공학과,공학계열,152,919,152
48,2024,영어영문학과,인문계열,62,445,63
48,2024,융합건설시스템학과,공학계열,11,30,11
48,2024,융합경영학과,사회계열,58,617,58
48,2024,융합기술학과,공학계열,50,27,27
48,2024,응용소프트웨어학과,공학계열,12,28,17
48,2024,인공지능소프트웨어학과,공학계열,41,406,41
48,2024,일본어과,인문계열,62,634,62
48,2024,전기공학과,공학계열,74,557,75
48,2024,전기시스템공학과,공학계열,11,44,19
48,2024,전자공학과,공학계열,147,947,147
48,2024,정보통신공학과,공학계열,42,274,41
48,2024,중국어과,인문계열,67,598,67
48,2024,지능미디어공학과,공학계열,43,250,43
48,2024,창업경영학과,사회계열,20,45,18
48,2024,창의융합학과,공학계열,46,248,46
48,2024,컴퓨터공학과,공학계열,72,894,72
48,2024,화학생명공학과,자연계열,126,1022,126
48,2024,회계세무부동산학과,사회계열,20,80,40
48,2024,회계세무학과,사회계열,53,544,53
48,2025,건설환경공학과,공학계열,98,750,97
48,2025,건축공학과,공학계열,51,382,50
48,2025,건축학과(5년제),공학계열,25,431,25
48,2025,경제학과,사회계열,47,457,48
48,2025,공공행정학과,사회계열,25,279,29
48,2025,공학건설학부,공학계열,165,1021,165
48,2025,기계공학과,공학계열,109,1115,109
48,2025,기계소재융합시스템공학과,공학계열,16,43,20
48,2025,기타모집단위,인문계열,92,0,0
48,2025,도시공학과,공학계열,44,424,44
48,2025,모바일융합공학과,공학계열,30,203,30
48,2025,반도체시스템공학과,공학계열,30,227,30
48,2025,산업경영공학과,공학계열,49,383,49
48,2025,산업디자인학과,예체능계열,60,417,60
48,2025,설비공학과,공학계열,44,416,44
48,2025,스포츠건강과학과,예체능계열,11,18,10
48,2025,시각?영상디자인학과,예체능계열,61,554,61
48,2025,신소재공학과,공학계열,109,748,109
48,2025,영어영문학과,인문계열,45,431,45
48,2025,융합건설시스템학과,공학계열,11,29,18
48,2025,융합경영학과,사회계열,56,500,56
48,2025,융합기술학과,공학계열,50,34,31
48,2025,인공지능소프트웨어학과,공학계열,41,332,41
48,2025,인문사회경상학부,무전공,80,1102,80
48,2025,일본어과,인문계열,44,618,44
48,2025,자율전공학부,무전공,163,1740,163
48,2025,전기공학과,공학계열,52,464,52
48,2025,전기시스템공학과,공학계열,11,53,26
48,2025,전자공학과,공학계열,106,668,106
48,2025,정보기술학부,공학계열,79,682,79
48,2025,정보통신공학과,공학계열,31,198,31
48,2025,중국어과,인문계열,48,395,47
48,2025,지능미디어공학과,공학계열,30,287,30
48,2025,창의융합학과,공학계열,33,325,33
48,2025,컴퓨터공학과,공학계열,52,541,53
48,2025,통합물관리학과,자연계열,25,21,21
48,2025,화학생명공학과,자연계열,90,739,90
48,2025,회계세무부동산학과,사회계열,20,81,34
48,2025,회계세무학과,사회계열,38,359,38
48,2026,건설환경공학과,공학계열,97,779,97
48,2026,건축공학과,공학계열,51,632,53
48,2026,건축설비시스템공학과,공학계열,44,790,44
48,2026,건축학과(5년제),공학계열,25,364,25
48,2026,경제학과,사회계열,47,470,50
48,2026,공공행정학과,사회계열,25,333,29
48,2026,공학건설학부,공학계열,165,1463,165
48,2026,기계공학과,공학계열,108,873,109
48,2026,기타모집단위,인문계열,99,0,0
48,2026,도시공학과,공학계열,44,333,45
48,2026,모바일융합공학과,공학계열,31,254,31
48,2026,반도체시스템공학과,공학계열,30,231,30
48,2026,빅데이터헬스케어융합학과,공학계열,30,220,30
48,2026,산업경영공학과,공학계열,49,557,50
48,2026,산업디자인학과,예체능계열,57,465,56
48,2026,시각·영상디자인학과,예체능계열,57,565,58
48,2026,신소재공학과,공학계열,109,721,109
48,2026,영어영문학과,인문계열,47,447,47
48,2026,우주국방첨단융합학과,공학계열,35,238,35
48,2026,융합건설시스템학과,공학계열,12,44,24
48,2026,융합경영학과,사회계열,53,1026,56
48,2026,융합기술학과,공학계열,50,35,30
48,2026,인공지능소프트웨어학과,공학계열,41,281,41
48,2026,인문사회경상학부,무전공,80,918,80
48,2026,일본어과,인문계열,47,529,47
48,2026,자율전공학부,무전공,164,1840,164
48,2026,전기공학과,공학계열,52,441,52
48,2026,전기시스템공학과,공학계열,11,89,34
48,2026,전자공학과,공학계열,105,633,105
48,2026,정보기술학부,공학계열,79,492,79
48,2026,정보통신공학과,공학계열,30,198,30
48,2026,중국어과,인문계열,48,397,50
48,2026,지능미디어공학과,공학계열,30,234,30
48,2026,창의융합학과,공학계열,32,326,32
48,2026,컴퓨터공학과,공학계열,51,354,53
48,2026,화학생명공학과,자연계열,89,664,90
48,2026,회계세무부동산학과,사회계열,21,104,44
48,2026,회계세무학과,사회계열,38,279,38
49,2024,건설시스템공학부,공학계열,73,795,73
49,2024,건축학부,공학계열,74,731,73
49,2024,경영정보학부,사회계열,58,535,58
49,2024,경영학부,사회계열,13,112,13
49,2024,경영학전공,사회계열,116,1289,116
49,2024,경제학과,사회계열,63,805,63
49,2024,공간디자인학과,예체능계열,37,134,37
49,2024,공업디자인학과,예체능계열,37,127,37
49,2024,관현악전공,예체능계열,35,229,35
49,2024,광고홍보학전공,사회계열,32,391,32
49,2024,교육학과,교육계열,36,434,36
49,2024,국어국문학전공,인문계열,35,495,35
49,2024,국제통상학과,사회계열,63,693,63
49,2024,글로벌경영전공,사회계열,12,164,12
49,2024,글로벌한국어전공,인문계열,10,65,10
49,2024,금속공예학과,예체능계열,25,129,25
49,2024,기계공학부,공학계열,182,1676,182
49,2024,기계금속재료전공,공학계열,60,520,60
49,2024,기업경영학부,사회계열,123,885,122
49,2024,기업융합법학과,사회계열,50,244,48
49,2024,나노소재전공,공학계열,42,463,42
49,2024,나노전자물리학과,자연계열,45,461,45
49,2024,도자공예학과,예체능계열,24,110,24
49,2024,러시아?유라시아학과,인문계열,32,391,32
49,2024,무용전공,예체능계열,26,320,26
49,2024,미디어·광고학부,사회계열,11,69,11
49,2024,미디어전공,사회계열,39,386,39
49,2024,미래모빌리티학과,공학계열,35,231,35
49,2024,바이오발효융합학과,자연계열,44,748,44
49,2024,바이오의약전공,자연계열,35,348,35
49,2024,법학부,사회계열,120,1012,119
49,2024,사회학과,사회계열,42,435,42
49,2024,산림환경시스템학과,자연계열,41,610,41
49,2024,성악전공,예체능계열,23,124,22
49,2024,소프트웨어학부,공학계열,119,1519,119
49,2024,스포츠건강재활학과,예체능계열,31,554,31
49,2024,스포츠교육학과,예체능계열,38,497,38
49,2024,스포츠산업레저학과,예체능계열,28,419,28
49,2024,시각디자인학과,예체능계열,43,504,43
49,2024,식품영양학과,자연계열,43,549,43
49,2024,신소재공학부,공학계열,9,76,8
49,2024,연극전공,예체능계열,21,1537,21
49,2024,영상디자인학과,예체능계열,35,131,35
49,2024,영어영문학부,인문계열,75,917,74
49,2024,영화전공,예체능계열,20,1029,20
49,2024,응용화학부,자연계열,7,60,7
49,2024,의상디자인학과,예체능계열,37,125,37
49,2024,인공지능학부,공학계열,59,728,59
49,2024,일본학과,인문계열,33,325,33
49,2024,임산생명공학과,자연계열,41,647,41
49,2024,입체미술전공,예체능계열,20,82,20
49,2024,자동차?운송디자인학과,예체능계열,32,95,32
49,2024,자동차공학과,공학계열,87,569,87
49,2024,자동차IT융합학과,공학계열,54,284,54
49,2024,작곡전공,예체능계열,15,30,15
49,2024,재무금융전공,사회계열,48,443,47
49,2024,재무금융회계학부,사회계열,7,57,7
49,2024,전자공학부,공학계열,15,123,15
49,2024,전자시스템공학전공,공학계열,83,685,83
49,2024,전자화학재료전공,공학계열,60,553,60
49,2024,정보보안암호수학과,자연계열,48,365,48
49,2024,정치외교학과,사회계열,54,673,54
49,2024,중국어문전공,인문계열,42,568,42
49,2024,중국정경전공,사회계열,30,424,30
49,2024,중국학부,인문계열,5,38,5
49,2024,지능전자공학전공,공학계열,45,463,45
49,2024,지능형반도체융합전자전공,공학계열,95,669,95
49,2024,피아노전공,예체능계열,18,418,18
49,2024,한국어문학부,인문계열,4,37,4
49,2024,한국역사학과,인문계열,59,508,59
49,2024,행정학과,사회계열,74,523,74
49,2024,회계학전공,사회계열,47,370,47
49,2024,회화전공,예체능계열,35,363,34
49,2024,AI디자인학과,예체능계열,31,395,31
49,2024,AI빅데이터융합경영학과,사회계열,78,847,78
49,2024,KMU International Business school,사회계열,51,331,51
49,2025,건설시스템공학부,공학계열,52,569,55
49,2025,건축학부,공학계열,51,577,51
49,2025,경영정보학부,사회계열,36,432,39
49,2025,경영학부,사회계열,142,1869,149
49,2025,경제학과,사회계열,44,456,45
49,2025,공간디자인학과,예체능계열,33,120,33
49,2025,공업디자인학과,예체능계열,24,78,24
49,2025,관현악전공,예체능계열,35,220,35
49,2025,광고홍보학전공,사회계열,26,351,26
49,2025,교육학과,교육계열,35,413,34
49,2025,국어국문학전공,인문계열,26,296,26
49,2025,국제통상학과,사회계열,42,429,47
49,2025,글로벌경영전공,사회계열,25,124,25
49,2025,글로벌한국어전공,인문계열,7,73,7
49,2025,금속공예학과,예체능계열,23,124,23
49,2025,기계공학부,공학계열,123,1420,126
49,2025,기계금속재료전공,공학계열,42,371,41
49,2025,기업경영학부,사회계열,108,657,108
49,2025,기업융합법학과,사회계열,52,236,52
49,2025,기타모집단위,인문계열,96,0,0
49,2025,나노소재전공,공학계열,29,477,29
49,2025,나노전자물리학과,자연계열,30,336,31
49,2025,도자공예학과,예체능계열,19,109,19
49,2025,러시아?유라시아학과,인문계열,23,310,24
49,2025,무용전공,예체능계열,27,331,26
49,2025,미디어·광고학부,사회계열,3,93,7
49,2025,미디어전공,사회계열,27,345,27
49,2025,미래모빌리티학과,공학계열,32,287,33
49,2025,미래융합전공,무전공,528,4247,528
49,2025,바이오발효융합학과,자연계열,30,721,34
49,2025,바이오의약전공,자연계열,28,775,28
49,2025,법학부,사회계열,87,877,87
49,2025,사회학과,사회계열,30,378,30
49,2025,산림환경시스템학과,자연계열,27,484,28
49,2025,성악전공,예체능계열,25,112,25
49,2025,소프트웨어학부,공학계열,79,813,83
49,2025,스포츠건강재활학과,예체능계열,29,482,30
49,2025,스포츠교육학과,예체능계열,30,601,30
49,2025,스포츠산업레저학과,예체능계열,21,233,21
49,2025,시각디자인학과,예체능계열,35,614,35
49,2025,식품영양학과,자연계열,25,552,26
49,2025,신소재공학부,공학계열,5,103,12
49,2025,연극전공,예체능계열,22,2209,22
49,2025,영상디자인학과,예체능계열,26,131,26
49,2025,영어영문학부,인문계열,50,568,54
49,2025,영화전공,예체능계열,13,1367,13
49,2025,응용화학부,자연계열,3,86,6
49,2025,의상디자인학과,예체능계열,27,97,27
49,2025,인공지능학부,공학계열,52,603,55
49,2025,일본학과,인문계열,23,280,23
49,2025,임산생명공학과,자연계열,27,634,30
49,2025,입체미술전공,예체능계열,18,122,18
49,2025,자동차?운송디자인학과,예체능계열,22,74,22
49,2025,자동차융합대학,공학계열,81,597,87
49,2025,자유전공,무전공,300,2111,300
49,2025,작곡전공,예체능계열,15,30,15
49,2025,전자공학부,공학계열,9,127,16
49,2025,전자화학재료전공,공학계열,42,407,42
49,2025,정보보안암호수학과,자연계열,32,356,32
49,2025,정치외교학과,사회계열,37,544,41
49,2025,중국어문전공,인문계열,29,377,29
49,2025,중국정경전공,사회계열,20,214,20
49,2025,중국학부,인문계열,3,42,4
49,2025,지능전자공학전공,공학계열,31,370,30
49,2025,지능형반도체융합전자전공,공학계열,71,799,71
49,2025,지능형ICT융합전공,공학계열,57,613,57
49,2025,피아노전공,예체능계열,18,174,18
49,2025,한국어문학부,인문계열,2,37,5
49,2025,한국역사학과,인문계열,40,471,42
49,2025,행정학과,사회계열,51,441,53
49,2025,회계세무학과,사회계열,20,157,20
49,2025,회화전공,예체능계열,30,373,30
49,2025,AI디자인학과,예체능계열,30,369,30
49,2025,AI빅데이터융합경영학과,사회계열,52,756,56
49,2025,KMU International Business school,사회계열,51,367,51
49,2026,건설시스템공학부,공학계열,51,1406,52
49,2026,건축학부,공학계열,51,1223,53
49,2026,경영정보학부,사회계열,33,538,33
49,2026,경영학전공,사회계열,137,4819,143
49,2026,경제학과,사회계열,45,543,46
49,2026,공간디자인학과,예체능계열,27,133,27
49,2026,공업디자인학과,예체능계열,26,126,26
49,2026,관현악전공,예체능계열,35,243,35
49,2026,광고홍보학전공,사회계열,26,428,27
49,2026,교육학과,교육계열,35,639,35
49,2026,국어국문학전공,인문계열,28,792,30
49,2026,국제통상학과,사회계열,42,446,43
49,2026,글로벌경영전공,사회계열,44,172,44
49,2026,글로벌한국어전공,인문계열,10,280,10
49,2026,금속공예학과,예체능계열,21,138,21
49,2026,기계공학부,공학계열,124,4436,125
49,2026,기업경영학부,사회계열,109,424,109
49,2026,기업융합법학과,사회계열,50,122,48
49,2026,기타모집단위,인문계열,104,0,0
49,2026,나노소재전공,공학계열,31,604,32
49,2026,나노전자물리학과,자연계열,31,665,32
49,2026,도자공예학과,예체능계열,19,143,19
49,2026,동아시아국제학부,사회계열,46,1085,46
49,2026,러시아·유라시아학과,인문계열,23,588,23
49,2026,모빌리티전력전자융합전공,공학계열,33,780,33
49,2026,무용전공,예체능계열,26,361,26
49,2026,미디어전공,사회계열,32,992,33
49,2026,미래모빌리티학과,공학계열,30,712,30
49,2026,미래융합전공,무전공,530,4181,574
49,2026,바이오의약전공,자연계열,28,804,30
49,2026,법학부,사회계열,82,5586,85
49,2026,사회학과,사회계열,29,824,30
49,2026,산림환경시스템학과,자연계열,27,644,29
49,2026,성악전공,예체능계열,26,136,26
49,2026,소프트웨어학부,공학계열,71,1492,79
49,2026,스포츠건강재활학과,예체능계열,27,577,27
49,2026,스포츠교육학과,예체능계열,28,494,29
49,2026,스포츠산업레저학과,예체능계열,23,196,23
49,2026,시각디자인학과,예체능계열,43,671,43
49,2026,식품영양학과,자연계열,26,868,27
49,2026,에너지·모빌리티재료전공,공학계열,45,947,46
49,2026,연극전공,예체능계열,20,1982,20
49,2026,영상디자인학과,예체능계열,22,119,22
49,2026,영어영문학부,인문계열,48,1227,50
49,2026,영화전공,예체능계열,13,669,13
49,2026,융합바이오공학과,공학계열,30,1325,30
49,2026,의상디자인학과,예체능계열,27,143,28
49,2026,인공지능학부,공학계열,42,743,45
49,2026,임산생명공학과,자연계열,27,651,28
49,2026,입체미술전공,예체능계열,18,93,18
49,2026,자동차·운송디자인학과,예체능계열,21,96,21
49,2026,자동차모빌리티대학,공학계열,85,1867,89
49,2026,자유전공,무전공,300,2933,300
49,2026,작곡전공,예체능계열,15,31,15
49,2026,전자화학재료전공,공학계열,44,1078,47
49,2026,정보보안암호수학과,자연계열,32,1386,32
49,2026,정치외교학과,사회계열,37,808,37
49,2026,중어중문학과,인문계열,31,560,31
49,2026,지능형반도체융합전자전공,공학계열,75,1477,80
49,2026,지능형ICT융합전공,공학계열,61,932,64
49,2026,피아노전공,예체능계열,20,109,19
49,2026,한국역사학과,인문계열,40,1134,41
49,2026,행정학과,사회계열,51,1630,54
49,2026,회계세무학과,사회계열,20,90,20
49,2026,회화전공,예체능계열,32,326,32
49,2026,AI디자인학과,예체능계열,31,428,31
49,2026,AI빅데이터융합경영학과,사회계열,53,793,54
49,2026,KMU International Business school,사회계열,49,622,49
50,2024,간호학과,의약계열,91,352,91
50,2024,경영학과,사회계열,11,21,11
50,2024,과학기술학부,자연계열,66,249,54
50,2024,기타모집단위,인문계열,25,0,0
50,2024,디자인학과,예체능계열,22,79,6
50,2024,만화?애니메이션학과,예체능계열,41,236,41
50,2024,미디어영상제작학과,예체능계열,23,91,9
50,2024,방사선학과,의약계열,35,216,35
50,2024,사회체육학과,예체능계열,31,75,11
50,2024,시니어복지상담학과,사회계열,0,1,0
50,2024,연극연기학과,예체능계열,45,343,45
50,2024,인재개발학부,교육계열,155,326,118
50,2024,임상병리학과,의약계열,36,128,36
50,2024,작업치료학과,의약계열,46,112,26
50,2024,초등특수교육전공,교육계열,25,57,20
50,2024,항공모빌리티학과,공학계열,48,106,20
50,2024,항공운항서비스학과,사회계열,51,511,51
50,2024,항공운항학과,공학계열,37,97,33
50,2024,항공정비학과,공학계열,48,108,43
50,2024,항공학부,공학계열,33,133,19
50,2024,호텔경영학과,사회계열,154,446,134
50,2025,간호학과,의약계열,97,810,96
50,2025,경영학과,사회계열,45,165,42
50,2025,경영호텔학부,사회계열,30,80,15
50,2025,경찰안전학과,사회계열,15,62,10
50,2025,과학기술학부,자연계열,25,96,22
50,2025,군사안보학과,사회계열,20,50,19
50,2025,기타모집단위,인문계열,32,0,0
50,2025,디자인학과,예체능계열,16,54,3
50,2025,만화?애니메이션학과,예체능계열,40,200,40
50,2025,미디어영상제작학과,예체능계열,16,76,11
50,2025,미래사회복지학과,사회계열,3,3,3
50,2025,반도체협약학과,공학계열,10,26,6
50,2025,방사선학과,의약계열,37,278,37
50,2025,뷰티화장품학과,자연계열,15,44,14
50,2025,사회복지학과,사회계열,56,138,54
50,2025,사회체육학과,예체능계열,21,83,20
50,2025,산업보안조사학과,공학계열,12,21,10
50,2025,소프트웨어학과,공학계열,10,121,4
50,2025,수소안전학과,공학계열,10,19,8
50,2025,안경광학과,공학계열,15,42,12
50,2025,연극연기학과,예체능계열,40,247,40
50,2025,인재개발학부,교육계열,40,80,33
50,2025,임상병리학과,의약계열,36,166,34
50,2025,작업치료학과,의약계열,46,118,36
50,2025,재활상담치료학과,의약계열,15,30,11
50,2025,친환경에너지학과,공학계열,10,18,10
50,2025,한국어학과,인문계열,10,26,8
50,2025,항공모빌리티학과,공학계열,48,43,8
50,2025,항공안전관리학과,공학계열,12,30,11
50,2025,항공운항서비스학과,사회계열,25,376,31
50,2025,항공운항학과,공학계열,33,131,33
50,2025,항공정비학과,공학계열,36,125,36
50,2025,항공학부,공학계열,5,16,4
50,2025,해킹보안학과,공학계열,17,57,12
50,2025,헬리콥터조종학과,공학계열,12,24,5
50,2025,호텔경영학과,사회계열,65,229,63
50,2025,호텔외식조리학과,자연계열,21,89,19
50,2025,AI컴퓨터공학과,공학계열,25,95,13
50,2025,K-컬처학부,예체능계열,10,16,8
50,2026,간호학과,의약계열,100,697,119
50,2026,글로벌융합학부,사회계열,105,548,105
50,2026,기타모집단위,인문계열,45,0,0
50,2026,만화·애니메이션학과,예체능계열,40,259,40
50,2026,방사선학과,의약계열,31,409,38
50,2026,사회복지학부,사회계열,365,938,351
50,2026,스포츠재활학과,예체능계열,41,143,41
50,2026,실용음악학과,예체능계열,30,33,29
50,2026,연극연기학과,예체능계열,40,245,40
50,2026,임상병리학과,의약계열,35,222,36
50,2026,작업치료학과,의약계열,52,253,48
50,2026,항공안전관리학과,공학계열,32,247,30
50,2026,항공운항서비스학과,사회계열,40,621,47
50,2026,항공운항학과,공학계열,51,162,52
50,2026,항공정비학과,공학계열,37,282,40
50,2026,해킹보안학과,공학계열,26,153,26
51,2024,프라마나(仁問과학)학부,인문계열,116,65,0
51,2025,프라마나(仁問과학)학부,인문계열,110,39,0
51,2026,불교문화학부,인문계열,50,30,15
51,2026,프라마나전공,인문계열,60,0,25
51,2026,프라마나학부,인문계열,0,115,0
52,2024,간호학과,의약계열,148,1237,145
52,2024,건강재활서비스학과,예체능계열,25,29,20
52,2024,경찰소방학과,사회계열,28,106,25
52,2024,물리치료학과,의약계열,71,546,68
52,2024,방사선학과,의약계열,62,324,62
52,2024,사회복지상담학부(사회복지전공),사회계열,20,65,20
52,2024,사회복지상담학부(상담심리전공),인문계열,20,48,20
52,2024,산업안전경영학부(산업경영전공),공학계열,20,40,20
52,2024,산업안전경영학부(산업안전전공),공학계열,20,47,20
52,2024,생활체육학과,예체능계열,60,121,46
52,2024,스마트모빌리티학과,공학계열,23,43,23
52,2024,스마트물류시스템공학과,사회계열,25,25,20
52,2024,스포츠재활학과,예체능계열,22,101,16
52,2024,안경광학과,공학계열,20,55,19
52,2024,유아교육과,교육계열,15,60,14
52,2024,임상병리학과,의약계열,40,168,38
52,2024,치기공학과,의약계열,20,66,19
52,2024,치위생학과,의약계열,42,160,28
52,2025,간호학과,의약계열,151,983,128
52,2025,건강재활서비스학과,예체능계열,25,41,21
52,2025,경찰소방학과,사회계열,28,93,28
52,2025,물리치료학과,의약계열,72,457,65
52,2025,방사선학과,의약계열,62,312,58
52,2025,사회복지상담학부(사회복지전공),사회계열,62,116,62
52,2025,사회복지상담학부(상담심리전공),인문계열,21,63,21
52,2025,산업안전학과,공학계열,20,59,20
52,2025,생활체육학과,예체능계열,40,98,39
52,2025,스마트모빌리티학과,공학계열,33,67,33
52,2025,스마트물류시스템공학과,사회계열,25,46,21
52,2025,스포츠재활학과,예체능계열,20,78,20
52,2025,신학과,인문계열,20,24,20
52,2025,안경광학과,공학계열,21,61,21
52,2025,유아교육과,교육계열,15,49,14
52,2025,임상병리학과,의약계열,40,143,38
52,2025,치기공학과,의약계열,20,59,20
52,2025,치위생학과,의약계열,40,125,40
52,2025,K-글로벌학과,사회계열,100,116,100
52,2026,간호학과,의약계열,154,1059,160
52,2026,건강재활서비스학과,예체능계열,25,33,23
52,2026,경찰소방학과,사회계열,20,119,20
52,2026,물리치료학과,의약계열,69,404,69
52,2026,방사선학과,의약계열,65,489,65
52,2026,사회복지학과,사회계열,23,70,23
52,2026,산업안전학과,공학계열,20,29,20
52,2026,상담심리학과,인문계열,21,78,21
52,2026,생활체육학과,예체능계열,20,68,19
52,2026,스마트모빌리티학과,공학계열,27,60,27
52,2026,스마트물류시스템공학과,사회계열,25,40,23
52,2026,스포츠재활학과,예체능계열,20,128,20
52,2026,신학과,인문계열,21,53,21
52,2026,안경광학과,공학계열,20,68,20
52,2026,유아교육과,교육계열,14,66,14
52,2026,음악학과,예체능계열,20,54,20
52,2026,임상병리학과,의약계열,35,207,35
52,2026,자율전공학부,무전공,23,142,23
52,2026,치기공학과,의약계열,20,106,19
52,2026,치위생학과,의약계열,33,188,33
52,2026,K-글로벌학과,사회계열,40,93,40
53,2024,간호학과,의약계열,60,595,69
53,2024,경영학과,사회계열,41,213,22
53,2024,경찰행정학부,사회계열,77,386,61
53,2024,글로벌비즈니스학과,사회계열,6,5,0
53,2024,금융부동산학과,사회계열,42,110,24
53,2024,기독교학부,인문계열,54,60,12
53,2024,기타모집단위,인문계열,58,0,0
53,2024,물리치료학과,의약계열,20,323,24
53,2024,방송시각영상디자인학부,예체능계열,66,379,71
53,2024,사회복지학부,사회계열,112,489,77
53,2024,상담심리학과,인문계열,41,164,33
53,2024,실용음악학과,예체능계열,54,113,30
53,2024,아동심리교육학과,사회계열,56,145,19
53,2024,언어치료학과,교육계열,61,143,41
53,2024,유아특수교육과,교육계열,41,148,40
53,2024,응급구조학과,의약계열,40,235,44
53,2024,임상병리학과,의약계열,25,189,29
53,2024,"재활스포츠학부(특수체육학트랙,스포츠재활트랙)",예체능계열,77,765,73
53,2024,재활의료공학과,의약계열,43,162,34
53,2024,재활자립학부,사회계열,30,121,29
53,2024,중등특수교육과,교육계열,32,116,31
53,2024,쿰칼리지,인문계열,0,981,360
53,2024,태권도학과,예체능계열,55,303,54
53,2024,특수교육과,교육계열,42,126,42
53,2024,항공호텔관광경영학과,사회계열,61,224,23
53,2024,"휴먼재활학부(인간재활학전공,수어통역교육전공)",사회계열,67,146,31
53,2024,IT인공지능학부,공학계열,88,295,24
53,2025,간호학과,의약계열,72,480,72
53,2025,경영학과,사회계열,45,211,35
53,2025,경찰행정학부,사회계열,78,368,61
53,2025,글로벌비즈니스학과,사회계열,5,5,0
53,2025,금융부동산학과,사회계열,32,85,15
53,2025,기독교학부,인문계열,60,60,9
53,2025,물리치료학과,의약계열,24,219,24
53,2025,방송시각영상디자인학부,예체능계열,74,308,67
53,2025,사회복지학부,사회계열,119,467,106
53,2025,상담심리학과,인문계열,42,182,38
53,2025,실용음악학과,예체능계열,54,166,50
53,2025,아동심리교육학과,사회계열,53,103,16
53,2025,언어치료학과,교육계열,64,182,54
53,2025,유아특수교육과,교육계열,43,238,42
53,2025,응급구조학과,의약계열,45,257,45
53,2025,임상병리학과,의약계열,29,163,29
53,2025,"재활스포츠학부(특수체육학트랙,스포츠재활트랙)",예체능계열,77,765,76
53,2025,재활의료공학과,의약계열,42,142,19
53,2025,재활자립학부,사회계열,30,118,30
53,2025,중등특수교육과,교육계열,33,112,32
53,2025,쿰칼리지,무전공,1,1010,290
53,2025,태권도학과,예체능계열,56,267,56
53,2025,특수교육과,교육계열,44,142,42
53,2025,항공호텔관광경영학과,사회계열,71,213,59
53,2025,"휴먼재활학부(인간재활학전공,수어통역교육전공)",사회계열,68,112,23
53,2025,IT인공지능학부,공학계열,87,198,22
53,2026,간호학과,의약계열,86,634,86
53,2026,경영학과,사회계열,49,350,47
53,2026,경찰행정학부,사회계열,70,389,67
53,2026,글로벌융합학과,사회계열,32,32,25
53,2026,금융부동산학과,사회계열,32,129,25
53,2026,기독교학부,인문계열,53,73,17
53,2026,물리치료학과,의약계열,24,269,24
53,2026,방송시각영상디자인학부,예체능계열,72,349,67
53,2026,사회복지학부,사회계열,120,659,110
53,2026,상담심리학과,인문계열,42,192,34
53,2026,수어통역교육학과,인문계열,23,60,18
53,2026,실용음악학과,예체능계열,31,107,31
53,2026,아동심리교육학과,사회계열,32,148,25
53,2026,언어치료학과,교육계열,64,181,61
53,2026,유아특수교육과,교육계열,42,180,41
53,2026,응급구조학과,의약계열,57,439,57
53,2026,인간재활학과,의약계열,33,166,22
53,2026,임상병리학과,의약계열,29,204,29
53,2026,재활스포츠학부,예체능계열,103,801,101
53,2026,재활의료공학과,의약계열,44,167,39
53,2026,재활자립학부,사회계열,30,188,28
53,2026,중등특수교육과,교육계열,33,131,32
53,2026,충남재활고용학과,사회계열,20,66,20
53,2026,쿰칼리지,무전공,23,1458,150
53,2026,태권도학과,예체능계열,56,407,55
53,2026,특수교육과,교육계열,42,143,40
53,2026,항공호텔관광경영학과,사회계열,70,307,65
53,2026,AI융합학부,공학계열,76,279,47
54,2024,간호학과,의약계열,218,1122,213
54,2024,경찰행정학과,사회계열,22,91,17
54,2024,무도경호학과(신),예체능계열,31,65,28
54,2024,물리치료학과,의약계열,60,576,59
54,2024,방사선학과,의약계열,45,230,42
54,2024,사회복지학과,사회계열,20,116,20
54,2024,스포츠레저학과,예체능계열,46,69,29
54,2024,식품영양학과,자연계열,20,69,19
54,2024,유아교육과,교육계열,29,119,27
54,2024,응급구조학과,의약계열,45,162,18
54,2024,자동차기계공학과(신),공학계열,20,50,8
54,2024,전기공학과,공학계열,20,55,14
54,2024,초등특수교육과,교육계열,25,62,20
54,2024,한국어학과,인문계열,1,3,0
54,2024,향장미용학과,예체능계열,25,100,25
54,2024,호텔조리학과,자연계열,25,125,25
54,2024,IT경영학과,사회계열,5,8,5
54,2025,간호학과,의약계열,233,1356,226
54,2025,경찰행정학과,사회계열,20,80,20
54,2025,무도경호학과(신),예체능계열,31,84,31
54,2025,물리치료학과,의약계열,60,536,60
54,2025,방사선학과,의약계열,43,318,42
54,2025,사회복지학과,사회계열,20,78,20
54,2025,스포츠레저학과,예체능계열,39,76,39
54,2025,식품영양학과,자연계열,20,74,20
54,2025,유아교육과,교육계열,30,93,27
54,2025,응급구조학과,의약계열,30,146,25
54,2025,자동차기계공학과(신),공학계열,21,53,20
54,2025,전기공학과,공학계열,20,50,20
54,2025,초등특수교육과,교육계열,25,60,23
54,2025,한국어학과,인문계열,4,9,4
54,2025,한방건강제약학과,자연계열,20,16,12
54,2025,향장미용학과,예체능계열,25,96,25
54,2025,호텔조리학과,자연계열,25,107,25
54,2025,IT경영학과,사회계열,1,4,1
54,2026,간호학과,의약계열,232,1311,231
54,2026,경찰행정학과,사회계열,17,97,17
54,2026,무도경호학과(신),예체능계열,31,98,30
54,2026,물리치료학과,의약계열,60,529,59
54,2026,방사선학과,의약계열,42,400,41
54,2026,사회복지학과,사회계열,17,115,16
54,2026,스포츠레저학과,예체능계열,36,76,35
54,2026,식품영양학과,자연계열,16,65,16
54,2026,유아교육과,교육계열,28,68,26
54,2026,응급구조학과,의약계열,29,260,24
54,2026,자동차기계공학과(신),공학계열,13,94,13
54,2026,자유전공학부,무전공,20,88,20
54,2026,초등특수교육과,교육계열,25,79,25
54,2026,한국어학과,인문계열,11,20,11
54,2026,한방건강제약학과,자연계열,20,18,13
54,2026,향장미용학과,예체능계열,25,82,25
54,2026,호텔조리학과,자연계열,25,113,25
54,2026,AI경영학과,사회계열,32,40,32
54,2026,AI전기공학과,공학계열,16,55,16
55,2024,가상현실학과,공학계열,60,279,60
55,2024,간호학과,의약계열,86,1293,86
55,2024,건축공학과,공학계열,58,263,57
55,2024,건축학과(5),공학계열,50,318,49
55,2024,경영학과,사회계열,105,511,104
55,2024,공간조형디자인학과,예체능계열,84,454,84
55,2024,관광경영학과,사회계열,59,379,58
55,2024,광고홍보학과,사회계열,87,422,86
55,2024,글로벌무역학과,사회계열,96,319,93
55,2024,글로벌한국어문화학과,인문계열,45,45,45
55,2024,드론공간정보공학과,자연계열,80,326,79
55,2024,멀티미디어학과,공학계열,81,422,80
55,2024,물리치료학과,의약계열,48,1249,48
55,2024,보건행정학과,사회계열,101,533,101
55,2024,부동산학과,사회계열,35,176,35
55,2024,뷰티보건학과,예체능계열,42,333,42
55,2024,뷰티향장학과,예체능계열,20,23,13
55,2024,빅데이터경영공학과,공학계열,71,452,70
55,2024,사회복지학과,사회계열,67,557,65
55,2024,세무학과,사회계열,45,226,45
55,2024,스마트팜학과,자연계열,31,202,31
55,2024,스포츠건강관리학과,예체능계열,65,406,65
55,2024,스포츠비즈니스학과,사회계열,58,321,57
55,2024,시각미디어디자인학과,예체능계열,100,655,100
55,2024,실용음악학과,예체능계열,25,135,25
55,2024,아동복지학과,사회계열,93,416,90
55,2024,영상예술디자인학과,예체능계열,90,935,90
55,2024,영어과,인문계열,35,241,34
55,2024,유통마케팅학과,사회계열,63,267,60
55,2024,응급구조학과,의약계열,72,649,72
55,2024,일어일문학과,인문계열,37,280,36
55,2024,임상병리학과,의약계열,48,635,48
55,2024,전자공학과,공학계열,85,370,84
55,2024,중국학과,인문계열,33,173,32
55,2024,지능정보통신공학과,공학계열,81,339,80
55,2024,치위생학과,의약계열,56,780,56
55,2024,컴퓨터소프트웨어학과,공학계열,92,534,91
55,2024,호텔경영학과,사회계열,59,330,58
55,2024,휴먼케어학과,사회계열,52,238,50
55,2025,가상현실학과,공학계열,60,296,60
55,2025,간호학과,의약계열,87,1135,87
55,2025,건축공학과,공학계열,61,401,59
55,2025,건축학과(5),공학계열,55,338,55
55,2025,경영학과,사회계열,119,507,99
55,2025,공간조형디자인학과,예체능계열,84,395,84
55,2025,관광경영학과,사회계열,59,338,59
55,2025,광고홍보학과,사회계열,81,459,81
55,2025,글로벌무역학과,사회계열,84,328,82
55,2025,글로벌한국어문화학과,인문계열,69,70,69
55,2025,드론공간정보공학과,자연계열,77,433,76
55,2025,리안헤어뷰티아트학과,예체능계열,20,39,11
55,2025,멀티미디어학과,공학계열,82,418,80
55,2025,물리치료학과,의약계열,49,685,49
55,2025,보건행정학과,사회계열,114,567,93
55,2025,부동산학과,사회계열,56,169,35
55,2025,뷰티보건학과,예체능계열,65,356,44
55,2025,빅데이터경영공학과,공학계열,68,285,67
55,2025,사회복지학과,사회계열,87,490,66
55,2025,세무학과,사회계열,47,178,46
55,2025,스마트팜학과,자연계열,68,281,48
55,2025,스포츠건강관리학과,예체능계열,67,497,67
55,2025,스포츠비즈니스학과,사회계열,65,350,65
55,2025,시각미디어디자인학과,예체능계열,101,621,101
55,2025,실용음악학과,예체능계열,26,167,26
55,2025,아동복지학과,사회계열,103,417,81
55,2025,영상예술디자인학과,예체능계열,90,1248,90
55,2025,영어과,인문계열,34,249,33
55,2025,유통마케팅학과,사회계열,61,283,58
55,2025,응급구조학과,의약계열,72,500,72
55,2025,일어일문학과,인문계열,37,275,36
55,2025,임상병리학과,의약계열,49,550,49
55,2025,전자공학과,공학계열,86,483,85
55,2025,중국학과,인문계열,31,164,30
55,2025,지능정보통신공학과,공학계열,81,350,80
55,2025,치위생학과,의약계열,60,710,60
55,2025,컴퓨터소프트웨어학과,공학계열,88,533,86
55,2025,호텔경영학과,사회계열,61,364,60
55,2025,휴먼케어학과,사회계열,73,269,50
55,2026,(충남형)리안헤어뷰티아트학과,예체능계열,20,57,20
55,2026,(충남형)융합기술·소프트웨어학과,공학계열,40,5,0
55,2026,가상현실학과,공학계열,60,287,60
55,2026,간호학과,의약계열,108,824,108
55,2026,건축공학과,공학계열,58,323,57
55,2026,건축학과(5),공학계열,47,386,47
55,2026,경영학과,사회계열,120,562,98
55,2026,공간조형디자인학과,예체능계열,84,626,84
55,2026,관광경영학과,사회계열,60,286,59
55,2026,광고홍보학과,사회계열,83,441,82
55,2026,글로벌무역학과,사회계열,76,277,74
55,2026,글로벌스포츠학과,예체능계열,27,30,27
55,2026,글로벌한국어문화학과,인문계열,84,88,84
55,2026,드론공간정보공학과,자연계열,76,417,75
55,2026,리안헤어뷰티아트학과,예체능계열,20,0,0
55,2026,멀티미디어학과,공학계열,84,620,83
55,2026,물리치료학과,의약계열,49,470,49
55,2026,보건행정학과,사회계열,117,597,96
55,2026,부동산학과,사회계열,57,282,37
55,2026,뷰티보건학과,예체능계열,62,406,41
55,2026,빅데이터경영공학과,공학계열,68,420,67
55,2026,사회복지학과,사회계열,86,681,78
55,2026,세무학과,사회계열,39,194,38
55,2026,스마트팜학과,자연계열,69,223,49
55,2026,스포츠건강관리학과,예체능계열,65,308,65
55,2026,스포츠비즈니스학과,사회계열,64,255,64
55,2026,시각미디어디자인학과,예체능계열,101,896,101
55,2026,실용음악학과,예체능계열,25,198,25
55,2026,아동복지학과,사회계열,103,520,82
55,2026,영상예술디자인학과,예체능계열,90,1266,90
55,2026,영어과,인문계열,33,184,32
55,2026,유통마케팅학과,사회계열,62,344,60
55,2026,응급구조학과,의약계열,72,598,72
55,2026,일어일문학과,인문계열,33,226,32
55,2026,임상병리학과,의약계열,49,456,49
55,2026,전자공학과,공학계열,85,371,84
55,2026,중국학과,인문계열,34,139,33
55,2026,지능정보통신공학과,공학계열,80,544,79
55,2026,치위생학과,의약계열,63,877,63
55,2026,컴퓨터소프트웨어학과,공학계열,88,571,87
55,2026,호텔경영학과,사회계열,54,517,53
55,2026,휴먼케어학과,사회계열,70,287,64
56,2024,간호학과,의약계열,113,809,113
56,2024,건축학부 건축공학전공,공학계열,57,670,0
56,2024,건축학부 건축학전공,공학계열,55,869,0
56,2024,경영공학과,공학계열,48,304,48
56,2024,경영학부,사회계열,241,2885,236
56,2024,경제학과,사회계열,78,906,76
56,2024,고분자시스템공학부 고분자공학전공,공학계열,66,671,0
56,2024,고분자시스템공학부 파이버융합소재공학전공,공학계열,46,465,0
56,2024,공공정책학과,사회계열,46,429,46
56,2024,공공정책학과(야),사회계열,75,279,57
56,2024,공연영화학부 뮤지컬전공,예체능계열,33,537,0
56,2024,공연영화학부 연극전공,예체능계열,33,2515,0
56,2024,공연영화학부 영화전공,예체능계열,27,769,0
56,2024,공예전공,예체능계열,39,726,0
56,2024,과학교육과,교육계열,30,375,30
56,2024,국어국문학과,인문계열,58,666,55
56,2024,국제스포츠학부 골프전공,예체능계열,5,18,0
56,2024,국제스포츠학부 국제스포츠전공,예체능계열,49,513,0
56,2024,국제스포츠학부 운동처방재활전공,예체능계열,19,228,0
56,2024,국제스포츠학부 태권도전공,예체능계열,19,118,0
56,2024,글로벌경영학과,사회계열,42,414,42
56,2024,글로벌한국어과,인문계열,15,101,15
56,2024,기계공학과,공학계열,78,1275,73
56,2024,기타모집단위,인문계열,11,0,0
56,2024,뉴뮤직학부 뮤직테크놀러지 전공,예체능계열,20,193,20
56,2024,뉴뮤직학부 싱어송라이팅전공,예체능계열,31,316,31
56,2024,뉴뮤직학부 재즈퍼포먼스전공,예체능계열,31,256,31
56,2024,도시계획부동산학부,사회계열,78,784,78
56,2024,도예과,예체능계열,31,548,31
56,2024,동양화전공,예체능계열,35,131,0
56,2024,디자인학부 커뮤니케이션디자인전공,예체능계열,52,802,0
56,2024,디자인학부 패션산업디자인전공,예체능계열,40,545,0
56,2024,모바일시스템공학과,공학계열,31,267,29
56,2024,무역학과,사회계열,77,657,76
56,2024,무용과,예체능계열,43,396,43
56,2024,문예창작과,인문계열,50,701,50
56,2024,물리치료학과,의약계열,40,397,40
56,2024,물리학과,자연계열,44,339,44
56,2024,미디어커뮤니케이션학부,사회계열,95,1489,94
56,2024,법학과,사회계열,125,1471,124
56,2024,보건행정학과,사회계열,43,270,42
56,2024,사이버보안학과,공학계열,34,327,34
56,2024,사학과,인문계열,57,814,57
56,2024,사회복지학과,사회계열,52,366,52
56,2024,산업경영학과,사회계열,105,451,104
56,2024,상담학과,인문계열,39,521,38
56,2024,생명자원학부 녹지조경학전공,공학계열,55,351,0
56,2024,생명자원학부 동물생명공학전공,자연계열,55,524,0
56,2024,생명자원학부 식량생명공학전공,자연계열,55,403,0
56,2024,생명자원학부 환경원예학전공,자연계열,54,561,0
56,2024,생활체육학과,예체능계열,37,843,37
56,2024,서양화전공,예체능계열,33,325,0
56,2024,소프트웨어학과,공학계열,99,1285,97
56,2024,수학과,자연계열,50,325,50
56,2024,수학교육과,교육계열,30,307,30
56,2024,스포츠경영학과,사회계열,37,605,37
56,2024,식품공학과,자연계열,58,372,58
56,2024,식품영양학과,자연계열,50,437,50
56,2024,식품자원경제학과,자연계열,60,375,60
56,2024,신소재공학과,공학계열,60,435,60
56,2024,심리치료학과,사회계열,44,310,44
56,2024,아시아중동학부 몽골학전공,인문계열,32,283,0
56,2024,아시아중동학부 베트남학전공,인문계열,22,169,0
56,2024,아시아중동학부 일본학전공,인문계열,63,507,0
56,2024,아시아중동학부 중국학전공,인문계열,72,334,0
56,2024,아시아중동학부 중동학전공,인문계열,33,183,0
56,2024,약학과,의약계열,33,557,33
56,2024,에너지공학과,공학계열,79,563,79
56,2024,영미인문학과,인문계열,41,382,38
56,2024,영어과,인문계열,60,318,60
56,2024,유럽중남미학부 독일학전공,인문계열,21,157,0
56,2024,유럽중남미학부 러시아학전공,인문계열,29,198,0
56,2024,유럽중남미학부 스페인중남미학전공,인문계열,39,289,0
56,2024,유럽중남미학부 포르투갈브라질학전공,인문계열,22,124,0
56,2024,유럽중남미학부 프랑스학전공,인문계열,21,142,0
56,2024,융합반도체공학과,공학계열,86,1149,84
56,2024,음악학부 관현악전공,예체능계열,34,369,0
56,2024,음악학부 국악전공,예체능계열,30,313,0
56,2024,음악학부 성악전공,예체능계열,21,209,0
56,2024,음악학부 작곡전공,예체능계열,7,49,0
56,2024,음악학부 피아노전공,예체능계열,19,362,0
56,2024,의생명과학부 미생물학전공,자연계열,49,319,49
56,2024,의생명과학부 생명과학전공,자연계열,75,579,75
56,2024,의생명과학부 의생명시스템학전공,자연계열,43,204,43
56,2024,의예과,의약계열,42,1298,42
56,2024,임상병리학과,의약계열,40,518,40
56,2024,전자전기공학과,공학계열,113,1523,113
56,2024,정치외교학과,사회계열,41,458,39
56,2024,제약공학과,자연계열,48,297,48
56,2024,조소전공,예체능계열,19,316,0
56,2024,철학과,인문계열,26,347,24
56,2024,체육교육과,교육계열,40,242,40
56,2024,치위생학과,의약계열,40,320,40
56,2024,치의예과,의약계열,71,580,71
56,2024,컴퓨터공학과,공학계열,60,779,60
56,2024,코스메디컬소재학과,자연계열,22,166,22
56,2024,토목환경공학과,공학계열,89,1134,86
56,2024,통계데이터사이언스학과,자연계열,45,644,44
56,2024,특수교육과,교육계열,41,527,41
56,2024,한문교육과,교육계열,26,303,26
56,2024,해병대군사학과,사회계열,30,160,30
56,2024,행정학과,사회계열,51,545,49
56,2024,화학공학과,공학계열,103,1314,102
56,2024,화학과,자연계열,59,375,59
56,2025,간호학과,의약계열,113,628,113
56,2025,건축학부 건축공학전공,공학계열,37,684,0
56,2025,건축학부 건축학전공,공학계열,52,616,0
56,2025,경영공학과,공학계열,34,209,34
56,2025,경영학부,사회계열,132,2722,134
56,2025,경제학과,사회계열,50,681,50
56,2025,고분자시스템공학부 고분자공학전공,공학계열,45,474,0
56,2025,고분자시스템공학부 파이버융합소재공학전공,공학계열,36,399,0
56,2025,공공정책학과,사회계열,35,214,35
56,2025,공공정책학과(야),사회계열,73,265,57
56,2025,공연영화학부 뮤지컬전공,예체능계열,22,554,0
56,2025,공연영화학부 연극전공,예체능계열,31,2287,0
56,2025,공연영화학부 영화전공,예체능계열,22,1273,0
56,2025,공예전공,예체능계열,39,844,0
56,2025,공학계열광역,공학계열,108,1566,108
56,2025,과학교육과,교육계열,30,318,29
56,2025,국어국문학과,인문계열,37,521,37
56,2025,국제경영학과,사회계열,47,673,47
56,2025,국제스포츠학부 골프전공,예체능계열,5,25,0
56,2025,국제스포츠학부 국제스포츠전공,예체능계열,48,332,0
56,2025,국제스포츠학부 운동처방재활전공,예체능계열,18,244,0
56,2025,국제스포츠학부 태권도전공,예체능계열,18,144,0
56,2025,글로벌기초교육학부,인문계열,54,98,54
56,2025,글로벌한국어과,인문계열,12,82,12
56,2025,기계공학과,공학계열,50,731,52
56,2025,기타모집단위,인문계열,90,0,0
56,2025,뉴뮤직학부 뮤직테크놀러지 전공,예체능계열,20,206,0
56,2025,뉴뮤직학부 싱어송라이팅전공,예체능계열,30,370,0
56,2025,뉴뮤직학부 재즈퍼포먼스전공,예체능계열,30,367,0
56,2025,도시계획부동산학부,사회계열,44,572,44
56,2025,도예과,예체능계열,31,584,31
56,2025,동양화전공,예체능계열,35,196,0
56,2025,디자인학부 커뮤니케이션디자인전공,예체능계열,50,761,0
56,2025,디자인학부 패션산업디자인전공,예체능계열,37,626,0
56,2025,모바일시스템공학과,공학계열,30,367,30
56,2025,무역학과,사회계열,50,740,52
56,2025,무용과,예체능계열,40,331,39
56,2025,문예창작과,인문계열,50,783,50
56,2025,물리치료학과,의약계열,40,487,40
56,2025,물리학과,자연계열,35,295,35
56,2025,미디어커뮤니케이션학부,사회계열,47,915,51
56,2025,바이오소재융합공학과,자연계열,3,5,3
56,2025,법학과,사회계열,70,1113,71
56,2025,보건행정학과,사회계열,34,290,34
56,2025,사이버보안학과,공학계열,32,289,35
56,2025,사학과,인문계열,37,768,38
56,2025,사회계열광역,사회계열,148,1456,148
56,2025,사회복지학과,사회계열,36,356,36
56,2025,산업경영학과,사회계열,104,611,102
56,2025,상담학과,인문계열,36,601,36
56,2025,생명자원학부 녹지조경학전공,공학계열,37,476,0
56,2025,생명자원학부 동물생명공학전공,자연계열,37,384,0
56,2025,생명자원학부 식량생명공학전공,자연계열,37,263,0
56,2025,생명자원학부 환경원예학전공,자연계열,36,309,0
56,2025,생활체육학과,예체능계열,34,903,34
56,2025,서양화전공,예체능계열,33,352,0
56,2025,소프트웨어학과,공학계열,54,583,58
56,2025,수학과,자연계열,35,255,35
56,2025,수학교육과,교육계열,30,311,30
56,2025,스포츠경영학과,사회계열,37,336,37
56,2025,식품공학과,자연계열,35,375,34
56,2025,식품영양학과,자연계열,36,472,36
56,2025,식품자원경제학과,자연계열,36,231,36
56,2025,신소재공학과,공학계열,37,256,38
56,2025,심리치료학과,사회계열,35,232,34
56,2025,아시아중동학부 몽골학전공,인문계열,32,377,0
56,2025,아시아중동학부 베트남학전공,인문계열,22,195,0
56,2025,아시아중동학부 일본학전공,인문계열,37,395,0
56,2025,아시아중동학부 중국학전공,인문계열,41,315,0
56,2025,아시아중동학부 중동학전공,인문계열,32,255,0
56,2025,약학과,의약계열,33,1204,32
56,2025,에너지공학과,공학계열,47,434,47
56,2025,연기영상예술학과,예체능계열,15,23,15
56,2025,영미인문학과,인문계열,36,461,37
56,2025,영어과,인문계열,36,222,36
56,2025,유럽중남미학부 독일학전공,인문계열,21,319,0
56,2025,유럽중남미학부 러시아학전공,인문계열,29,377,0
56,2025,유럽중남미학부 스페인중남미학전공,인문계열,34,264,0
56,2025,유럽중남미학부 포르투갈브라질학전공,인문계열,22,152,0
56,2025,유럽중남미학부 프랑스학전공,인문계열,21,150,0
56,2025,율곡혁신칼리지,무전공,173,1456,172
56,2025,융합반도체공학과,공학계열,49,903,50
56,2025,음악학부 관현악전공,예체능계열,34,373,0
56,2025,음악학부 국악전공,예체능계열,29,329,0
56,2025,음악학부 성악전공,예체능계열,19,163,0
56,2025,음악학부 작곡전공,예체능계열,7,64,0
56,2025,음악학부 피아노전공,예체능계열,19,411,0
56,2025,의생명과학부 미생물학전공,자연계열,35,232,0
56,2025,의생명과학부 생명과학전공,자연계열,43,413,0
56,2025,의생명과학부 의생명시스템학전공,자연계열,34,216,0
56,2025,의예과,의약계열,82,1477,82
56,2025,인문계열광역,인문계열,38,460,38
56,2025,인문사회계열광역,무전공,107,812,107
56,2025,임상병리학과,의약계열,40,574,40
56,2025,자연공학계열광역,무전공,166,900,165
56,2025,전자전기공학과,공학계열,62,842,64
56,2025,정치외교학과,사회계열,36,426,36
56,2025,제약공학과,자연계열,34,188,34
56,2025,조소전공,예체능계열,19,468,0
56,2025,철학과,인문계열,24,330,24
56,2025,체육교육과,교육계열,40,647,40
56,2025,치위생학과,의약계열,40,405,39
56,2025,치의예과,의약계열,71,892,71
56,2025,컴퓨터공학과,공학계열,38,395,39
56,2025,코스메디컬소재학과,자연계열,22,262,22
56,2025,토목환경공학과,공학계열,58,703,58
56,2025,통계데이터사이언스학과,자연계열,36,382,36
56,2025,퇴계혁신칼리지,무전공,267,2164,266
56,2025,특수교육과,교육계열,41,481,41
56,2025,한국학과,인문계열,1,2,1
56,2025,한문교육과,교육계열,26,384,26
56,2025,해병대군사학과,사회계열,30,156,30
56,2025,행정학과,사회계열,37,692,37
56,2025,화학공학과,공학계열,66,1061,68
56,2025,화학과,자연계열,37,255,37
56,2025,SW융합계열광역,무전공,34,290,34
56,2026,간호학과,의약계열,114,900,113
56,2026,건축학부 건축공학전공,공학계열,37,273,38
56,2026,건축학부 건축학전공,공학계열,53,708,55
56,2026,경영공학과,공학계열,35,381,35
56,2026,경영학부,사회계열,132,2024,143
56,2026,경제학과,사회계열,50,656,54
56,2026,고분자시스템공학부 고분자공학전공,공학계열,45,433,45
56,2026,고분자시스템공학부 융합소재공학전공,공학계열,36,365,38
56,2026,공공정책학과,사회계열,35,238,35
56,2026,공공정책학과(야),사회계열,73,274,52
56,2026,공연영화학부 뮤지컬전공,예체능계열,22,733,22
56,2026,공연영화학부 연극전공,예체능계열,31,2608,31
56,2026,공연영화학부 영화전공,예체능계열,22,883,22
56,2026,공학계열광역,공학계열,108,1582,108
56,2026,과학교육과,교육계열,30,297,30
56,2026,국어국문학과,인문계열,38,521,39
56,2026,국제경영학과,사회계열,51,411,51
56,2026,국제스포츠학부 골프전공,예체능계열,5,52,5
56,2026,국제스포츠학부 국제스포츠전공,예체능계열,48,703,48
56,2026,국제스포츠학부 운동처방재활전공,예체능계열,18,202,18
56,2026,국제스포츠학부 태권도전공,예체능계열,18,150,18
56,2026,글로벌기초교육학부 예체능계열,예체능계열,31,57,31
56,2026,글로벌기초교육학부 인문사회계열,사회계열,28,59,28
56,2026,글로벌기초교육학부 자연공학계열,무전공,3,6,3
56,2026,글로벌한국어과,인문계열,12,225,12
56,2026,기계공학과,공학계열,51,829,50
56,2026,기타모집단위,인문계열,90,0,0
56,2026,뉴뮤직학부 뮤직테크놀러지 전공,예체능계열,20,245,21
56,2026,뉴뮤직학부 싱어송라이팅전공,예체능계열,30,506,30
56,2026,뉴뮤직학부 재즈퍼포먼스전공,예체능계열,30,540,30
56,2026,도시계획·부동산학부,사회계열,44,550,45
56,2026,도예과,예체능계열,31,502,31
56,2026,디자인학부 커뮤니케이션디자인전공,예체능계열,50,816,50
56,2026,디자인학부 패션산업디자인전공,예체능계열,37,718,37
56,2026,모바일시스템공학과,공학계열,33,354,33
56,2026,무역학과,사회계열,50,645,54
56,2026,무용과,예체능계열,40,474,40
56,2026,문예창작과,인문계열,50,965,51
56,2026,물리치료학과,의약계열,40,371,40
56,2026,물리학과,자연계열,35,299,35
56,2026,미디어커뮤니케이션학부,사회계열,48,987,51
56,2026,미술학부 공예전공,예체능계열,39,624,39
56,2026,미술학부 동양화전공,예체능계열,35,197,35
56,2026,미술학부 서양화전공,예체능계열,33,433,32
56,2026,미술학부 조소전공,예체능계열,19,439,19
56,2026,바이오소재융합공학과,자연계열,3,4,3
56,2026,법학과,사회계열,70,957,72
56,2026,보건행정학과,사회계열,35,318,35
56,2026,사이버보안학과,공학계열,32,249,34
56,2026,사학과,인문계열,37,499,37
56,2026,사회계열광역,사회계열,148,1736,148
56,2026,사회복지학과,사회계열,37,463,37
56,2026,산업경영학과,사회계열,103,428,94
56,2026,상담학과,인문계열,36,503,38
56,2026,생명공학부 녹지조경학전공,공학계열,37,269,37
56,2026,생명공학부 동물생명공학전공,자연계열,37,484,38
56,2026,생명공학부 식량생명공학전공,자연계열,37,233,37
56,2026,생명공학부 환경원예학전공,자연계열,37,420,37
56,2026,생활체육학과,예체능계열,34,921,35
56,2026,소프트웨어학과,공학계열,37,583,40
56,2026,수학과,자연계열,36,310,36
56,2026,수학교육과,교육계열,30,316,30
56,2026,스포츠경영학과,사회계열,37,230,37
56,2026,식품공학과,자연계열,35,273,35
56,2026,식품영양학과,자연계열,36,276,36
56,2026,식품자원경제학과,자연계열,36,248,36
56,2026,신소재공학과,공학계열,37,434,37
56,2026,심리학과,인문계열,35,381,35
56,2026,아시아중동학부 몽골학전공,인문계열,32,233,32
56,2026,아시아중동학부 베트남학전공,인문계열,22,372,22
56,2026,아시아중동학부 일본학전공,인문계열,37,458,37
56,2026,아시아중동학부 중국학전공,인문계열,42,353,42
56,2026,아시아중동학부 중동학전공,인문계열,32,211,32
56,2026,약학과,의약계열,33,490,33
56,2026,에너지공학과,공학계열,46,435,46
56,2026,연기영상예술학과,예체능계열,7,16,7
56,2026,영미인문학과,인문계열,36,386,36
56,2026,영어과,인문계열,36,356,36
56,2026,유럽중남미학부 독일학전공,인문계열,21,146,21
56,2026,유럽중남미학부 러시아학전공,인문계열,29,368,29
56,2026,유럽중남미학부 스페인중남미학전공,인문계열,34,237,34
56,2026,유럽중남미학부 포르투갈브라질학전공,인문계열,22,187,22
56,2026,유럽중남미학부 프랑스학전공,인문계열,21,147,21
56,2026,율곡혁신칼리지,무전공,173,1557,173
56,2026,융합반도체공학과,공학계열,51,576,52
56,2026,음악학부 관현악전공,예체능계열,34,388,34
56,2026,음악학부 국악전공,예체능계열,29,331,29
56,2026,음악학부 성악전공,예체능계열,19,287,18
56,2026,음악학부 작곡전공,예체능계열,7,54,7
56,2026,음악학부 피아노전공,예체능계열,18,483,18
56,2026,의생명과학부 미생물학전공,자연계열,36,371,36
56,2026,의생명과학부 생명과학전공,자연계열,43,296,43
56,2026,의생명과학부 의생명시스템학전공,자연계열,35,240,35
56,2026,의예과,의약계열,42,997,42
56,2026,인공지능학과,공학계열,42,653,42
56,2026,인문계열광역,인문계열,38,571,38
56,2026,인문사회계열광역,무전공,107,1242,107
56,2026,인프라건설공학과,공학계열,59,523,59
56,2026,임상병리학과,의약계열,40,428,40
56,2026,자연공학계열광역,무전공,166,1737,166
56,2026,전자전기공학과,공학계열,62,742,63
56,2026,정치외교학과,사회계열,36,476,37
56,2026,제약공학과,자연계열,35,175,35
56,2026,철학과,인문계열,24,483,23
56,2026,체육교육과,교육계열,40,799,40
56,2026,치위생학과,의약계열,40,311,40
56,2026,치의예과,의약계열,71,1703,71
56,2026,컴퓨터공학과,공학계열,36,425,37
56,2026,코스메디컬소재학과,자연계열,22,179,22
56,2026,통계데이터사이언스학과,자연계열,36,271,37
56,2026,퇴계혁신칼리지,무전공,256,2460,256
56,2026,특수교육과,교육계열,41,537,41
56,2026,한국학과,인문계열,1,2,1
56,2026,한문교육과,교육계열,26,276,25
56,2026,해병대군사학과,사회계열,30,240,30
56,2026,행정학과,사회계열,37,596,38
56,2026,화학공학과,공학계열,67,817,70
56,2026,화학과,자연계열,37,211,37
56,2026,SW융합계열광역,무전공,34,575,34
57,2024,간호학과,의약계열,130,1263,130
57,2024,건축공학과,공학계열,42,200,41
57,2024,건축학과,공학계열,42,185,42
57,2024,교육학과,교육계열,19,143,19
57,2024,국어교육과,교육계열,22,93,22
57,2024,국제의료경영학과,사회계열,32,133,32
57,2024,글로벌비즈니스대학,사회계열,250,1432,237
57,2024,기계공학과,공학계열,43,210,39
57,2024,기타모집단위,인문계열,49,0,0
57,2024,디자인대학,예체능계열,207,752,205
57,2024,라이프케어학부,자연계열,85,203,85
57,2024,로봇공학과,공학계열,29,126,26
57,2024,물리치료학과,의약계열,46,655,46
57,2024,미래자동차공학과,공학계열,39,152,35
57,2024,바이오메디대학,자연계열,251,1396,246
57,2024,반도체전자공학과,공학계열,28,124,27
57,2024,반려동물보건학과,자연계열,30,315,29
57,2024,방사선학과,의약계열,56,591,56
57,2024,배터리공학과,공학계열,22,115,20
57,2024,사회과학대학,사회계열,432,2294,424
57,2024,생활체육학과,예체능계열,49,262,49
57,2024,소방방재학과,공학계열,48,238,48
57,2024,소프트웨어융합학과,공학계열,28,102,27
57,2024,수학교육과,교육계열,22,94,21
57,2024,신학부,인문계열,15,18,15
57,2024,안경광학과,공학계열,31,125,27
57,2024,약학부(통합6년제),의약계열,59,1546,64
57,2024,역사교육과,교육계열,20,126,20
57,2024,영어교육과,교육계열,22,81,20
57,2024,예술치료학과,의약계열,25,91,17
57,2024,유스티노자유대학,사회계열,170,197,107
57,2024,유아교육과,교육계열,24,172,24
57,2024,음악?공연예술대학,예체능계열,54,172,54
57,2024,의료공학과,의약계열,25,126,22
57,2024,의예과,의약계열,42,743,44
57,2024,인터내셔널학부,사회계열,5,5,5
57,2024,자율전공학부,공학계열,54,501,54
57,2024,전기공학과,공학계열,37,155,36
57,2024,지리교육과,교육계열,22,112,21
57,2024,첨단산업학부,공학계열,15,29,15
57,2024,체육교육과,교육계열,33,292,33
57,2024,컴퓨터소프트웨어학부,공학계열,158,579,157
57,2024,AI빅데이터공학과,공학계열,26,86,24
57,2025,간호학과,의약계열,140,1545,140
57,2025,건축학과,공학계열,42,189,42
57,2025,공과대학,공학계열,294,1338,290
57,2025,교육학과,교육계열,19,74,19
57,2025,국어교육과,교육계열,22,109,22
57,2025,글로벌비즈니스대학(유형2),무전공,228,1273,224
57,2025,디자인대학(유형2),예체능계열,196,794,196
57,2025,라이프케어학부,자연계열,100,295,100
57,2025,물리치료학과,의약계열,46,555,47
57,2025,바이오메디대학(유형2),무전공,407,2229,401
57,2025,반려동물보건학과,자연계열,32,391,33
57,2025,방사선학과,의약계열,56,476,56
57,2025,사회과학대학(유형2),사회계열,409,2241,403
57,2025,소프트웨어융합대학,공학계열,215,813,212
57,2025,수학교육과,교육계열,22,91,20
57,2025,신학부,인문계열,15,16,14
57,2025,약학부(통합6년제),의약계열,59,1439,64
57,2025,역사교육과,교육계열,20,186,20
57,2025,영어교육과,교육계열,22,110,22
57,2025,유스티노자유대학(유형2),무전공,165,400,145
57,2025,유아교육과,교육계열,24,257,23
57,2025,음악?공연예술대학(유형2),예체능계열,77,278,77
57,2025,의예과,의약계열,82,2156,84
57,2025,인터내셔널학부,사회계열,0,72,72
57,2025,자율전공학부,공학계열,64,654,62
57,2025,지리교육과,교육계열,22,130,21
57,2025,첨단산업학부,공학계열,20,47,20
57,2025,체육교육과,교육계열,33,384,33
57,2026,간호학과,의약계열,140,1745,140
57,2026,건축학과,공학계열,42,203,42
57,2026,공과대학,공학계열,297,1565,297
57,2026,교육학과,교육계열,19,150,19
57,2026,국어교육과,교육계열,22,170,22
57,2026,글로벌비즈니스대학(유형2),무전공,228,1978,229
57,2026,기타모집단위,인문계열,50,0,0
57,2026,디자인대학(유형2),예체능계열,202,990,202
57,2026,라이프케어학부,자연계열,100,249,95
57,2026,물리치료학과,의약계열,46,639,46
57,2026,바이오메디대학(유형2),무전공,391,2684,391
57,2026,반려동물보건학과,자연계열,32,358,32
57,2026,방사선학과,의약계열,56,710,56
57,2026,사회과학대학(유형2),사회계열,409,3003,409
57,2026,소프트웨어융합대학,공학계열,215,1204,216
57,2026,수학교육과,교육계열,22,104,22
57,2026,신학부,인문계열,18,19,18
57,2026,약학부(통합6년제),의약계열,59,1702,64
57,2026,역사교육과,교육계열,20,213,20
57,2026,영어교육과,교육계열,22,200,22
57,2026,유스티노자유대학(유형2),무전공,170,417,93
57,2026,유아교육과,교육계열,24,260,24
57,2026,음악공연예술대학(유형2),예체능계열,78,385,78
57,2026,의예과,의약계열,42,708,42
57,2026,인터내셔널학부,사회계열,35,58,35
57,2026,자율전공학부,공학계열,99,763,99
57,2026,지리교육과,교육계열,22,229,22
57,2026,첨단산업학부,공학계열,20,43,20
57,2026,체육교육과,교육계열,33,457,33
58,2024,기초학부,자연계열,210,5205,172
58,2024,반도체공학과,공학계열,30,574,30
58,2025,기초학부,자연계열,210,5782,193
58,2025,반도체공학과,공학계열,30,448,37
58,2026,기초학부,자연계열,215,6942,250
58,2026,반도체공학과,공학계열,30,534,29
59,2024,초등교육과,교육계열,422,1900,0
59,2025,초등교육과,교육계열,380,2180,0
59,2026,초등교육과,교육계열,391,2213,0
60,2024,간호학과,의약계열,136,1403,136
60,2024,경영대학,사회계열,340,1348,303
60,2024,공과대학,공학계열,373,1917,354
60,2024,과학생명융합대학,자연계열,229,1053,195
60,2024,국어교육과,교육계열,46,170,44
60,2024,글로컬라이프대학,사회계열,185,109,55
60,2024,기타모집단위,인문계열,1,0,0
60,2024,물리교육과,교육계열,33,111,25
60,2024,물리치료학과,의약계열,52,564,52
60,2024,법?행정대학,사회계열,364,1489,342
60,2024,사회과학대학,사회계열,590,2257,563
60,2024,생물교육과,교육계열,34,147,33
60,2024,수학교육과,교육계열,45,154,43
60,2024,역사교육과,교육계열,36,169,34
60,2024,영어교육과,교육계열,56,206,54
60,2024,유아교육과,교육계열,45,273,45
60,2024,유아특수교육과,교육계열,42,142,39
60,2024,인문대학,인문계열,288,1290,282
60,2024,일반사회교육과,교육계열,36,151,34
60,2024,자유전공학부,인문계열,211,1434,207
60,2024,작업치료학과,의약계열,45,231,46
60,2024,재활과학대학,의약계열,221,951,210
60,2024,정보통신대학,공학계열,302,1194,256
60,2024,조형예술대학,예체능계열,460,1948,444
60,2024,지구과학교육과,교육계열,35,109,33
60,2024,지리교육과,교육계열,34,148,34
60,2024,초등특수교육과,교육계열,49,143,45
60,2024,특수교육과,교육계열,50,162,50
60,2024,화학교육과,교육계열,34,85,29
60,2025,간호학과,의약계열,136,1860,136
60,2025,공공인재계열,사회계열,331,1478,324
60,2025,국어교육과,교육계열,46,222,45
60,2025,글로벌경영계열,사회계열,417,1603,396
60,2025,글로컬라이프대학,사회계열,185,90,47
60,2025,기타모집단위,인문계열,86,0,0
60,2025,디자인예술계열,예체능계열,453,2200,444
60,2025,문화예술학부,예체능계열,65,241,62
60,2025,물리교육과,교육계열,33,107,31
60,2025,물리치료학과,의약계열,56,704,58
60,2025,보건바이오계열,무전공,295,1554,292
60,2025,사회과학계열,사회계열,544,2327,531
60,2025,생물교육과,교육계열,36,158,34
60,2025,수학교육과,교육계열,45,138,43
60,2025,역사교육과,교육계열,36,187,35
60,2025,영어교육과,교육계열,55,233,53
60,2025,유아교육과,교육계열,45,243,44
60,2025,유아특수교육과,교육계열,42,140,39
60,2025,일반사회교육과,교육계열,36,233,35
60,2025,자유전공학부,무전공,295,2156,285
60,2025,작업치료학과,의약계열,45,267,45
60,2025,재활과학계열,의약계열,233,828,225
60,2025,지구과학교육과,교육계열,37,165,35
60,2025,지리교육과,교육계열,34,198,34
60,2025,체육레저계열,예체능계열,205,1060,205
60,2025,초등특수교육과,교육계열,49,201,46
60,2025,특수교육과,교육계열,51,205,51
60,2025,화학교육과,교육계열,33,95,31
60,2025,IT?공과계열,공학계열,522,2447,521
60,2026,간호학과,의약계열,136,1676,137
60,2026,건축공학과,공학계열,60,234,54
60,2026,게임학과,공학계열,54,288,53
60,2026,경영학부,사회계열,165,825,144
60,2026,경제금융통상학과,사회계열,71,195,45
60,2026,경찰학부(경찰행정학전공),사회계열,87,598,87
60,2026,경찰학부(자치경찰학전공),사회계열,45,242,51
60,2026,공공안전학부(공직법무전공),사회계열,52,169,54
60,2026,공공안전학부(소방·행정학전공),사회계열,64,287,56
60,2026,공공인재계열,사회계열,1,214,33
60,2026,국방군사학과,사회계열,36,236,32
60,2026,국어교육과,교육계열,45,418,43
60,2026,글로벌경영계열,사회계열,1,640,41
60,2026,글로벌인재학부,사회계열,33,47,33
60,2026,글로벌한국학부,인문계열,31,38,31
60,2026,글로컬라이프대학,사회계열,152,79,35
60,2026,기계자동차공학부,공학계열,94,427,78
60,2026,기타모집단위,인문계열,188,0,0
60,2026,난임의료산업학과,자연계열,30,111,26
60,2026,동물자원학과,자연계열,38,211,38
60,2026,디자인예술계열,예체능계열,1,171,10
60,2026,문헌정보학과,인문계열,40,215,39
60,2026,문화콘텐츠학부,인문계열,45,427,42
60,2026,물리교육과,교육계열,33,138,31
60,2026,물리치료학과,의약계열,57,710,57
60,2026,미디어커뮤니케이션학부,사회계열,86,552,84
60,2026,반려동물산업학과,자연계열,82,476,81
60,2026,보건바이오계열,무전공,1,351,26
60,2026,보건의료학과,의약계열,43,315,37
60,2026,부동산·지적학과,사회계열,42,103,17
60,2026,뷰티학부,예체능계열,68,351,64
60,2026,사회과학계열,사회계열,1,238,18
60,2026,사회복지학과,사회계열,162,863,162
60,2026,산업디자인학과,예체능계열,40,145,39
60,2026,생물교육과,교육계열,32,256,33
60,2026,소방안전방재학과,공학계열,40,292,41
60,2026,수학교육과,교육계열,45,328,43
60,2026,스마트원예학과,자연계열,36,175,34
60,2026,스포츠레저학과,예체능계열,81,440,81
60,2026,스포츠헬스케어학과,예체능계열,50,289,53
60,2026,시각디자인융합학부(서비스마케팅디자인전공),예체능계열,30,139,30
60,2026,시각디자인융합학부(시각디자인전공),예체능계열,46,174,47
60,2026,식품가공학과,자연계열,30,128,28
60,2026,식품영양학과,자연계열,33,209,34
60,2026,실내건축디자인학과,예체능계열,56,283,54
60,2026,심리학과,인문계열,81,343,84
60,2026,아동가정복지학과,사회계열,55,217,50
60,2026,언어치료학과,교육계열,39,196,39
60,2026,역사교육과,교육계열,36,263,34
60,2026,영어교육과,교육계열,56,465,54
60,2026,웹툰영상애니메이션학부,예체능계열,103,814,107
60,2026,유아교육과,교육계열,45,295,45
60,2026,유아특수교육과,교육계열,42,162,40
60,2026,응급구조학과,의약계열,55,433,59
60,2026,의료재활학과,의약계열,40,287,30
60,2026,일반사회교육과,교육계열,36,295,34
60,2026,일본어일본학과,인문계열,42,322,42
60,2026,자유전공학부,무전공,286,2097,290
60,2026,작업치료학과,의약계열,53,380,53
60,2026,재활건강증진학과,의약계열,40,168,41
60,2026,재활과학계열,의약계열,0,279,23
60,2026,재활상담심리치료학과,의약계열,59,153,49
60,2026,전자전기공학부(반도체전자공학전공),공학계열,50,183,45
60,2026,전자전기공학부(전기공학전공),공학계열,40,206,32
60,2026,조경산림정원학과,공학계열,46,152,36
60,2026,지구과학교육과,교육계열,32,203,37
60,2026,지리교육과,교육계열,34,269,34
60,2026,청소년상담복지학과,사회계열,54,206,47
60,2026,체육레저학부,예체능계열,0,140,1
60,2026,체육학과,예체능계열,71,563,72
60,2026,초등특수교육과,교육계열,48,188,47
60,2026,친환경에너지학과,공학계열,30,117,25
60,2026,컴퓨터정보공학부(사이버보안전공),공학계열,38,117,26
60,2026,컴퓨터정보공학부(컴퓨터공학전공),공학계열,54,198,43
60,2026,컴퓨터정보공학부(컴퓨터소프트웨어전공),공학계열,47,188,44
60,2026,특수교육과,교육계열,51,232,51
60,2026,특수창의융합학과,사회계열,30,83,29
60,2026,패션디자인학과,예체능계열,50,207,49
60,2026,평생교육실버복지학과,사회계열,33,104,26
60,2026,호텔관광경영학부,사회계열,88,407,73
60,2026,화학교육과,교육계열,33,113,35
60,2026,IT·공과계열,공학계열,1,696,84
61,2024,공연융합예술학과 무용전공,예체능계열,26,36,11
61,2024,공연융합예술학과 음악전공,예체능계열,26,19,7
61,2024,디지털융합디자인전공,예체능계열,46,15,1
61,2024,스포츠지도전공,예체능계열,46,2,0
61,2024,애니웹툰학부,예체능계열,133,132,16
61,2024,회화작가전공,예체능계열,30,3,2
61,2025,건축기술디자인학과,예체능계열,0,3,2
61,2025,공연융합예술학과 무용전공,예체능계열,46,13,2
61,2025,공연융합예술학과 음악전공,예체능계열,46,19,9
61,2025,국제관광경영학과,사회계열,0,83,70
61,2025,국제스포츠학과,예체능계열,0,49,4
61,2025,국제학부,사회계열,1,1,0
61,2025,뷰티아트학과,예체능계열,0,5,1
61,2025,시각콘텐츠학과,예체능계열,0,7,7
61,2025,애니웹툰학부,예체능계열,159,149,7
61,2025,한국어?복지학과,사회계열,0,12,12
61,2025,회화작가전공,예체능계열,60,7,0
61,2026,건축기술디자인학과,예체능계열,17,17,17
61,2026,공연융합예술학과 무용전공,예체능계열,46,16,1
61,2026,공연융합예술학과 음악전공,예체능계열,46,26,8
61,2026,국제관광경영학과,사회계열,32,32,32
61,2026,국제스포츠학과,예체능계열,13,13,13
61,2026,국제학부,사회계열,1,6,0
61,2026,뷰티아트학과,예체능계열,8,8,8
61,2026,시각콘텐츠학과,예체능계열,3,3,3
61,2026,애니웹툰학부,예체능계열,152,156,16
61,2026,회화작가전공,예체능계열,60,0,0
62,2024,간호학과,의약계열,122,1505,122
62,2024,글로벌인재학부,사회계열,179,346,166
62,2024,기타모집단위,인문계열,25,0,0
62,2024,다문화복지한국어학과,사회계열,20,29,20
62,2024,메디푸드HMR산업학과,자연계열,35,70,35
62,2024,물리치료학과,의약계열,48,683,48
62,2024,반려동물보건학과,자연계열,55,343,55
62,2024,산림비즈니스학과,자연계열,35,61,35
62,2024,인문계열 성인통합모집단위,인문계열,200,395,159
62,2024,인문계열통합모집단위,인문계열,121,493,115
62,2024,임상병리학과,의약계열,62,569,62
62,2024,자연계열 성인통합모집단위,자연계열,115,198,115
62,2024,자연계열통합모집단위,자연계열,475,1924,441
62,2024,중등특수교육과,교육계열,20,53,20
62,2024,지역사회창업학과,사회계열,30,32,6
62,2024,청도인적자원개발학과,사회계열,30,41,30
62,2024,체육학과,예체능계열,42,163,25
62,2024,평생교육경영전공,사회계열,55,80,55
62,2024,평생교육복지전공,사회계열,55,72,55
62,2024,한약개발학과,자연계열,35,60,35
62,2024,한의예과,의약계열,118,2354,118
62,2025,간호학과,의약계열,122,1637,122
62,2025,경영학과,사회계열,64,92,64
62,2025,글로벌뷰티학과,예체능계열,1,1,1
62,2025,글로벌인재학부,사회계열,90,101,90
62,2025,글로벌한국어학과,인문계열,10,11,10
62,2025,기타모집단위,인문계열,58,0,0
62,2025,다문화복지한국어학과,사회계열,20,35,20
62,2025,메디푸드HMR산업학과,자연계열,35,56,35
62,2025,물리치료학과,의약계열,48,483,48
62,2025,반려동물보건학과,자연계열,53,294,53
62,2025,산림비즈니스학과,자연계열,35,78,35
62,2025,영덕지역돌봄학과,사회계열,32,41,32
62,2025,인문계열 성인통합모집단위,인문계열,276,566,276
62,2025,인문계열통합모집단위,인문계열,93,437,93
62,2025,임상병리학과,의약계열,64,438,64
62,2025,자연계열 성인통합모집단위,자연계열,128,182,128
62,2025,자연계열통합모집단위,무전공,464,1887,463
62,2025,중등특수교육과,교육계열,20,71,19
62,2025,청도인적자원개발학과,사회계열,30,46,30
62,2025,체육학과,예체능계열,31,137,31
62,2025,평생교육경영전공,사회계열,55,118,55
62,2025,평생교육복지전공,사회계열,55,92,55
62,2025,한약개발학과,자연계열,35,58,35
62,2025,한의예과,의약계열,118,2681,118
62,2025,K-푸드비즈니스학과,자연계열,16,16,16
62,2026,간호학과,의약계열,131,1507,131
62,2026,경영학과,사회계열,30,47,30
62,2026,글로벌관광학과,사회계열,110,120,110
62,2026,글로벌디지털비즈니스학과,사회계열,62,73,62
62,2026,글로벌한국어학과,인문계열,57,61,57
62,2026,기타모집단위,인문계열,18,0,0
62,2026,다문화복지한국어학과,사회계열,20,27,20
62,2026,물리치료학과,의약계열,48,475,48
62,2026,반려동물보건학과,자연계열,54,384,54
62,2026,뷰티계열통합모집단위,예체능계열,157,673,158
62,2026,뷰티케어학과,예체능계열,1,0,0
62,2026,상담복지학과,사회계열,13,13,13
62,2026,식품영양학과,자연계열,15,15,15
62,2026,영덕지역돌봄학과,사회계열,31,39,31
62,2026,인문계열 성인통합모집단위,인문계열,290,426,290
62,2026,인문계열통합모집단위,인문계열,109,689,109
62,2026,임상병리학과,의약계열,73,508,73
62,2026,자연계열 성인통합모집단위,자연계열,194,310,194
62,2026,자연계열통합모집단위,무전공,344,1798,344
62,2026,중등특수교육과,교육계열,22,95,22
62,2026,체육학과,예체능계열,33,210,33
62,2026,한의예과,의약계열,118,2219,118
62,2026,IT학과,공학계열,11,21,11
63,2024,교회실용음악학부,예체능계열,22,67,22
63,2024,선교학부,인문계열,88,93,35
63,2024,선교학부 미용전공,예체능계열,0,55,53
63,2024,신학과,인문계열,61,135,61
63,2025,교회실용음악학부,예체능계열,22,49,22
63,2025,무전공학부,무전공,38,106,38
63,2025,문화예술학부,예체능계열,30,0,0
63,2025,문화예술학부 뷰티케어전공,예체능계열,110,135,122
63,2025,문화예술학부 스포츠지도전공,예체능계열,0,57,18
63,2025,선교학부,인문계열,83,123,83
63,2025,선교학부 글로벌비즈니스전공,사회계열,383,386,383
63,2025,신학과,인문계열,31,61,31
63,2026,교회실용음악학부,예체능계열,26,62,26
63,2026,글로벌한국어전공,인문계열,4,0,0
63,2026,문화예술학부,예체능계열,30,173,112
63,2026,문화예술학부 뷰티케어전공,예체능계열,82,0,0
63,2026,선교학부,인문계열,278,742,694
63,2026,선교학부 글로벌비즈니스전공,사회계열,412,0,0
63,2026,신학과,인문계열,30,61,30
63,2026,DSU자율전공학부,무전공,48,141,48
64,2024,신학과,인문계열,40,12,8
64,2025,신학과,인문계열,40,14,12
64,2026,신학과,인문계열,41,12,10
65,2024,간호학과,의약계열,88,1098,88
65,2024,건강운동관리학과,예체능계열,40,288,43
65,2024,건축공학과,공학계열,25,125,26
65,2024,건축학과(4),공학계열,35,260,37
65,2024,경영학과,사회계열,63,413,69
65,2024,경찰학과,사회계열,55,520,59
65,2024,공연예술콘텐츠학과,예체능계열,20,70,19
65,2024,군사학과,사회계열,51,211,46
65,2024,기타모집단위,인문계열,110,0,0
65,2024,디지털헬스케어학과,의약계열,25,133,25
65,2024,물류통상학과,사회계열,57,232,57
65,2024,물리치료학과,의약계열,46,668,43
65,2024,반도체공학과,공학계열,30,177,32
65,2024,법학과,사회계열,30,142,31
65,2024,보건의료경영학과,의약계열,35,256,38
65,2024,뷰티디자인학과,예체능계열,41,384,45
65,2024,비즈니스영어학과,인문계열,26,120,26
65,2024,비즈니스일본어학과,인문계열,31,279,33
65,2024,사회복지학과,사회계열,55,497,57
65,2024,산업?광고심리학과,사회계열,40,213,42
65,2024,생활체육학과,예체능계열,46,159,46
65,2024,소방방재학과,공학계열,70,456,83
65,2024,식품영양학과,자연계열,50,388,53
65,2024,아동교육상담학과,교육계열,50,291,52
65,2024,웹툰애니메이션학과,예체능계열,60,667,60
65,2024,응급구조학과,의약계열,45,404,43
65,2024,임상병리학과,의약계열,47,504,45
65,2024,재난안전공학과,공학계열,31,137,32
65,2024,정보보안학과,사회계열,30,184,30
65,2024,중등특수교육과,교육계열,20,102,20
65,2024,커뮤니케이션디자인학과,예체능계열,50,293,50
65,2024,컴퓨터공학과,공학계열,80,489,84
65,2024,컴퓨터정보통신공학과,공학계열,54,268,55
65,2024,토목환경공학과,공학계열,46,256,47
65,2024,패션디자인?비즈니스학과,예체능계열,49,296,56
65,2024,한의예과,의약계열,76,951,77
65,2024,행정학과,사회계열,35,201,37
65,2024,혜화리버럴아츠칼리지,인문계열,123,436,124
65,2024,화장품학과,공학계열,30,144,33
65,2024,회계학과,사회계열,35,270,38
65,2024,AI소프트웨어학부,공학계열,52,228,53
65,2025,간호학과,의약계열,85,893,88
65,2025,건축공학과,공학계열,25,167,27
65,2025,건축학과(4),공학계열,35,217,38
65,2025,경영학부,사회계열,85,478,88
65,2025,경찰학과,사회계열,55,520,62
65,2025,공연예술영상콘텐츠학과,예체능계열,20,74,20
65,2025,군사학과,사회계열,40,164,40
65,2025,기타모집단위,인문계열,125,0,0
65,2025,디지털헬스케어학과,의약계열,25,126,25
65,2025,물류통상학과,사회계열,51,180,41
65,2025,물리치료학과,의약계열,42,502,43
65,2025,반도체공학과,공학계열,30,141,30
65,2025,반려동물산업학과,자연계열,6,0,6
65,2025,법·행정학부,사회계열,61,285,65
65,2025,보건의료경영학과,의약계열,35,274,36
65,2025,뷰티디자인학과,예체능계열,44,426,44
65,2025,비즈니스영어학과,인문계열,30,132,28
65,2025,비즈니스일본어학과,인문계열,30,268,33
65,2025,사회복지학과,사회계열,55,386,60
65,2025,산업?광고심리학과,사회계열,40,192,42
65,2025,상담심리학과,인문계열,33,0,33
65,2025,상담학과,인문계열,40,218,41
65,2025,소방방재학과,공학계열,70,514,85
65,2025,스포츠건강재활학과,예체능계열,40,365,44
65,2025,스포츠과학과,예체능계열,66,0,66
65,2025,스포츠운동과학과,예체능계열,45,144,45
65,2025,식품영양학과,자연계열,51,320,54
65,2025,웹툰애니메이션학과,예체능계열,60,682,60
65,2025,응급구조학과,의약계열,42,369,43
65,2025,임상병리학과,의약계열,43,325,44
65,2025,재난안전공학과,공학계열,31,167,30
65,2025,정보보안학과,사회계열,25,112,27
65,2025,정보통신공학과,공학계열,50,239,51
65,2025,중등특수교육과,교육계열,20,84,20
65,2025,지식경영학과,사회계열,15,0,15
65,2025,커뮤니케이션디자인학과,예체능계열,50,261,50
65,2025,컴퓨터공학과,공학계열,83,464,86
65,2025,케어복지학과,사회계열,21,0,21
65,2025,토목환경공학과,공학계열,45,239,48
65,2025,패션디자인?비즈니스학과,예체능계열,51,357,57
65,2025,한의예과,의약계열,75,1431,76
65,2025,혜화리버럴아츠칼리지,인문계열,146,671,148
65,2025,혜화커뮤니티칼리지,인문계열,0,255,0
65,2025,화장품학과,공학계열,31,153,31
65,2025,AI소프트웨어학부,공학계열,50,329,51
65,2026,간호학과,의약계열,88,916,88
65,2026,건축공학과,공학계열,27,273,27
65,2026,건축학과(4),공학계열,38,252,38
65,2026,경영학부,사회계열,90,533,90
65,2026,경찰학과,사회계열,64,547,64
65,2026,공연예술영상콘텐츠학과,예체능계열,22,181,22
65,2026,군사학과,사회계열,41,149,41
65,2026,물류통상학과,사회계열,37,446,37
65,2026,물리치료학과,의약계열,44,468,44
65,2026,반도체공학과,공학계열,30,190,30
65,2026,법·행정학부,사회계열,65,365,65
65,2026,보건의료경영학과,의약계열,45,298,45
65,2026,뷰티디자인학과,예체능계열,49,506,49
65,2026,비즈니스일본어학과,인문계열,34,268,34
65,2026,사회복지학과,사회계열,59,452,59
65,2026,산업·광고심리학과,사회계열,40,227,40
65,2026,상담심리학과,인문계열,21,30,18
65,2026,상담학과,인문계열,41,269,41
65,2026,서예미술학과,예체능계열,25,19,12
65,2026,소방방재학과,공학계열,83,743,83
65,2026,스포츠건강재활학과,예체능계열,43,449,43
65,2026,스포츠과학과,예체능계열,39,55,29
65,2026,스포츠운동과학과,예체능계열,45,229,45
65,2026,식품영양학과,자연계열,53,339,53
65,2026,웹툰애니메이션학과,예체능계열,60,840,60
65,2026,응급구조학과,의약계열,43,458,43
65,2026,임상병리학과,의약계열,43,435,43
65,2026,자유전공학부,무전공,48,320,48
65,2026,재난안전공학과,공학계열,31,219,31
65,2026,정보보안학과,사회계열,25,253,25
65,2026,정보통신공학과,공학계열,41,381,41
65,2026,중등특수교육과,교육계열,20,114,20
65,2026,지식경영학과,사회계열,16,13,9
65,2026,커뮤니케이션디자인학과,예체능계열,50,275,50
65,2026,컴퓨터공학과,공학계열,83,613,83
65,2026,케어복지학과,사회계열,20,27,16
65,2026,토목환경공학과,공학계열,45,216,45
65,2026,파크골프학과,예체능계열,88,76,42
65,2026,패션디자인·비즈니스학과,예체능계열,56,419,56
65,2026,한의예과,의약계열,78,1541,78
65,2026,혜화리버럴아츠칼리지,인문계열,144,1049,144
65,2026,화장품학과,공학계열,32,201,32
65,2026,AI소프트웨어학부,공학계열,60,486,60
66,2024,신학과,인문계열,37,17,13
66,2025,신학과,인문계열,37,17,11
66,2026,신학과,인문계열,37,7,5
67,2024,간호학과,의약계열,71,712,71
67,2024,건축공학부,공학계열,60,332,60
67,2024,경영학과,사회계열,62,405,62
67,2024,공공인재법학과,사회계열,47,198,47
67,2024,국제경영학과,사회계열,94,164,94
67,2024,국제지역학전공,인문계열,38,219,37
67,2024,국제통상학과,사회계열,51,306,51
67,2024,글로벌경제학과,사회계열,51,238,51
67,2024,대순종학과,인문계열,15,26,15
67,2024,문예콘텐츠창작학과,인문계열,41,268,41
67,2024,문헌정보학과,인문계열,42,216,42
67,2024,미디어커뮤니케이션학과,사회계열,65,482,65
67,2024,미술만화게임학부,예체능계열,70,546,70
67,2024,보건경영학과,의약계열,30,273,29
67,2024,사회복지학전공,사회계열,45,348,45
67,2024,산업경영공학과,공학계열,37,286,37
67,2024,산업디자인학과,예체능계열,32,219,32
67,2024,스마트모빌리티전공,공학계열,45,225,45
67,2024,스마트시티전공,공학계열,34,167,34
67,2024,스마트융합보안학과,공학계열,32,203,31
67,2024,스포츠건강과학과,예체능계열,44,392,44
67,2024,스포츠융합경영학과,예체능계열,20,24,10
67,2024,시각디자인학과,예체능계열,35,351,35
67,2024,식품영양학과,자연계열,40,319,40
67,2024,신소재공학과,공학계열,36,176,36
67,2024,실버복지상담학과,사회계열,10,9,5
67,2024,실용음악학과,예체능계열,25,52,25
67,2024,아동심리교육전공,사회계열,39,314,39
67,2024,에코응용화학전공,자연계열,30,179,30
67,2024,역사·문화콘텐츠학과,인문계열,43,262,43
67,2024,연기예술학과,예체능계열,34,343,34
67,2024,영어영문학과,인문계열,49,260,49
67,2024,영화영상학과,예체능계열,40,349,40
67,2024,의생명과학전공,자연계열,32,234,32
67,2024,전기공학전공,공학계열,54,305,0
67,2024,전자공학과,공학계열,54,270,54
67,2024,중국학전공,인문계열,59,336,59
67,2024,컴퓨터공학전공,공학계열,59,376,59
67,2024,토목공학전공,공학계열,36,204,0
67,2024,한국학과,인문계열,28,38,28
67,2024,행정정보학과,사회계열,53,241,53
67,2024,화학공학전공,공학계열,37,194,0
67,2024,환경에너지공학전공,공학계열,34,157,0
67,2024,휴먼케어평생교육학과,교육계열,15,13,9
67,2024,AI빅데이터전공,공학계열,42,246,42
67,2024,IT기계공학과,공학계열,54,357,54
67,2025,간호학과,의약계열,71,620,71
67,2025,건축공학과,공학계열,34,257,34
67,2025,경영학과,사회계열,62,392,62
67,2025,공공인재법학과,사회계열,45,214,45
67,2025,공학자율학부,공학계열,185,723,185
67,2025,국제경영학과,사회계열,113,199,113
67,2025,국제지역학전공,인문계열,36,191,36
67,2025,국제통상학과,사회계열,50,301,50
67,2025,글로벌경제학과,사회계열,49,284,49
67,2025,대순종학과,인문계열,15,21,15
67,2025,데이터경영산업공학과,공학계열,21,115,21
67,2025,드론산업학과,공학계열,3,8,5
67,2025,문예콘텐츠창작학과,인문계열,38,320,38
67,2025,문헌정보학과,인문계열,2,205,41
67,2025,미디어커뮤니케이션학과,사회계열,64,423,64
67,2025,미술만화게임학부,예체능계열,65,601,65
67,2025,반도체융합공학과,공학계열,45,209,45
67,2025,보건경영학과,의약계열,30,201,30
67,2025,사회복지학과,사회계열,43,383,43
67,2025,산업디자인학과,예체능계열,32,195,32
67,2025,스마트건설환경공학과,공학계열,58,302,57
67,2025,스마트모빌리티전공,공학계열,60,343,60
67,2025,스마트융합보안학과,공학계열,51,201,51
67,2025,스포츠건강과학과,예체능계열,44,508,44
67,2025,스포츠융합경영학과,예체능계열,18,4,3
67,2025,시각디자인학과,예체능계열,35,292,35
67,2025,식품영양학과,자연계열,38,209,38
67,2025,실버복지상담학과,사회계열,8,8,5
67,2025,실용음악학과,예체능계열,22,62,22
67,2025,아동학과,사회계열,39,219,39
67,2025,에너지공학부,공학계열,52,286,52
67,2025,역사·문화콘텐츠학과,인문계열,38,371,38
67,2025,연기예술학과,예체능계열,34,407,34
67,2025,영어영문학과,인문계열,43,282,43
67,2025,영화영상학과,예체능계열,39,252,39
67,2025,의생명과학과,자연계열,58,275,58
67,2025,자율전공학부,무전공,65,320,64
67,2025,중국학전공,인문계열,46,275,46
67,2025,컴퓨터공학전공,공학계열,59,368,58
67,2025,한국학과,인문계열,27,50,27
67,2025,행정정보학과,사회계열,96,386,49
67,2025,휴먼케어평생교육학과,교육계열,11,13,13
67,2025,AI빅데이터전공,공학계열,42,178,42
67,2025,IT기계공학과,공학계열,32,222,32
67,2026,간호학과,의약계열,71,609,71
67,2026,건축공학과,공학계열,34,285,34
67,2026,경영학과,사회계열,60,511,59
67,2026,공공인재법학과,사회계열,43,286,43
67,2026,공학자율학부,공학계열,185,1127,185
67,2026,국제경영학과,사회계열,95,160,95
67,2026,국제지역학전공,인문계열,36,205,35
67,2026,국제통상학과,사회계열,48,406,48
67,2026,글로벌경제학과,사회계열,47,295,47
67,2026,대순종학과,인문계열,16,44,16
67,2026,데이터경영산업공학과,공학계열,21,201,21
67,2026,드론산업학과,공학계열,7,3,2
67,2026,문예콘텐츠창작학과,인문계열,37,461,37
67,2026,문헌정보학과,인문계열,41,295,41
67,2026,미디어커뮤니케이션학과,사회계열,63,400,63
67,2026,미술만화게임학부,예체능계열,46,450,46
67,2026,반도체융합공학과,공학계열,45,173,45
67,2026,보건경영학과,의약계열,31,380,31
67,2026,사회복지상담학과,사회계열,12,4,2
67,2026,사회복지학과,사회계열,42,311,42
67,2026,산업디자인학과,예체능계열,32,257,32
67,2026,스마트건설환경공학과,공학계열,58,351,58
67,2026,스마트모빌리티전공,공학계열,60,370,60
67,2026,스마트융합보안학과,공학계열,51,289,51
67,2026,스포츠건강과학과,예체능계열,41,369,41
67,2026,시각디자인학과,예체능계열,34,316,34
67,2026,식품영양학과,자연계열,37,316,37
67,2026,실용음악학과,예체능계열,22,78,22
67,2026,아동학과,사회계열,28,208,28
67,2026,역사·문화콘텐츠학과,인문계열,28,272,28
67,2026,연기예술학과,예체능계열,33,464,33
67,2026,영어영문학과,인문계열,32,292,32
67,2026,영화영상학과,예체능계열,38,335,38
67,2026,의생명과학과,자연계열,58,361,58
67,2026,자율전공학부,무전공,133,1112,131
67,2026,전기공학과,공학계열,30,241,30
67,2026,중국학전공,인문계열,43,226,43
67,2026,컴퓨터공학전공,공학계열,59,348,59
67,2026,한국학과,인문계열,31,43,31
67,2026,행정정보학과,사회계열,49,279,49
67,2026,화학공학과,공학계열,23,164,23
67,2026,휴먼케어평생교육학과,교육계열,19,8,5
67,2026,AI빅데이터전공,공학계열,42,294,42
67,2026,IT기계공학과,공학계열,31,239,31
68,2024,가상현실융합학과,공학계열,40,275,40
68,2024,과학기술대학,자연계열,374,4133,366
68,2024,글로벌융합대학,인문계열,656,9213,652
68,2024,데이터사이언스학과,공학계열,40,252,40
68,2024,약학과(6년제),의약계열,91,1382,91
68,2024,유아교육과,교육계열,39,411,39
68,2024,Art & Design대학,예체능계열,105,2667,97
68,2025,가상현실융합학과,공학계열,40,285,40
68,2025,과학기술대학,자연계열,267,3085,249
68,2025,글로벌융합대학,인문계열,435,8002,454
68,2025,데이터사이언스학과,공학계열,40,462,40
68,2025,약학과(6년제),의약계열,94,1611,94
68,2025,유아교육과,교육계열,39,475,39
68,2025,자유전공학부,무전공,286,2898,288
68,2025,AI신약학과,자연계열,40,295,41
68,2025,Art & Design대학,예체능계열,127,2772,121
68,2026,가상현실융합학과,공학계열,40,176,40
68,2026,과학기술대학,자연계열,285,2296,230
68,2026,글로벌융합대학,인문계열,465,7318,443
68,2026,데이터사이언스학과,공학계열,40,217,40
68,2026,약학과(6년제),의약계열,94,3145,93
68,2026,유아교육과,교육계열,39,593,39
68,2026,자유전공학부,무전공,290,3033,280
68,2026,AI신약학과,자연계열,40,216,40
68,2026,Art & Design대학,예체능계열,130,2958,125
69,2024,가정교육과,교육계열,30,485,30
69,2024,건설환경공학과,공학계열,56,819,56
69,2024,건축공학부,공학계열,62,860,64
69,2024,경영정보학과,사회계열,71,1728,71
69,2024,경영학과,사회계열,134,2939,155
69,2024,경제학과,사회계열,89,754,92
69,2024,경찰행정학부,사회계열,77,1728,78
69,2024,광고홍보학과,사회계열,58,1042,78
69,2024,교육학과,교육계열,30,808,30
69,2024,국어교육과,교육계열,31,339,31
69,2024,국어국문문예창작학부,인문계열,67,2539,71
69,2024,국제통상학과,사회계열,76,1473,83
69,2024,글로벌무역학과,사회계열,70,539,70
69,2024,기계로봇에너지공학과,공학계열,110,1402,111
69,2024,문화재학과,인문계열,19,157,19
69,2024,물리학과,자연계열,23,275,23
69,2024,바이오환경과학과,자연계열,45,1011,46
69,2024,법학과,사회계열,124,2361,125
69,2024,불교미술전공,예체능계열,15,102,16
69,2024,불교학부,인문계열,63,262,63
69,2024,사학과,인문계열,33,601,33
69,2024,사회복지상담학과,사회계열,41,202,41
69,2024,사회복지학과,사회계열,18,241,22
69,2024,사회언론정보학부 미디어커뮤니케이션학전공,사회계열,56,1196,83
69,2024,사회언론정보학부 사회학전공,사회계열,24,886,27
69,2024,산업시스템공학과,공학계열,71,758,71
69,2024,생명과학과,자연계열,44,782,44
69,2024,서양화전공,예체능계열,15,468,15
69,2024,수학과,자연계열,37,411,37
69,2024,수학교육과,교육계열,30,351,30
69,2024,스포츠문화학과,예체능계열,22,312,22
69,2024,시스템반도체학부,공학계열,43,449,43
69,2024,식품산업관리학과,자연계열,27,395,29
69,2024,식품생명공학과,자연계열,58,949,57
69,2024,약학과,의약계열,35,2211,35
69,2024,에너지신소재공학과,공학계열,43,868,43
69,2024,역사교육과,교육계열,30,345,30
69,2024,연극학부,예체능계열,50,2468,51
69,2024,영어영문학부,인문계열,92,1428,94
69,2024,영화영상학과,예체능계열,47,591,64
69,2024,융합보안학과,공학계열,41,365,41
69,2024,의생명공학과,자연계열,40,778,40
69,2024,일본학과,인문계열,33,602,33
69,2024,전자전기공학부,공학계열,175,2363,175
69,2024,정보통신공학과,공학계열,92,1026,93
69,2024,정치행정학부 북한학 전공,인문계열,17,203,17
69,2024,정치행정학부 정치외교학 전공,사회계열,46,789,47
69,2024,정치행정학부 행정학전공,사회계열,44,713,44
69,2024,조소전공,예체능계열,15,94,15
69,2024,중어중문학과,인문계열,44,677,46
69,2024,지리교육과,교육계열,29,275,29
69,2024,철학과,인문계열,19,506,20
69,2024,체육교육과,교육계열,36,728,36
69,2024,통계학과,자연계열,43,435,43
69,2024,한국음악과,예체능계열,15,239,15
69,2024,한국화전공,예체능계열,15,146,15
69,2024,화공생물공학과,공학계열,73,1379,73
69,2024,화학과,자연계열,40,633,40
69,2024,회계학과,사회계열,92,1343,94
69,2024,AI소프트웨어융합학부,공학계열,225,3102,228
69,2025,가정교육과,교육계열,30,261,30
69,2025,건설환경공학과,공학계열,50,654,50
69,2025,건축공학부,공학계열,54,810,54
69,2025,경영정보학과,사회계열,64,1436,64
69,2025,경영학과,사회계열,133,2606,132
69,2025,경제학과,사회계열,80,857,80
69,2025,경찰행정학부,사회계열,72,1636,72
69,2025,광고홍보학과,사회계열,62,915,62
69,2025,교육학과,교육계열,30,588,30
69,2025,국어교육과,교육계열,31,437,31
69,2025,국어국문문예창작학부,인문계열,69,2540,69
69,2025,국제통상학과,사회계열,74,1458,74
69,2025,글로벌무역학과,사회계열,80,705,78
69,2025,기계로봇에너지공학과,공학계열,104,1559,104
69,2025,문화유산학과,인문계열,18,225,18
69,2025,물리학과,자연계열,23,347,23
69,2025,바이오시스템대학(광역화 모집단위),무전공,34,356,34
69,2025,바이오환경과학과,자연계열,38,818,38
69,2025,법학과,사회계열,110,1927,110
69,2025,불교미술전공,예체능계열,15,127,15
69,2025,불교학부,인문계열,66,533,66
69,2025,사학과,인문계열,30,522,30
69,2025,사회복지상담학과,사회계열,41,222,41
69,2025,사회복지학과,사회계열,18,235,18
69,2025,사회언론정보학부 미디어커뮤니케이션학전공,사회계열,79,1040,79
69,2025,사회언론정보학부 사회학전공,사회계열,24,367,24
69,2025,산업시스템공학과,공학계열,62,819,62
69,2025,생명과학과,자연계열,34,763,34
69,2025,서양화전공,예체능계열,15,464,15
69,2025,수학과,자연계열,32,477,32
69,2025,수학교육과,교육계열,30,484,30
69,2025,스포츠문화학과,예체능계열,22,383,22
69,2025,시스템반도체학부,공학계열,57,859,57
69,2025,식품산업관리학과,자연계열,26,387,26
69,2025,식품생명공학과,자연계열,47,905,46
69,2025,약학과,의약계열,35,1577,35
69,2025,에너지신소재공학과,공학계열,39,753,39
69,2025,역사교육과,교육계열,30,395,30
69,2025,연극학부,예체능계열,51,2584,51
69,2025,열린전공학부,무전공,229,3850,229
69,2025,영어영문학부,인문계열,87,1430,87
69,2025,영화영상학과,예체능계열,51,577,51
69,2025,융합보안학과,공학계열,41,310,40
69,2025,의생명공학과,자연계열,35,614,35
69,2025,일본학과,인문계열,33,622,33
69,2025,전자전기공학부,공학계열,156,2077,156
69,2025,정보통신공학과,공학계열,83,1223,83
69,2025,정치행정학부 북한학 전공,인문계열,16,172,16
69,2025,정치행정학부 정치외교학 전공,사회계열,43,790,43
69,2025,정치행정학부 행정학전공,사회계열,41,676,41
69,2025,조소전공,예체능계열,15,129,15
69,2025,중어중문학과,인문계열,43,659,43
69,2025,지리교육과,교육계열,29,245,29
69,2025,철학과,인문계열,18,469,18
69,2025,체육교육과,교육계열,36,776,36
69,2025,컴퓨터?AI학부,공학계열,202,3338,202
69,2025,통계학과,자연계열,39,535,39
69,2025,한국음악과,예체능계열,21,315,20
69,2025,한국화전공,예체능계열,15,162,15
69,2025,화공생물공학과,공학계열,66,1083,65
69,2025,화학과,자연계열,36,655,36
69,2025,회계학과,사회계열,80,1368,80
69,2026,가정교육과,교육계열,27,346,27
69,2026,건설환경공학과,공학계열,52,798,52
69,2026,건축공학부,공학계열,57,653,57
69,2026,경영대학(광역화 모집단위),사회계열,286,7264,286
69,2026,경제학과,사회계열,83,836,83
69,2026,경찰행정학부,사회계열,77,1703,77
69,2026,광고홍보학과,사회계열,68,1102,68
69,2026,교육학과,교육계열,28,529,28
69,2026,국어교육과,교육계열,29,443,29
69,2026,국어국문문예창작학부,인문계열,69,2917,69
69,2026,국제통상학과,사회계열,87,1698,87
69,2026,글로벌무역학과,사회계열,69,646,69
69,2026,기계로봇에너지공학과,공학계열,104,1141,104
69,2026,문화유산학과,인문계열,18,124,18
69,2026,물리학과,자연계열,23,363,23
69,2026,바이오시스템대학(광역화 모집단위),무전공,34,308,34
69,2026,범죄학과,사회계열,43,200,42
69,2026,법학과,사회계열,112,1884,112
69,2026,불교미술전공,예체능계열,15,177,15
69,2026,불교학부,인문계열,65,345,65
69,2026,사학과,인문계열,31,571,31
69,2026,사회복지상담학과,사회계열,42,199,41
69,2026,사회복지학과,사회계열,19,207,19
69,2026,사회언론정보학부 미디어커뮤니케이션학전공,사회계열,71,929,71
69,2026,사회언론정보학부 사회학전공,사회계열,28,346,28
69,2026,산업시스템공학과,공학계열,63,755,63
69,2026,생명과학과,자연계열,34,559,33
69,2026,서양화전공,예체능계열,15,619,15
69,2026,수학과,자연계열,33,464,33
69,2026,수학교육과,교육계열,28,359,28
69,2026,스포츠문화학과,예체능계열,22,455,22
69,2026,시스템반도체학부,공학계열,61,710,60
69,2026,식품바이오융합공학과,자연계열,47,1235,47
69,2026,식품산업관리학과,자연계열,28,266,28
69,2026,약학과,의약계열,35,1416,35
69,2026,에너지신소재공학과,공학계열,72,1108,72
69,2026,역사교육과,교육계열,27,292,27
69,2026,연극학부,예체능계열,57,2615,57
69,2026,열린전공학부,무전공,229,2660,229
69,2026,영어영문학부,인문계열,86,1390,86
69,2026,영화영상학과,예체능계열,55,674,56
69,2026,융합환경과학과,자연계열,56,851,56
69,2026,의료인공지능공학과,의약계열,42,707,42
69,2026,의생명공학과,자연계열,35,567,35
69,2026,일본학과,인문계열,32,671,31
69,2026,전자전기공학부,공학계열,157,2085,157
69,2026,정보통신공학과,공학계열,83,1090,83
69,2026,정치행정학부 북한학 전공,인문계열,16,182,16
69,2026,정치행정학부 정치외교학 전공,사회계열,44,1621,44
69,2026,정치행정학부 행정학전공,사회계열,42,819,42
69,2026,조소전공,예체능계열,15,122,15
69,2026,중어중문학과,인문계열,44,764,44
69,2026,지능형네트워크융합학과,공학계열,25,304,25
69,2026,지리교육과,교육계열,27,402,27
69,2026,철학과,인문계열,20,574,20
69,2026,체육교육과,교육계열,33,711,33
69,2026,컴퓨터·AI학부,공학계열,204,2658,204
69,2026,통계학과,자연계열,39,687,39
69,2026,한국음악과,예체능계열,20,336,19
69,2026,한국화전공,예체능계열,15,205,15
69,2026,화공생물공학과,공학계열,66,966,66
69,2026,화학과,자연계열,36,501,36
70,2024,가정교육과,교육계열,22,81,22
70,2024,간호학과,의약계열,123,1246,123
70,2024,경영학과,사회계열,71,286,75
70,2024,고고미술사학과,인문계열,35,100,36
70,2024,국사학과,인문계열,35,135,36
70,2024,기타모집단위,인문계열,109,0,0
70,2024,디자인미술학과,예체능계열,74,246,71
70,2024,명상심리상담학과,인문계열,20,99,20
70,2024,바이오제약공학과,자연계열,50,260,52
70,2024,보건의료정보학과,의약계열,30,165,32
70,2024,불교문화콘텐츠전공,인문계열,20,81,18
70,2024,불교학전공,인문계열,30,116,21
70,2024,뷰티메디컬학과,예체능계열,30,146,31
70,2024,사회복지학과,사회계열,55,255,58
70,2024,소방방재전공,공학계열,30,167,32
70,2024,수학교육과,교육계열,28,129,27
70,2024,스포츠과학전공,예체능계열,54,206,51
70,2024,스포츠의학전공,예체능계열,44,104,43
70,2024,아동청소년교육학과,교육계열,25,106,25
70,2024,안전보건전공,공학계열,30,138,30
70,2024,에너지·전기공학과,공학계열,64,221,69
70,2024,영어영문학과,인문계열,40,172,40
70,2024,웹문예학과,인문계열,35,169,38
70,2024,유아교육과,교육계열,30,204,30
70,2024,의예과,의약계열,55,1329,53
70,2024,일어일문학과,인문계열,28,157,28
70,2024,자동차소재부품공학전공,공학계열,32,123,35
70,2024,자유전공학부,인문계열,58,292,62
70,2024,전자·정보통신공학과,공학계열,40,154,41
70,2024,정보경영학과,사회계열,40,209,40
70,2024,조경?정원디자인학부,공학계열,36,175,38
70,2024,조리외식경영학전공,자연계열,45,250,49
70,2024,중어중문학과,인문계열,35,154,34
70,2024,컴퓨터공학과,공학계열,70,327,76
70,2024,한의예과,의약계열,79,1629,75
70,2024,항공서비스무역학과,사회계열,60,236,60
70,2024,행정?경찰공공학부,사회계열,100,479,120
70,2024,호텔관광경영학전공,사회계열,80,307,84
70,2024,회계세무학과,사회계열,40,174,44
70,2025,가정교육과,교육계열,22,95,22
70,2025,간호학과,의약계열,165,952,163
70,2025,경영학과,사회계열,74,302,78
70,2025,고고미술사학과,인문계열,33,118,34
70,2025,국사학과,인문계열,34,153,35
70,2025,글로컬인재학부,무전공,111,459,116
70,2025,기타모집단위,인문계열,109,0,0
70,2025,디자인미술학과,예체능계열,72,283,70
70,2025,명상심리상담학과,인문계열,20,70,20
70,2025,바이오제약공학과,자연계열,40,219,44
70,2025,보건의료정보학과,의약계열,28,151,29
70,2025,불교문화콘텐츠전공,인문계열,20,56,20
70,2025,불교학전공,인문계열,31,95,32
70,2025,뷰티메디컬학과,예체능계열,30,169,33
70,2025,사회복지학과,사회계열,52,350,52
70,2025,소방방재전공,공학계열,28,190,32
70,2025,수학교육과,교육계열,28,109,28
70,2025,스포츠과학전공,예체능계열,51,216,49
70,2025,스포츠의학전공,예체능계열,42,145,40
70,2025,아동청소년교육학과,교육계열,24,100,24
70,2025,안전보건전공,공학계열,28,142,30
70,2025,에너지·전기공학과,공학계열,59,268,62
70,2025,영어영문학과,인문계열,37,206,38
70,2025,웹문예학과,인문계열,33,162,36
70,2025,유아교육과,교육계열,30,125,30
70,2025,의예과,의약계열,126,2568,122
70,2025,일어일문학과,인문계열,27,139,28
70,2025,자동차소재부품공학전공,공학계열,30,177,30
70,2025,전자·정보통신공학과,공학계열,34,179,36
70,2025,정보경영학과,사회계열,36,193,38
70,2025,조경?정원디자인학부,공학계열,34,194,35
70,2025,조리외식경영학전공,자연계열,42,263,49
70,2025,중어중문학과,인문계열,33,130,35
70,2025,컴퓨터공학과,공학계열,67,296,69
70,2025,한의예과,의약계열,79,1388,76
70,2025,항공서비스무역학과,사회계열,56,291,57
70,2025,행정?경찰공공학부,사회계열,93,535,112
70,2025,호텔관광경영학전공,사회계열,75,330,77
70,2025,회계세무학과,사회계열,38,126,43
70,2026,가정교육과,교육계열,22,202,22
70,2026,간호학과,의약계열,168,1418,165
70,2026,경영학과,사회계열,66,460,73
70,2026,고고미술사학과,인문계열,33,106,35
70,2026,국사학과,인문계열,33,231,36
70,2026,글로컬인재학부,무전공,120,666,138
70,2026,기타모집단위,인문계열,104,0,0
70,2026,디자인미술학과,예체능계열,76,504,74
70,2026,명상심리상담학과,인문계열,20,96,20
70,2026,바이오·화학융합학부,자연계열,40,359,42
70,2026,보건의료정보학과,의약계열,28,179,30
70,2026,불교문화콘텐츠전공,인문계열,21,83,21
70,2026,불교학전공,인문계열,33,169,33
70,2026,뷰티아트산업학과,예체능계열,32,229,33
70,2026,사회복지학과,사회계열,50,332,53
70,2026,소방방재전공,공학계열,28,324,31
70,2026,수학교육과,교육계열,29,209,29
70,2026,스포츠과학전공,예체능계열,36,194,32
70,2026,스포츠의학전공,예체능계열,37,172,34
70,2026,아동청소년교육학과,교육계열,24,220,24
70,2026,안전보건전공,공학계열,28,154,28
70,2026,엘리트스포츠전공,예체능계열,25,154,25
70,2026,영어영문학과,인문계열,37,250,37
70,2026,원자력·에너지·전기공학과,공학계열,60,322,62
70,2026,웹문예학과,인문계열,33,164,35
70,2026,유아교육과,교육계열,30,242,30
70,2026,의예과,의약계열,55,974,51
70,2026,일어일문학과,인문계열,25,337,26
70,2026,자동차소재부품공학전공,공학계열,30,167,33
70,2026,전자·정보통신공학과,공학계열,35,228,37
70,2026,정보경영학과,사회계열,34,218,34
70,2026,조경·정원디자인학과,공학계열,34,256,37
70,2026,조리외식경영학전공,자연계열,42,358,50
70,2026,중어중문학과,인문계열,34,279,34
70,2026,컴퓨터공학과,공학계열,66,450,69
70,2026,한의예과,의약계열,79,1553,76
70,2026,항공서비스무역학과,사회계열,56,284,57
70,2026,행정·경찰공공학부,사회계열,94,601,108
70,2026,호텔관광경영학전공,사회계열,75,401,76
70,2026,회계세무학과,사회계열,37,315,39
71,2024,경영경제학부 경영학전공,사회계열,84,1123,84
71,2024,경영경제학부 경제학전공,사회계열,47,512,47
71,2024,경영경제학부 국제경영학전공,사회계열,51,819,51
71,2024,공연예술학부 모델전공,예체능계열,23,144,23
71,2024,공연예술학부 무용전공,예체능계열,36,414,36
71,2024,공연예술학부 방송연예전공,예체능계열,73,1358,73
71,2024,공연예술학부 실용음악전공,예체능계열,35,1334,35
71,2024,글로벌지역학부 영어전공,인문계열,64,639,64
71,2024,글로벌지역학부 유러피언스터디즈전공,인문계열,48,698,48
71,2024,글로벌지역학부 일어일본학전공,인문계열,45,463,45
71,2024,글로벌지역학부 중어중국학전공,인문계열,53,563,53
71,2024,기타모집단위,인문계열,23,0,0
71,2024,디자인학부 미디어디자인전공,예체능계열,36,881,36
71,2024,디자인학부 시각&실내디자인전공,예체능계열,64,1672,64
71,2024,디자인학부 패션디자인전공,예체능계열,80,1349,80
71,2024,문화지식융합학부 글로벌MICE전공,사회계열,42,635,42
71,2024,문화지식융합학부 데이터사이언스전공,자연계열,50,643,50
71,2024,문화지식융합학부 문화예술경영전공,예체능계열,40,507,40
71,2024,문화지식융합학부 커뮤니케이션콘텐츠전공,사회계열,41,510,41
71,2024,문화지식융합학부 HCI사이언스전공,공학계열,40,364,39
71,2024,미래인재융합대학,사회계열,91,388,91
71,2024,미술학부 디지털공예전공,예체능계열,35,920,35
71,2024,미술학부 큐레이터학전공,예체능계열,23,259,23
71,2024,미술학부 회화전공,예체능계열,41,523,41
71,2024,사회과학부 문헌정보학전공,인문계열,34,397,34
71,2024,사회과학부 사회복지학전공,사회계열,34,468,34
71,2024,사회과학부 아동학전공,사회계열,46,659,46
71,2024,약학과,의약계열,44,432,44
71,2024,음악학부 관현악전공,예체능계열,25,198,25
71,2024,음악학부 성악전공,예체능계열,21,271,21
71,2024,음악학부 피아노전공,예체능계열,22,412,22
71,2024,인문학부 국사학전공,인문계열,26,272,26
71,2024,인문학부 국어국문학전공,인문계열,40,386,40
71,2024,인문학부 문예창작전공,인문계열,28,505,28
71,2024,인문학부 한국어문화전공,인문계열,13,16,13
71,2024,자연과학부 보건관리학전공,의약계열,39,489,39
71,2024,자연과학부 식품영양학전공,자연계열,42,709,42
71,2024,자연과학부 응용화학전공,자연계열,34,416,34
71,2024,자연과학부 체육학전공,예체능계열,31,153,31
71,2024,자연과학부 화장품학전공,자연계열,25,524,25
71,2024,정보학부 정보통계학전공,자연계열,46,491,46
71,2024,정보학부 컴퓨터학전공,공학계열,76,805,76
71,2025,경영융합학부,사회계열,117,1992,117
71,2025,공연예술학부 모델전공,예체능계열,23,167,23
71,2025,공연예술학부 무용전공,예체능계열,36,474,36
71,2025,공연예술학부 방송연예전공,예체능계열,73,1524,73
71,2025,공연예술학부 실용음악전공,예체능계열,36,1446,36
71,2025,글로벌지역학부 영어전공,인문계열,42,656,42
71,2025,글로벌지역학부 유러피언스터디즈전공,인문계열,35,568,35
71,2025,글로벌지역학부 일어일본학전공,인문계열,32,443,32
71,2025,글로벌지역학부 중어중국학전공,인문계열,39,551,39
71,2025,금융회계학부,사회계열,91,461,63
71,2025,기타모집단위,인문계열,29,0,0
71,2025,디자인학부 미디어디자인전공,예체능계열,38,932,38
71,2025,디자인학부 시각&실내디자인전공,예체능계열,63,1798,63
71,2025,디자인학부 패션디자인전공,예체능계열,80,1686,80
71,2025,문화지식융합학부 데이터사이언스전공,자연계열,50,856,50
71,2025,문화지식융합학부 커뮤니케이션콘텐츠전공,사회계열,28,503,28
71,2025,문화지식융합학부 HCI사이언스전공,공학계열,28,399,28
71,2025,미술학부 디지털공예전공,예체능계열,35,788,35
71,2025,미술학부 큐레이터학전공,예체능계열,23,284,23
71,2025,미술학부 회화전공,예체능계열,41,589,41
71,2025,사회과학부 문헌정보학전공,인문계열,26,374,26
71,2025,사회과학부 사회복지학전공,사회계열,24,387,24
71,2025,사회과학부 아동학전공,사회계열,34,657,34
71,2025,앙트러프러너리얼리더십학부 글로벌MICE융합전공,사회계열,28,443,28
71,2025,앙트러프러너리얼리더십학부 문화예술경영전공,예체능계열,28,447,28
71,2025,앙트러프러너리얼리더십학부 앙트러프러너십전공,사회계열,25,357,25
71,2025,약학과,의약계열,44,450,44
71,2025,음악학부 관현악전공,예체능계열,23,199,23
71,2025,음악학부 성악전공,예체능계열,21,279,21
71,2025,음악학부 피아노전공,예체능계열,21,351,21
71,2025,인문사회문화학부,무전공,130,902,130
71,2025,인문학부 국사학전공,인문계열,23,311,23
71,2025,인문학부 국어국문학전공,인문계열,29,376,29
71,2025,인문학부 문예창작전공,인문계열,23,279,23
71,2025,인문학부 한국어문화전공,인문계열,10,11,10
71,2025,자연과학부 보건관리학전공,의약계열,28,365,28
71,2025,자연과학부 식품영양학전공,자연계열,31,494,31
71,2025,자연과학부 응용화학전공,자연계열,25,357,25
71,2025,자연과학부 체육학전공,예체능계열,31,185,31
71,2025,자연과학부 화장품학전공,자연계열,21,290,21
71,2025,자연정보융합학부,무전공,43,423,43
71,2025,자율전공학부,무전공,93,753,93
71,2025,정보학부 정보통계학전공,자연계열,34,406,33
71,2025,정보학부 컴퓨터학전공,공학계열,56,747,56
71,2026,경영융합학부,사회계열,120,947,120
71,2026,공연예술학부 모델전공,예체능계열,23,156,23
71,2026,공연예술학부 무용전공,예체능계열,36,397,36
71,2026,공연예술학부 방송연예전공,예체능계열,73,1512,73
71,2026,공연예술학부 실용음악전공,예체능계열,34,1265,34
71,2026,글로벌지역학부 영어전공,인문계열,42,391,42
71,2026,글로벌지역학부 유러피언스터디즈전공,인문계열,36,291,36
71,2026,글로벌지역학부 일어일본학전공,인문계열,34,273,34
71,2026,글로벌지역학부 중어중국학전공,인문계열,39,320,39
71,2026,금융회계학부,사회계열,91,167,16
71,2026,기타모집단위,인문계열,26,0,0
71,2026,디자인학부 미디어디자인전공,예체능계열,36,640,36
71,2026,디자인학부 시각&실내디자인전공,예체능계열,65,1188,65
71,2026,디자인학부 패션디자인전공,예체능계열,80,1184,80
71,2026,문화지식융합학부 데이터사이언스전공,자연계열,50,367,50
71,2026,문화지식융합학부 커뮤니케이션콘텐츠전공,사회계열,28,252,28
71,2026,문화지식융합학부 HCI사이언스전공,공학계열,29,248,29
71,2026,미술학부 디지털공예전공,예체능계열,35,719,35
71,2026,미술학부 큐레이터학전공,예체능계열,23,196,23
71,2026,미술학부 회화전공,예체능계열,41,450,41
71,2026,사회과학부 문헌정보학전공,인문계열,25,199,25
71,2026,사회과학부 사회복지학전공,사회계열,25,358,25
71,2026,사회과학부 아동학전공,사회계열,34,320,34
71,2026,앙트러프러너리얼리더십학부 글로벌MICE융합전공,사회계열,28,208,28
71,2026,앙트러프러너리얼리더십학부 문화예술경영전공,예체능계열,28,223,27
71,2026,앙트러프러너리얼리더십학부 앙트러프러너십전공,사회계열,25,369,25
71,2026,약학과,의약계열,44,336,44
71,2026,음악학부 관현악전공,예체능계열,23,159,23
71,2026,음악학부 성악전공,예체능계열,21,263,21
71,2026,음악학부 피아노전공,예체능계열,21,289,21
71,2026,인문사회문화학부,무전공,125,769,125
71,2026,인문학부 국사학전공,인문계열,23,180,23
71,2026,인문학부 국어국문학전공,인문계열,30,320,30
71,2026,인문학부 문예창작전공,인문계열,23,215,23
71,2026,자연과학부 보건관리학전공,의약계열,28,396,28
71,2026,자연과학부 식품영양학전공,자연계열,31,233,31
71,2026,자연과학부 응용화학전공,자연계열,25,156,25
71,2026,자연과학부 체육학전공,예체능계열,31,171,31
71,2026,자연과학부 화장품학전공,자연계열,23,132,23
71,2026,자연정보융합학부,무전공,43,234,43
71,2026,자율전공학부,무전공,93,795,92
71,2026,정보학부 정보통계학전공,자연계열,34,159,34
71,2026,정보학부 컴퓨터학전공,공학계열,56,446,56
71,2026,Division of Computing & Software Systems,공학계열,1,1,1
71,2026,Division of Korean Language & Culture,인문계열,3,4,3
72,2024,간호학과,의약계열,93,1109,92
72,2024,건축공학과,공학계열,36,142,32
72,2024,건축학과,공학계열,44,173,42
72,2024,게임공학과,공학계열,29,189,31
72,2024,게임그래픽학과,예체능계열,30,182,37
72,2024,경영학과,사회계열,39,326,32
72,2024,광고홍보학과,사회계열,25,150,25
72,2024,국제통상물류학과,사회계열,32,174,30
72,2024,군사학과,사회계열,30,98,30
72,2024,글로벌관광학과,사회계열,31,213,34
72,2024,글로벌문화콘텐츠학과,인문계열,30,176,30
72,2024,냉동공조공학과,공학계열,38,130,41
72,2024,동양문화학과,인문계열,30,32,22
72,2024,미디어커뮤니케이션학과,사회계열,35,234,35
72,2024,미래자동차학과,공학계열,34,138,26
72,2024,반려동물보건학과,자연계열,60,435,60
72,2024,반려동물산업학부,자연계열,30,198,31
72,2024,복지경영학과,사회계열,35,56,31
72,2024,뷰티산업학과,예체능계열,35,39,34
72,2024,뷰티예술대학,예체능계열,78,618,0
72,2024,사회복지학과,사회계열,39,347,36
72,2024,상담?임상심리학과,인문계열,36,174,28
72,2024,선명상치유학과,의약계열,30,41,23
72,2024,소프트웨어학과,공학계열,31,86,18
72,2024,스포츠재활학과,예체능계열,53,395,53
72,2024,시각디자인학과,예체능계열,37,182,28
72,2024,실내건축학과,공학계열,39,193,31
72,2024,애견미용?행동교정학과,자연계열,44,297,42
72,2024,언어치료청각재활학과,의약계열,29,147,25
72,2024,엔터테인먼트예술학부,예체능계열,30,122,30
72,2024,웹툰?애니메이션학과,예체능계열,40,209,40
72,2024,유아교육과,교육계열,45,230,44
72,2024,응급구조학과,의약계열,34,314,33
72,2024,작업치료학과,의약계열,35,346,31
72,2024,전기제어학부,공학계열,32,135,36
72,2024,창업학과,사회계열,23,31,21
72,2024,컴퓨터공학과,공학계열,44,255,46
72,2024,패션디자인학과,예체능계열,33,218,33
72,2024,한국어교육다문화학과,인문계열,30,43,27
72,2024,항만물류시스템학과,사회계열,31,96,27
72,2024,호텔조리베이커리학과,자연계열,33,252,32
72,2024,Dept. of Computer Engineering,공학계열,30,181,30
72,2024,Dept. of Global Business,사회계열,73,260,73
72,2024,Dept. of Global Korean Studies,인문계열,8,13,8
72,2024,Dept. of Information System and Security,공학계열,33,150,33
72,2024,Dept. of Mechatronics Engineering,공학계열,8,101,8
72,2024,Do-ing대학,예체능계열,50,220,0
72,2025,간호학과,의약계열,110,1056,110
72,2025,건축공학과,공학계열,33,135,30
72,2025,건축학과,공학계열,38,158,38
72,2025,게임공학과,공학계열,35,109,27
72,2025,게임그래픽학과,예체능계열,30,141,26
72,2025,경영학과,사회계열,30,216,22
72,2025,광고홍보학과,사회계열,27,137,22
72,2025,국제통상물류학과,사회계열,28,92,22
72,2025,군사학과,사회계열,25,143,25
72,2025,글로벌관광학과,사회계열,33,175,25
72,2025,글로벌문화콘텐츠학과,인문계열,25,113,25
72,2025,냉동공조공학과,공학계열,32,113,40
72,2025,동양문화학과,인문계열,27,55,25
72,2025,레저?승마학과,예체능계열,0,15,7
72,2025,미디어커뮤니케이션학과,사회계열,36,223,35
72,2025,미래자동차학과,공학계열,27,131,25
72,2025,반려동물보건학과,자연계열,55,365,55
72,2025,반려동물산업학부,자연계열,31,211,31
72,2025,복지경영학과,사회계열,35,81,33
72,2025,뷰티산업학과,예체능계열,35,82,32
72,2025,뷰티예술대학,예체능계열,78,738,78
72,2025,뷰티케어학과,예체능계열,3,3,3
72,2025,사회복지학과,사회계열,33,256,30
72,2025,상담?임상심리학과,인문계열,29,132,26
72,2025,선명상치유학과,의약계열,27,34,22
72,2025,소프트웨어학과,공학계열,26,93,24
72,2025,스포츠레저학부,예체능계열,30,0,0
72,2025,스포츠재활학과,예체능계열,54,417,54
72,2025,시각디자인학과,예체능계열,28,119,21
72,2025,실내건축학과,공학계열,33,182,32
72,2025,애견미용?행동교정학과,자연계열,44,279,43
72,2025,언어치료청각재활학과,의약계열,29,144,26
72,2025,엔터테인먼트예술학과,예체능계열,25,148,25
72,2025,웹툰?애니메이션학과,예체능계열,50,334,50
72,2025,유아교육과,교육계열,38,192,37
72,2025,응급구조학과,의약계열,34,322,32
72,2025,작업치료학과,의약계열,34,187,33
72,2025,전기제어학부,공학계열,32,123,24
72,2025,창업학과,사회계열,23,25,22
72,2025,축구학과,예체능계열,0,77,24
72,2025,컴퓨터공학과,공학계열,43,199,31
72,2025,패션디자인학과,예체능계열,34,191,31
72,2025,한국어교육다문화학과,인문계열,28,58,28
72,2025,항만물류시스템학과,사회계열,32,126,32
72,2025,호텔조리베이커리학과,자연계열,34,277,35
72,2025,Dept. of AI & Computer Engineering,공학계열,32,264,32
72,2025,Dept. of Culture and Design Management,예체능계열,8,65,8
72,2025,Dept. of Global Business,사회계열,56,314,56
72,2025,Dept. of Global Korean Studies,인문계열,2,6,2
72,2025,Dept. of Information System and Security,공학계열,22,164,22
72,2025,Dept. of Mechanical and Automotive Engineering,공학계열,10,58,10
72,2025,Dept. of Tech Management & Innovation,사회계열,17,146,17
72,2025,K-sports태권도학과,예체능계열,30,132,29
72,2026,간호학과,의약계열,112,1242,112
72,2026,건축공학과,공학계열,33,217,31
72,2026,건축학과,공학계열,38,172,37
72,2026,게임공학과,공학계열,30,131,23
72,2026,게임그래픽학과,예체능계열,31,173,39
72,2026,경영학과,사회계열,31,271,53
72,2026,광고홍보학과,사회계열,27,142,27
72,2026,국제통상물류학과,사회계열,29,106,16
72,2026,군사학과,사회계열,25,176,25
72,2026,글로벌관광학과,사회계열,36,162,24
72,2026,글로벌문화콘텐츠학과,인문계열,25,117,25
72,2026,냉동공조공학과,공학계열,32,134,37
72,2026,동양문화학과,인문계열,30,49,22
72,2026,미디어커뮤니케이션학과,사회계열,36,301,36
72,2026,미래자동차학과,공학계열,41,159,37
72,2026,반려동물보건학과,자연계열,55,389,55
72,2026,반려동물산업학부,자연계열,31,200,31
72,2026,복지경영학과,사회계열,35,58,35
72,2026,뷰티산업학과,예체능계열,35,46,35
72,2026,뷰티예술대학,예체능계열,79,640,80
72,2026,뷰티케어학과,예체능계열,1,1,0
72,2026,사회복지학과,사회계열,33,334,33
72,2026,상담·임상심리학과,인문계열,30,149,30
72,2026,선명상치유학과,의약계열,30,31,24
72,2026,스포츠재활학과,예체능계열,52,451,52
72,2026,시각디자인학과,예체능계열,26,279,25
72,2026,실내건축학과,공학계열,33,184,33
72,2026,애견미용·행동교정학과,자연계열,41,247,41
72,2026,언어치료청각재활학과,의약계열,29,118,29
72,2026,엔터테인먼트예술학과,예체능계열,25,110,25
72,2026,웹툰애니메이션학부,예체능계열,60,484,60
72,2026,유아교육과,교육계열,36,219,36
72,2026,응급구조학과,의약계열,34,449,34
72,2026,인공지능응용학과,공학계열,28,95,23
72,2026,작업치료학과,의약계열,35,291,35
72,2026,전기제어학부,공학계열,33,153,34
72,2026,창업학과,사회계열,26,27,26
72,2026,축구·스포츠산업학과,예체능계열,30,83,30
72,2026,컴퓨터공학과,공학계열,38,202,26
72,2026,패션디자인학과,예체능계열,29,200,29
72,2026,한국어교육다문화학과,인문계열,32,41,30
72,2026,항만물류시스템학과,사회계열,32,137,46
72,2026,호텔조리베이커리학과,자연계열,33,334,36
72,2026,Dept. of AI & Computer Engineering,공학계열,17,57,17
72,2026,Dept. of Global Business,사회계열,28,81,28
72,2026,Dept. of Information System and Security,공학계열,0,1,0
72,2026,Dept. of Mechanical and Automotive Engineering,공학계열,19,74,19
72,2026,Dept. of Tech Management & Innovation,사회계열,0,4,0
72,2026,K-sports태권도학과,예체능계열,30,106,30
73,2024,간호학과,의약계열,131,1224,131
73,2024,건축학과,공학계열,43,234,40
73,2024,게임학과,공학계열,79,347,77
73,2024,경영학부,사회계열,114,600,104
73,2024,경찰학과,사회계열,66,324,65
73,2024,관광경영?컨벤션학과,사회계열,36,162,21
73,2024,관광학부,사회계열,1,72,26
73,2024,광고홍보학과,사회계열,58,269,58
73,2024,국제통상물류학부,사회계열,58,254,50
73,2024,기타모집단위,인문계열,70,0,0
73,2024,디자인학부,예체능계열,203,843,203
73,2024,디지털금융학과,사회계열,20,102,20
73,2024,디지털콘텐츠학부,공학계열,7,63,14
73,2024,뮤지컬엔터테인먼트과,예체능계열,21,46,20
73,2024,방사선학과,의약계열,45,388,45
73,2024,방송영상학과,예체능계열,97,420,97
73,2024,보건행정학과,사회계열,44,227,39
73,2024,사회복지상담학과,사회계열,35,88,35
73,2024,사회복지학과,사회계열,67,311,48
73,2024,사회복지학부,사회계열,1,62,29
73,2024,사회안전학과,사회계열,35,58,31
73,2024,소프트웨어학과,공학계열,53,142,20
73,2024,스포츠레저산업학과,예체능계열,30,51,27
73,2024,시니어운동처방학과,예체능계열,35,103,35
73,2024,식품영양학과,자연계열,38,221,27
73,2024,실용콘텐츠창작학과,사회계열,30,47,19
73,2024,연기과,예체능계열,31,70,30
73,2024,영상애니메이션학과,예체능계열,109,359,105
73,2024,영화과,예체능계열,47,194,47
73,2024,외국어학부,인문계열,72,308,63
73,2024,운동처방학과,예체능계열,58,316,58
73,2024,웹툰학과,예체능계열,54,333,53
73,2024,임상병리학과,의약계열,41,389,42
73,2024,작업치료학과,의약계열,42,268,42
73,2024,정보보안학과,사회계열,41,119,19
73,2024,창의공학부,공학계열,86,376,52
73,2024,청소년상담심리학과,사회계열,36,199,18
73,2024,체육학과,예체능계열,58,268,58
73,2024,치위생학과,의약계열,42,393,42
73,2024,캠퍼스아시아학과,인문계열,21,96,20
73,2024,컴퓨터공학과,공학계열,83,293,45
73,2024,컴퓨터공학부,공학계열,2,177,59
73,2024,패션디자인학과,예체능계열,53,248,53
73,2024,호텔경영학과,사회계열,51,267,26
73,2024,화장품학과,공학계열,20,80,11
73,2024,Computer Science학과,공학계열,1,10,1
73,2024,Digital Design학과,예체능계열,0,1,0
73,2024,Film and Visual Effects학과,예체능계열,1,1,1
73,2024,Game Development학과,공학계열,0,1,0
73,2024,Global Business Administration학과,사회계열,2,11,2
73,2024,ICT융합공학과,공학계열,35,58,25
73,2024,Korean Language and Business학과,인문계열,2,9,2
73,2025,간호학과,의약계열,100,1234,141
73,2025,건축공학과,공학계열,26,125,26
73,2025,건축학과,공학계열,40,234,43
73,2025,게임학과,공학계열,68,344,71
73,2025,경영학부,사회계열,98,545,98
73,2025,경찰학과,사회계열,60,429,63
73,2025,광고홍보학과,사회계열,56,232,56
73,2025,국제통상물류학부,사회계열,50,274,49
73,2025,글로벌관광대학,무전공,162,684,165
73,2025,기타모집단위,인문계열,157,0,0
73,2025,디자인학부,예체능계열,201,704,206
73,2025,디지털금융학과,사회계열,20,98,20
73,2025,디지털콘텐츠학부,공학계열,8,45,11
73,2025,뮤지컬엔터테인먼트과,예체능계열,20,48,21
73,2025,방사선학과,의약계열,40,407,51
73,2025,방송영상학과,예체능계열,95,504,101
73,2025,보건행정학과,사회계열,36,214,38
73,2025,사회복지상담학과,사회계열,35,65,35
73,2025,사회복지학과,사회계열,60,317,41
73,2025,사회복지학부,사회계열,1,117,36
73,2025,상담심리치료학과,사회계열,29,132,17
73,2025,스마트모빌리티학부,공학계열,50,232,51
73,2025,스포츠레저산업학과,예체능계열,30,45,29
73,2025,시니어운동처방학과,예체능계열,35,113,34
73,2025,식품영양학과,자연계열,30,178,30
73,2025,실용콘텐츠창작학과,사회계열,30,50,27
73,2025,안전관리학과,공학계열,35,52,30
73,2025,연기과,예체능계열,31,89,33
73,2025,영상애니메이션학과,예체능계열,96,439,104
73,2025,영화과,예체능계열,49,195,50
73,2025,운동처방학과,예체능계열,50,318,52
73,2025,웹툰학과,예체능계열,48,363,53
73,2025,임상병리학과,의약계열,40,348,50
73,2025,자유전공학부,무전공,88,346,90
73,2025,작업치료학과,의약계열,40,254,40
73,2025,체육학과,예체능계열,50,350,52
73,2025,치위생학과,의약계열,40,401,47
73,2025,캠퍼스아시아학과,인문계열,20,73,20
73,2025,컴퓨터공학부,공학계열,146,569,146
73,2025,패션디자인학과,예체능계열,50,255,52
73,2025,Computer Science학과,공학계열,7,12,7
73,2025,Global Business Administration학과,사회계열,1,2,1
73,2025,ICT융합공학과,공학계열,35,54,31
73,2025,Korean Language and Business학과,인문계열,0,1,0
73,2026,간호학과,의약계열,100,1849,143
73,2026,건축공학과,공학계열,25,189,25
73,2026,건축학과,공학계열,40,217,41
73,2026,게임학과,공학계열,78,368,79
73,2026,경영학부,사회계열,97,632,102
73,2026,경찰학과,사회계열,61,471,64
73,2026,광고홍보학과,사회계열,56,445,56
73,2026,국제통상물류학부,사회계열,50,289,52
73,2026,글로벌관광대학,무전공,158,944,159
73,2026,기타모집단위,인문계열,140,0,0
73,2026,디자인학부,예체능계열,200,727,201
73,2026,디지털금융학과,사회계열,21,101,21
73,2026,디지털콘텐츠학부,공학계열,5,42,6
73,2026,뮤지컬엔터테인먼트과,예체능계열,20,47,20
73,2026,방사선학과,의약계열,40,626,53
73,2026,방송영상학과,예체능계열,95,532,102
73,2026,보건행정학과,사회계열,34,308,35
73,2026,사회복지상담학과,사회계열,35,55,32
73,2026,사회복지학과,사회계열,57,519,58
73,2026,상담심리학과,인문계열,27,204,27
73,2026,생활스포츠지도학과,예체능계열,30,36,17
73,2026,스마트모빌리티학부,공학계열,72,462,76
73,2026,시니어운동처방학과,예체능계열,35,77,35
73,2026,식품영양학과,자연계열,31,202,34
73,2026,실용콘텐츠창작학과,사회계열,30,28,15
73,2026,안전관리학과,공학계열,30,33,17
73,2026,연기과,예체능계열,30,95,30
73,2026,영상애니메이션학과,예체능계열,104,568,114
73,2026,영화과,예체능계열,44,235,47
73,2026,운동처방학과,예체능계열,50,393,52
73,2026,웹툰학과,예체능계열,49,357,59
73,2026,임상병리학과,의약계열,39,523,43
73,2026,자유전공학부,무전공,88,720,89
73,2026,작업치료학과,의약계열,40,354,40
73,2026,체육학과,예체능계열,50,301,50
73,2026,치위생학과,의약계열,40,583,43
73,2026,캠퍼스아시아학과,인문계열,20,88,20
73,2026,컴퓨터공학부,공학계열,142,833,143
73,2026,패션디자인학과,예체능계열,50,276,51
73,2026,Animation학과,예체능계열,0,2,0
73,2026,Computer Science학과,공학계열,21,25,21
73,2026,Digital Design학과,예체능계열,0,3,0
73,2026,Film and Visual Effects학과,예체능계열,9,10,9
73,2026,Game Development학과,공학계열,0,1,0
73,2026,Global Business Administration학과,사회계열,0,4,0
73,2026,ICT융합공학과,공학계열,30,37,16
73,2026,Korean Language and Business학과,인문계열,21,29,21
74,2024,간호학과,의약계열,190,1035,176
74,2024,건축학과,공학계열,30,85,31
74,2024,경영학과,사회계열,20,75,20
74,2024,경찰행정학과,사회계열,45,142,27
74,2024,공연예술무용학과,예체능계열,30,77,31
74,2024,국제학부,사회계열,96,105,89
74,2024,국제한국어학과,인문계열,20,63,20
74,2024,군사학과,사회계열,30,72,29
74,2024,기타모집단위,인문계열,31,0,0
74,2024,도시계획학과,사회계열,20,43,20
74,2024,디지털콘텐츠학과,공학계열,25,66,15
74,2024,물리치료학과,의약계열,104,641,99
74,2024,뮤지컬ㆍ실용음악학과,예체능계열,30,52,25
74,2024,바이오화장품학과,자연계열,25,33,7
74,2024,반려동물학과,자연계열,30,218,31
74,2024,방사선학과,의약계열,60,385,64
74,2024,배터리공학과,공학계열,30,26,3
74,2024,보건행정학과,사회계열,30,81,25
74,2024,뷰티미용학과,예체능계열,40,127,42
74,2024,사회복지학과,사회계열,40,130,32
74,2024,산림조경학과,공학계열,20,52,20
74,2024,상담심리학과,인문계열,40,130,41
74,2024,생활체육학과,예체능계열,40,117,40
74,2024,소방행정학과,사회계열,30,87,19
74,2024,식품영양학과,자연계열,30,96,30
74,2024,안경광학과,공학계열,20,34,13
74,2024,언어치료학과,교육계열,20,53,15
74,2024,에너지리사이클링학과,공학계열,10,10,10
74,2024,운동처방학과,예체능계열,40,110,38
74,2024,유아교육학과,교육계열,40,125,33
74,2024,응급구조학과,의약계열,30,111,23
74,2024,작업치료학과,의약계열,30,88,17
74,2024,전기공학과,공학계열,40,114,28
74,2024,컴퓨터학과,공학계열,40,137,32
74,2024,태권도학과,예체능계열,35,56,29
74,2024,토목환경공학과,공학계열,30,81,32
74,2024,한국어교원학과,인문계열,40,60,40
74,2024,한의예과,의약계열,44,681,44
74,2024,헬스케어복지학과,사회계열,30,47,30
74,2024,호텔관광경영학과,사회계열,30,82,30
74,2024,K-남도문화학과,인문계열,20,46,20
74,2025,간호학과,의약계열,213,1003,197
74,2025,건축학과,공학계열,30,100,30
74,2025,경찰행정학과,사회계열,31,119,24
74,2025,공연예술무용학과,예체능계열,30,143,31
74,2025,국제학부,사회계열,119,119,118
74,2025,국제한국어학과,인문계열,21,53,21
74,2025,군사학과,사회계열,30,86,31
74,2025,기타모집단위,인문계열,31,0,0
74,2025,다문화융합학부,사회계열,25,17,12
74,2025,도시계획학과,사회계열,20,54,20
74,2025,디지털콘텐츠학과,공학계열,21,69,14
74,2025,물리치료학과,의약계열,100,596,99
74,2025,뮤지컬ㆍ실용음악학과,예체능계열,30,65,30
74,2025,반려동물학과,자연계열,30,187,30
74,2025,방사선학과,의약계열,60,338,60
74,2025,보건행정학과,사회계열,26,62,21
74,2025,뷰티미용학과,예체능계열,41,292,41
74,2025,사회복지학과,사회계열,40,117,33
74,2025,산림조경학과,공학계열,20,71,20
74,2025,상담심리학과,인문계열,40,130,40
74,2025,생활체육학과,예체능계열,41,111,38
74,2025,소방안전학과,공학계열,31,57,17
74,2025,스포츠의학과,예체능계열,40,125,37
74,2025,식품영양학과,자연계열,30,97,30
74,2025,안경광학과,공학계열,21,42,17
74,2025,언어치료학과,교육계열,21,48,17
74,2025,에너지리사이클링학과,공학계열,10,12,10
74,2025,유아교육학과,교육계열,31,95,31
74,2025,응급구조학과,의약계열,30,178,31
74,2025,자유전공학부,무전공,70,125,63
74,2025,작업치료학과,의약계열,26,87,18
74,2025,전기공학과,공학계열,42,146,41
74,2025,컴퓨터학과,공학계열,41,130,38
74,2025,태권도학과,예체능계열,35,59,30
74,2025,토목환경공학과,공학계열,30,77,31
74,2025,한국어교원학과,인문계열,40,63,40
74,2025,한의예과,의약계열,44,1003,44
74,2025,헬스케어복지학과,사회계열,30,59,30
74,2025,호텔관광경영학과,사회계열,34,89,34
74,2025,K-남도문화학과,인문계열,20,31,20
74,2026,간호학과,의약계열,209,1370,206
74,2026,건축학과,공학계열,30,112,30
74,2026,경찰행정학과,사회계열,31,137,31
74,2026,공연예술무용학과,예체능계열,35,127,35
74,2026,국제학부,사회계열,109,115,98
74,2026,국제한국어학과,인문계열,30,76,30
74,2026,군사학과,사회계열,30,139,31
74,2026,기타모집단위,인문계열,31,0,0
74,2026,도시계획학과,사회계열,20,45,20
74,2026,디지털콘텐츠학과,공학계열,20,78,20
74,2026,물리치료학과,의약계열,100,665,100
74,2026,뮤지컬ㆍ실용음악학과,예체능계열,30,83,31
74,2026,미래에너지기술학부,공학계열,30,134,30
74,2026,반려동물학과,자연계열,30,217,39
74,2026,방사선학과,의약계열,67,513,67
74,2026,보건행정학과,사회계열,25,113,25
74,2026,뷰티미용학과,예체능계열,40,218,40
74,2026,사회복지상담학과,사회계열,49,83,49
74,2026,사회복지학과,사회계열,30,157,30
74,2026,산림조경학과,공학계열,20,60,20
74,2026,상담심리학과,인문계열,36,133,36
74,2026,생활체육학과,예체능계열,40,149,40
74,2026,소방안전학과,공학계열,30,127,31
74,2026,스포츠의학과,예체능계열,36,135,36
74,2026,식품영양학과,자연계열,30,123,30
74,2026,안경광학과,공학계열,20,73,20
74,2026,언어치료학과,교육계열,20,52,20
74,2026,에너지리사이클링학과,공학계열,16,47,16
74,2026,유아교육학과,교육계열,30,128,30
74,2026,응급구조학과,의약계열,30,186,30
74,2026,자유전공학부,무전공,50,213,50
74,2026,작업치료학과,의약계열,25,91,25
74,2026,전기공학과,공학계열,40,209,44
74,2026,컴퓨터학과,공학계열,43,137,44
74,2026,태권도학과,예체능계열,30,81,30
74,2026,토목환경공학과,공학계열,30,125,30
74,2026,한국어교원학과,인문계열,30,39,30
74,2026,한의예과,의약계열,44,696,44
74,2026,호텔관광경영학과,사회계열,30,106,30
74,2026,K-남도문화학과,인문계열,26,37,26
75,2024,간호학부 간호학과,의약계열,115,903,115
75,2024,건강관리학과,예체능계열,62,345,62
75,2024,건설시스템공학과,공학계열,81,430,80
75,2024,건축공학과,공학계열,54,313,54
75,2024,건축학과,공학계열,59,532,60
75,2024,경영정보학과,사회계열,120,861,117
75,2024,경영학과,사회계열,304,1536,311
75,2024,경제학과,사회계열,85,497,85
75,2024,경찰학과,사회계열,74,593,73
75,2024,관광경영학과,사회계열,121,729,130
75,2024,교육학과,교육계열,37,188,35
75,2024,국제무역학과,사회계열,121,598,124
75,2024,글로벌비즈니스학과,사회계열,74,409,75
75,2024,금융학과,사회계열,66,371,65
75,2024,기계공학과,공학계열,213,1388,213
75,2024,기타모집단위,인문계열,93,0,0
75,2024,도시공학과,공학계열,53,289,54
75,2024,미디어커뮤니케이션학과,사회계열,63,675,71
75,2024,미술학과,예체능계열,80,735,79
75,2024,바이오메디컬학과,자연계열,47,313,45
75,2024,반도체학과,공학계열,47,236,47
75,2024,분자유전공학과,자연계열,58,288,57
75,2024,사회복지학과,사회계열,53,453,53
75,2024,산업경영공학과,공학계열,81,448,81
75,2024,산업디자인학과,예체능계열,67,619,68
75,2024,생명자원산업학과,자연계열,46,314,45
75,2024,석당인재학부 공공정책학전공,사회계열,40,236,40
75,2024,스마트제조공학과,공학계열,22,22,22
75,2024,식품생명공학과,자연계열,54,268,53
75,2024,식품영양학과,자연계열,75,425,76
75,2024,신소재공학과,공학계열,101,523,100
75,2024,아동학과,사회계열,43,279,43
75,2024,역사문화학부 고고미술사학전공,인문계열,42,218,42
75,2024,역사문화학부 사학전공,인문계열,42,222,42
75,2024,영미학과,인문계열,75,367,75
75,2024,융합경영학과,사회계열,38,98,38
75,2024,음악학과,예체능계열,80,332,80
75,2024,응용생물공학과,자연계열,52,294,52
75,2024,의약생명공학과,자연계열,57,323,57
75,2024,의예과,의약계열,51,628,51
75,2024,일본학과,인문계열,53,448,53
75,2024,전기공학과,공학계열,96,618,96
75,2024,전자공학과,공학계열,138,582,140
75,2024,정보수학과,자연계열,47,189,46
75,2024,정치?사회학부 사회학전공,사회계열,37,158,37
75,2024,정치?사회학부 정치외교학전공,사회계열,43,206,42
75,2024,조경학과,공학계열,50,338,49
75,2024,조선해양공학과,공학계열,57,347,57
75,2024,중국학과,인문계열,65,372,67
75,2024,지식서비스경영학과,사회계열,69,68,36
75,2024,철학생명의료윤리학과,인문계열,47,272,46
75,2024,체육학과,예체능계열,105,940,105
75,2024,컴퓨터?AI공학부 컴퓨터공학과,공학계열,85,742,86
75,2024,컴퓨터?AI공학부 AI학과,공학계열,81,447,80
75,2024,태권도학과,예체능계열,60,244,60
75,2024,패션디자인학과,예체능계열,55,357,54
75,2024,한국어문학과,인문계열,64,322,73
75,2024,행정학과,사회계열,63,327,63
75,2024,화학공학과,공학계열,106,513,107
75,2024,화학과,자연계열,63,316,62
75,2024,환경?에너지공학부 미래에너지공학전공,공학계열,48,282,48
75,2024,환경?에너지공학부 환경안전전공,자연계열,48,244,48
75,2025,간호학과,의약계열,120,909,120
75,2025,건강관리학과,예체능계열,63,384,64
75,2025,건설시스템공학과,공학계열,81,392,81
75,2025,건축공학과,공학계열,53,275,52
75,2025,건축학과,공학계열,59,595,62
75,2025,경영정보학과,사회계열,120,526,119
75,2025,경영학과,사회계열,304,1759,311
75,2025,경제학과,사회계열,85,419,84
75,2025,경찰학과,사회계열,74,641,74
75,2025,관광경영학과,사회계열,121,570,131
75,2025,교육학과,교육계열,37,165,37
75,2025,국제무역학과,사회계열,121,579,150
75,2025,글로벌비즈니스학과,사회계열,75,357,77
75,2025,금융학과,사회계열,66,335,64
75,2025,기계공학과,공학계열,212,1277,212
75,2025,기타모집단위,인문계열,95,0,0
75,2025,도시공학과,공학계열,53,341,53
75,2025,미디어커뮤니케이션학과,사회계열,63,766,82
75,2025,미술학과,예체능계열,80,633,80
75,2025,바이오메디컬학과,자연계열,47,292,48
75,2025,바이오소재공학과,자연계열,52,312,52
75,2025,반도체학과,공학계열,47,201,47
75,2025,사회복지학과,사회계열,53,395,53
75,2025,산업경영공학과,공학계열,81,395,80
75,2025,산업공학과,공학계열,20,0,0
75,2025,산업디자인학과,예체능계열,72,510,73
75,2025,석당인재학부 공공정책학전공,사회계열,40,292,40
75,2025,스마트그린자원학과,자연계열,47,358,47
75,2025,스마트생산융합시스템공학과,공학계열,20,0,0
75,2025,스마트제조공학과,공학계열,30,12,12
75,2025,식품생명공학과,자연계열,53,331,53
75,2025,식품영양학과,자연계열,75,556,75
75,2025,신소재공학과,공학계열,101,532,101
75,2025,아동학과,사회계열,44,253,43
75,2025,역사문화학부 고고미술사학전공,인문계열,42,211,42
75,2025,역사문화학부 사학전공,인문계열,42,196,42
75,2025,영미학과,인문계열,75,397,79
75,2025,융합경영학과,사회계열,62,128,64
75,2025,음악학과,예체능계열,72,350,71
75,2025,응용생물공학과,자연계열,52,406,53
75,2025,의약생명공학과,자연계열,58,309,59
75,2025,의예과,의약계열,102,1637,102
75,2025,일본학과,인문계열,53,496,52
75,2025,자유전공학부,무전공,50,395,50
75,2025,전기공학과,공학계열,96,512,96
75,2025,전자공학과,공학계열,138,681,139
75,2025,정보수학과,자연계열,47,191,47
75,2025,정치?사회학부 사회학전공,사회계열,37,287,37
75,2025,정치?사회학부 정치외교학전공,사회계열,43,242,43
75,2025,조경학과,공학계열,50,320,49
75,2025,조선해양공학과,공학계열,57,296,56
75,2025,중국학과,인문계열,64,330,66
75,2025,지식서비스경영학과,사회계열,70,61,17
75,2025,철학생명의료윤리학과,인문계열,48,255,48
75,2025,체육학과,예체능계열,105,1133,104
75,2025,컴퓨터공학과,공학계열,90,637,90
75,2025,태권도학과,예체능계열,61,249,61
75,2025,패션디자인학과,예체능계열,55,368,54
75,2025,한국어문학과,인문계열,64,274,69
75,2025,행정학과,사회계열,63,340,63
75,2025,화학공학과,공학계열,106,486,107
75,2025,화학과,자연계열,63,328,63
75,2025,환경?에너지공학부 미래에너지공학전공,공학계열,48,353,48
75,2025,환경?에너지공학부 환경안전전공,자연계열,47,229,47
75,2025,AI학과,공학계열,82,365,82
75,2026,간호학과,의약계열,120,908,120
75,2026,건강관리학과,예체능계열,62,358,62
75,2026,건설시스템공학과,공학계열,81,546,81
75,2026,건축공학과,공학계열,53,342,53
75,2026,건축학과,공학계열,59,455,59
75,2026,경영정보학과,사회계열,120,679,121
75,2026,경영학과,사회계열,304,1722,324
75,2026,경제학과,사회계열,85,420,86
75,2026,경찰학과,사회계열,74,649,73
75,2026,관광경영학과,사회계열,121,591,142
75,2026,교육학과,교육계열,37,269,37
75,2026,국제무역학과,사회계열,121,666,157
75,2026,글로벌비즈니스학과,사회계열,64,395,68
75,2026,글로벌첨단융합공학부,공학계열,54,92,55
75,2026,금융학과,사회계열,66,417,65
75,2026,기계공학과,공학계열,212,1228,215
75,2026,기타모집단위,인문계열,132,186,0
75,2026,도시공학과,공학계열,53,375,53
75,2026,미디어커뮤니케이션학과,사회계열,63,737,74
75,2026,미술학과,예체능계열,81,547,82
75,2026,바이오메디컬학과,자연계열,48,276,47
75,2026,바이오소재공학과,자연계열,53,354,53
75,2026,반도체학과,공학계열,47,473,47
75,2026,부동산자산경영학과,사회계열,60,141,53
75,2026,사회복지학과,사회계열,53,348,52
75,2026,산업경영공학과,공학계열,81,656,80
75,2026,산업공학과,공학계열,20,0,0
75,2026,산업디자인학과,예체능계열,72,507,74
75,2026,석당인재학부 공공정책학전공,사회계열,40,188,40
75,2026,스마트그린자원학과,자연계열,47,476,47
75,2026,스마트생산융합시스템공학과,공학계열,20,0,0
75,2026,스마트제조공학과,공학계열,30,24,24
75,2026,식품생명공학과,자연계열,53,367,52
75,2026,식품영양학과,자연계열,75,473,76
75,2026,신소재공학과,공학계열,102,595,102
75,2026,아동학과,사회계열,43,273,42
75,2026,역사고고미술사학과,인문계열,64,483,64
75,2026,영미학과,인문계열,75,351,78
75,2026,융합경영학과,사회계열,53,101,54
75,2026,음악학과,예체능계열,60,484,60
75,2026,응용생물공학과,자연계열,52,287,52
75,2026,의약생명공학과,자연계열,57,286,60
75,2026,의예과,의약계열,51,695,51
75,2026,일본학과,인문계열,53,437,53
75,2026,자유전공학부,무전공,52,869,52
75,2026,작업치료학과,의약계열,50,433,50
75,2026,전기공학과,공학계열,96,578,97
75,2026,전자공학과,공학계열,138,735,139
75,2026,정보수학과,자연계열,48,269,47
75,2026,정치·사회학부 사회학전공,사회계열,37,294,37
75,2026,정치·사회학부 정치외교학전공,사회계열,43,193,42
75,2026,조경학과,공학계열,50,299,49
75,2026,조선해양공학과,공학계열,57,421,57
75,2026,중국학과,인문계열,64,563,70
75,2026,지식서비스경영학과,사회계열,70,44,20
75,2026,철학생명의료윤리학과,인문계열,47,425,47
75,2026,체육학과,예체능계열,105,1177,105
75,2026,컴퓨터공학과,공학계열,90,554,91
75,2026,태권도학과,예체능계열,60,392,60
75,2026,패션디자인학과,예체능계열,55,480,56
75,2026,한국어문학과,인문계열,64,421,73
75,2026,행정학과,사회계열,63,345,63
75,2026,화학공학과,공학계열,106,410,105
75,2026,화학과,자연계열,54,310,54
75,2026,환경·에너지공학부 미래에너지공학전공,공학계열,48,271,48
75,2026,환경·에너지공학부 환경안전전공,자연계열,48,282,47
75,2026,AI학과,공학계열,82,452,82
76,2024,간호학과,의약계열,117,485,110
76,2024,게임학부,공학계열,69,403,69
76,2024,경찰행정?범죄심리학과,사회계열,35,131,35
76,2024,공공인재학부,사회계열,64,332,62
76,2024,공연영상학부,예체능계열,92,360,92
76,2024,국제경영학과,사회계열,29,41,29
76,2024,도시철도시스템학과,공학계열,30,198,30
76,2024,디자인학부,예체능계열,71,344,70
76,2024,디지털콘텐츠학과,공학계열,38,98,38
76,2024,생활체육학과,예체능계열,32,60,32
76,2024,스마트건축공학과,공학계열,30,62,30
76,2024,스마트기계공학과,공학계열,32,80,32
76,2024,스마트안전시스템학부,공학계열,62,332,61
76,2024,웹툰애니메이션학과,예체능계열,33,242,33
76,2024,유아교육과,교육계열,31,85,31
76,2024,의무군사학과(자연과학),의약계열,30,61,30
76,2024,정보통신군사학과,공학계열,30,64,30
76,2024,철도건설안전공학과,공학계열,45,80,45
76,2024,철도운전?전기신호학과,공학계열,40,82,40
76,2024,철도운전관제학과,공학계열,40,98,40
76,2024,철도운전제어학과,공학계열,60,192,60
76,2024,AI빅데이터융합학과,공학계열,50,256,50
76,2024,IT융합경영학과,사회계열,42,265,42
76,2025,간호학과,의약계열,117,566,116
76,2025,게임학부,공학계열,64,411,64
76,2025,경찰범죄심리학과(25),사회계열,30,459,30
76,2025,공공인재학부,사회계열,60,301,60
76,2025,공연영상학부,예체능계열,67,266,66
76,2025,국제경영학과,사회계열,61,62,61
76,2025,군사학과,사회계열,30,163,30
76,2025,도시철도시스템학과,공학계열,30,197,30
76,2025,디자인학부,예체능계열,68,391,68
76,2025,디지털콘텐츠학과,공학계열,38,83,38
76,2025,디지털트윈소프트웨어학과,공학계열,25,145,25
76,2025,보건의료복지학과,사회계열,30,171,30
76,2025,생활체육학과(동두천),예체능계열,30,127,30
76,2025,스마트건축공학과,공학계열,30,58,30
76,2025,스마트기계공학과,공학계열,38,66,38
76,2025,스마트안전시스템학부,공학계열,52,308,50
76,2025,웹툰애니메이션학과,예체능계열,34,546,33
76,2025,유아교육과(동두천),교육계열,30,220,30
76,2025,철도건설안전공학과,공학계열,31,60,31
76,2025,철도운전?전기신호학과,공학계열,24,54,24
76,2025,철도운전관제학과,공학계열,24,74,24
76,2025,철도운전제어학과,공학계열,36,149,36
76,2025,철도자율전공학부,공학계열,50,137,50
76,2025,철도차량학과(25),공학계열,23,60,23
76,2025,AI빅데이터융합학과,공학계열,53,306,53
76,2025,e스포츠학과,예체능계열,23,190,23
76,2025,IT융합경영학과,사회계열,86,248,86
76,2026,간호학과,의약계열,125,931,125
76,2026,게임학부,공학계열,68,508,68
76,2026,경찰범죄심리학과(25),사회계열,30,311,30
76,2026,공공인재학부,사회계열,55,350,55
76,2026,국제경영학과,사회계열,6,6,6
76,2026,군사학과,사회계열,30,228,30
76,2026,글로벌철도인프라공학과,공학계열,17,17,17
76,2026,디자인학부,예체능계열,72,503,72
76,2026,디지털트윈소프트웨어학과,공학계열,25,226,25
76,2026,보건행정학과,사회계열,30,345,30
76,2026,생활체육학과(동두천),예체능계열,30,158,30
76,2026,스마트건축공학과,공학계열,23,64,23
76,2026,스마트기계공학과,공학계열,26,94,26
76,2026,스마트안전시스템학부,공학계열,50,361,50
76,2026,연기예술학과,예체능계열,40,233,40
76,2026,영상미디어학과,예체능계열,27,262,27
76,2026,웹툰애니메이션학과,예체능계열,34,691,34
76,2026,유아교육과(동두천),교육계열,30,279,30
76,2026,창의자율전공학부,무전공,56,148,56
76,2026,철도건설안전공학과,공학계열,23,47,23
76,2026,철도관제학과,공학계열,23,55,23
76,2026,철도시스템공학과,공학계열,30,157,30
76,2026,철도운전제어학과,공학계열,34,197,34
76,2026,철도자율전공학부,공학계열,40,158,40
76,2026,철도전기신호학과,공학계열,23,83,23
76,2026,철도차량학과(25),공학계열,23,57,23
76,2026,AI빅데이터융합학과,공학계열,53,381,53
76,2026,e스포츠학과,예체능계열,25,237,25
76,2026,IT융합경영학과,사회계열,40,356,40
77,2024,간호학과,의약계열,110,1507,110
77,2024,건축공학과,공학계열,71,237,70
77,2024,건축학과,공학계열,49,317,49
77,2024,게임공학과,공학계열,44,211,44
77,2024,경기지도학과,예체능계열,30,97,30
77,2024,경영정보학과,사회계열,40,203,40
77,2024,경영학과,사회계열,98,593,98
77,2024,경찰행정학과,사회계열,81,621,81
77,2024,고분자나노공학과,공학계열,32,75,25
77,2024,광고홍보학과,사회계열,61,373,61
77,2024,국어국문학과,인문계열,46,215,46
77,2024,국제관광경영학과,사회계열,82,298,82
77,2024,금융경영학과,사회계열,51,229,51
77,2024,기계공학과,공학계열,111,452,111
77,2024,도시공학과,공학계열,35,107,27
77,2024,디자인조형학과,예체능계열,77,223,77
77,2024,디지털콘텐츠학과,공학계열,51,213,51
77,2024,라이프융합학부,사회계열,60,75,35
77,2024,레저스포츠학과,예체능계열,45,271,45
77,2024,로봇자동화공학과,공학계열,42,116,34
77,2024,무역학과,사회계열,59,211,59
77,2024,문헌정보학과,인문계열,46,216,46
77,2024,물리치료학과,의약계열,42,616,42
77,2024,미디어커뮤니케이션학과,사회계열,70,433,70
77,2024,미래형자동차학과,공학계열,34,64,21
77,2024,바이오의약공학과,자연계열,46,171,46
77,2024,방사선학과,의약계열,29,384,29
77,2024,법학과,사회계열,41,198,41
77,2024,부동산자산경영학부,사회계열,120,197,120
77,2024,사회복지학과,사회계열,67,422,67
77,2024,산업경영빅데이터공학과,공학계열,43,158,43
77,2024,소방방재행정학과,사회계열,56,349,56
77,2024,소프트웨어공학부,공학계열,152,493,152
77,2024,소프트웨어융합학과,공학계열,33,78,21
77,2024,스마트항만물류학과,사회계열,30,80,30
77,2024,스마트호스피탈리티학과,사회계열,33,88,27
77,2024,식품공학과,자연계열,47,197,47
77,2024,식품영양학과,자연계열,49,308,49
77,2024,신소재공학과,공학계열,53,189,46
77,2024,심리학과,인문계열,30,178,30
77,2024,아동학과,사회계열,43,189,43
77,2024,영어영문학과,인문계열,50,265,50
77,2024,영화학과,예체능계열,32,125,32
77,2024,외식경영학과,사회계열,55,316,55
77,2024,유아교육과,교육계열,22,210,22
77,2024,유통물류학과,사회계열,47,189,47
77,2024,음악학과,예체능계열,21,116,20
77,2024,응용화학과,자연계열,31,93,23
77,2024,의료경영학과,사회계열,46,263,46
77,2024,의생명공학과,자연계열,48,231,48
77,2024,인간공학과,공학계열,30,65,16
77,2024,인공지능학과,공학계열,49,182,47
77,2024,일본학과,인문계열,58,316,58
77,2024,임상병리학과,의약계열,54,433,53
77,2024,자동차공학과,공학계열,38,138,38
77,2024,재무부동산학과,사회계열,46,143,46
77,2024,전기공학과,공학계열,88,337,88
77,2024,전자공학과,공학계열,64,237,64
77,2024,제품디자인공학과,예체능계열,20,121,20
77,2024,조선해양공학과,공학계열,37,119,29
77,2024,중어중국학과,인문계열,47,177,43
77,2024,창업투자경영학과,사회계열,30,103,30
77,2024,체육학과,예체능계열,55,405,55
77,2024,치위생학과,의약계열,42,356,42
77,2024,컴퓨터공학과,공학계열,113,488,113
77,2024,태권도학과,예체능계열,35,62,35
77,2024,토목공학과,공학계열,47,141,45
77,2024,패션디자인학과,예체능계열,44,261,44
77,2024,평생교육·청소년상담학과,교육계열,42,143,42
77,2024,한의예과,의약계열,50,958,50
77,2024,행정학과,사회계열,45,240,45
77,2024,호텔?컨벤션경영학과,사회계열,75,387,75
77,2024,화학공학과,공학계열,64,230,63
77,2024,환경공학과,자연계열,36,113,34
77,2024,회계학과,사회계열,64,227,64
77,2024,e비즈니스학과,사회계열,30,126,30
77,2025,간호학과,의약계열,110,1300,110
77,2025,건축공학과,공학계열,70,252,74
77,2025,건축학과,공학계열,45,278,48
77,2025,경기지도학과,예체능계열,30,140,30
77,2025,경영정보학과,사회계열,40,151,42
77,2025,경영학과,사회계열,136,776,143
77,2025,경찰행정학과,사회계열,80,689,92
77,2025,광고홍보학과,사회계열,60,271,63
77,2025,국어국문학과,인문계열,45,190,46
77,2025,국제관광경영학과,사회계열,62,284,65
77,2025,글로벌호스피탈리티경영학과,사회계열,28,143,28
77,2025,금융경영학과,사회계열,50,189,52
77,2025,기계공학과,공학계열,103,467,110
77,2025,기타모집단위,인문계열,194,0,0
77,2025,도시공학과,공학계열,30,118,30
77,2025,디자인조형학과,예체능계열,75,266,75
77,2025,디지털콘텐츠학과,공학계열,45,207,51
77,2025,라이프융합학부,사회계열,60,106,60
77,2025,레저스포츠학과,예체능계열,45,280,45
77,2025,로봇공학과,공학계열,31,131,33
77,2025,무역학과,사회계열,56,237,57
77,2025,문헌정보학과,인문계열,50,203,51
77,2025,물리치료학과,의약계열,40,511,44
77,2025,미디어커뮤니케이션학과,사회계열,71,462,82
77,2025,미래모빌리티학과,공학계열,34,68,14
77,2025,바이오의약학과,자연계열,46,228,46
77,2025,방사선학과,의약계열,27,280,29
77,2025,법학과,사회계열,40,205,44
77,2025,부동산자산경영학부,사회계열,120,179,120
77,2025,사회복지학과,사회계열,65,388,69
77,2025,산업경영빅데이터공학과,공학계열,40,160,40
77,2025,소방방재행정학과,사회계열,50,367,56
77,2025,소프트웨어융합대학,공학계열,305,901,313
77,2025,소프트웨어융합학과,공학계열,33,45,11
77,2025,스마트항만물류학과,사회계열,30,98,30
77,2025,스마트호스피탈리티학과,사회계열,33,69,18
77,2025,식품공학과,자연계열,45,188,47
77,2025,식품영양학과,자연계열,45,267,49
77,2025,신소재공학과,공학계열,41,152,42
77,2025,심리학과,인문계열,35,281,38
77,2025,아동학과,사회계열,41,179,43
77,2025,영어영문학과,인문계열,50,211,51
77,2025,영화학과,예체능계열,30,133,32
77,2025,외식경영학과,사회계열,45,201,48
77,2025,유아교육과,교육계열,20,197,20
77,2025,유통물류학과,사회계열,45,134,47
77,2025,음악학과,예체능계열,21,113,21
77,2025,의료경영학과,사회계열,45,191,46
77,2025,의생명공학과,자연계열,46,205,47
77,2025,일본학과,인문계열,60,320,63
77,2025,임상병리학과,의약계열,52,409,56
77,2025,자동차공학과,공학계열,36,180,42
77,2025,자유전공,무전공,36,233,40
77,2025,재무부동산학과,사회계열,45,139,45
77,2025,전기공학과,공학계열,81,382,93
77,2025,전자공학과,공학계열,60,300,63
77,2025,제품디자인공학과,예체능계열,20,75,22
77,2025,조선해양공학과,공학계열,31,140,33
77,2025,중어중국학과,인문계열,36,149,37
77,2025,지능형컴퓨팅학과,공학계열,64,256,64
77,2025,창업투자경영학과,사회계열,30,157,30
77,2025,체육학과,예체능계열,55,520,55
77,2025,치위생학과,의약계열,44,429,48
77,2025,태권도학과,예체능계열,35,81,35
77,2025,토목공학과,공학계열,45,201,47
77,2025,패션디자인학과,예체능계열,40,258,43
77,2025,평생교육·청소년상담학과,교육계열,40,127,41
77,2025,한의예과,의약계열,50,1197,50
77,2025,행정학과,사회계열,45,164,47
77,2025,호텔?컨벤션경영학과,사회계열,60,278,67
77,2025,화장품공학과,공학계열,31,149,31
77,2025,화학공학과,공학계열,52,221,54
77,2025,환경공학과,자연계열,31,130,31
77,2025,회계학과,사회계열,60,229,61
77,2025,e비즈니스학과,사회계열,30,107,31
77,2025,K-뷰티학과,예체능계열,30,280,33
77,2026,간호학과,의약계열,110,1278,115
77,2026,건축공학과,공학계열,71,320,73
77,2026,건축학과,공학계열,45,384,49
77,2026,경기지도학과,예체능계열,30,170,30
77,2026,경영정보학과,사회계열,40,207,41
77,2026,경영학과,사회계열,92,762,104
77,2026,경찰행정학과,사회계열,80,757,90
77,2026,광고홍보학과,사회계열,55,457,64
77,2026,국어국문학과,인문계열,50,202,52
77,2026,국제관광경영학과,사회계열,60,244,61
77,2026,글로벌경영학과,사회계열,27,50,27
77,2026,글로벌호스피탈리티경영학과,사회계열,15,23,15
77,2026,금융경영학과,사회계열,50,434,52
77,2026,기계공학과,공학계열,95,518,100
77,2026,기타모집단위,인문계열,194,0,0
77,2026,도시공학과,공학계열,31,172,32
77,2026,디자인조형학과,예체능계열,65,204,65
77,2026,디지털융합학과,예체능계열,25,58,17
77,2026,디지털콘텐츠학과,공학계열,50,239,58
77,2026,라이프복지학과,사회계열,30,67,30
77,2026,레저스포츠학과,예체능계열,45,372,45
77,2026,로봇공학과,공학계열,31,137,31
77,2026,무역학과,사회계열,55,232,56
77,2026,문헌정보학과,인문계열,50,260,50
77,2026,물리치료학과,의약계열,40,614,43
77,2026,미디어커뮤니케이션학과,사회계열,70,583,78
77,2026,미래모빌리티학과,공학계열,25,79,17
77,2026,바이오의약학과,자연계열,45,227,46
77,2026,방사선학과,의약계열,27,339,29
77,2026,법학과,사회계열,40,198,44
77,2026,부동산자산경영학과,사회계열,100,205,100
77,2026,뷰티비즈니스학과,예체능계열,20,41,20
77,2026,사회복지학과,사회계열,65,493,72
77,2026,산업경영빅데이터공학과,공학계열,40,175,41
77,2026,소방방재행정학과,사회계열,50,317,55
77,2026,소프트웨어융합대학,공학계열,306,1201,312
77,2026,스마트창업경영학과,사회계열,20,33,20
77,2026,스마트항만물류학과,사회계열,30,147,32
77,2026,스마트호스피탈리티학과,사회계열,25,92,21
77,2026,시니어스포츠지도학과,예체능계열,30,45,30
77,2026,식품공학과,자연계열,45,185,46
77,2026,식품영양학과,자연계열,45,330,51
77,2026,신소재공학과,공학계열,41,293,43
77,2026,심리학과,인문계열,35,289,39
77,2026,아동학과,사회계열,40,208,41
77,2026,영어영문학과,인문계열,45,391,45
77,2026,영화학과,예체능계열,31,171,32
77,2026,외식경영학과,사회계열,45,225,48
77,2026,유아교육과,교육계열,20,205,22
77,2026,유통물류학과,사회계열,50,208,52
77,2026,음악학과,예체능계열,21,130,21
77,2026,응급구조학과,의약계열,30,407,34
77,2026,의료경영학과,사회계열,45,224,47
77,2026,의생명공학과,자연계열,45,216,46
77,2026,일본학과,인문계열,60,475,65
77,2026,임상병리학과,의약계열,53,444,58
77,2026,자동차공학과,공학계열,79,258,82
77,2026,자유전공,무전공,36,327,41
77,2026,재무부동산학과,사회계열,45,256,45
77,2026,전기공학과,공학계열,80,437,89
77,2026,전자공학과,공학계열,60,282,66
77,2026,제품디자인공학과,예체능계열,20,81,20
77,2026,조선해양공학과,공학계열,36,136,37
77,2026,중어중국학과,인문계열,36,298,36
77,2026,지능형컴퓨팅학과,공학계열,30,60,30
77,2026,창업투자경영학과,사회계열,30,98,31
77,2026,첨단에너지공학과,공학계열,30,130,31
77,2026,체육학과,예체능계열,55,576,55
77,2026,치위생학과,의약계열,44,347,48
77,2026,태권도학과,예체능계열,35,123,35
77,2026,토목공학과,공학계열,51,192,52
77,2026,패션디자인학과,예체능계열,40,285,45
77,2026,평생교육상담학과,교육계열,40,151,41
77,2026,한의예과,의약계열,50,820,50
77,2026,행정학과,사회계열,45,348,48
77,2026,호텔·컨벤션경영학과,사회계열,61,300,68
77,2026,화장품공학과,공학계열,31,209,31
77,2026,화학공학과,공학계열,46,223,46
77,2026,환경공학과,자연계열,36,213,36
77,2026,회계학과,사회계열,60,278,61
77,2026,AI다문화상담학과,사회계열,30,52,14
77,2026,e비즈니스학과,사회계열,30,129,32
77,2026,K-뷰티학과,예체능계열,30,280,33
78,2024,사회복지학과,사회계열,24,98,23
78,2024,사회혁신리더학과,사회계열,13,25,10
78,2024,상담심리학과,인문계열,24,86,23
78,2024,신학과,인문계열,8,10,5
78,2024,언어치료학과,교육계열,26,74,24
78,2025,사회혁신리더학부,사회계열,16,22,10
78,2025,휴먼케어서비스학부,무전공,80,267,76
78,2026,휴먼케어디자인학부,무전공,97,300,86
79,2025,건축대학,공학계열,87,1006,85
79,2025,경영대학,사회계열,253,2208,247
79,2025,멀티디자인학과,예체능계열,25,163,25
79,2025,물류유통경영학과,사회계열,20,4,3
79,2025,미디어?휴먼라이프대학,무전공,121,1635,115
79,2025,미래융합경영학과,사회계열,24,211,24
79,2025,반도체?ICT대학,공학계열,405,3840,404
79,2025,법무행정학과,사회계열,21,113,21
79,2025,복지상담경영학과,사회계열,0,1,0
79,2025,부동산학과,사회계열,29,138,29
79,2025,사회과학대학,사회계열,324,3694,321
79,2025,사회복지학과,사회계열,28,130,28
79,2025,스마트시스템공과대학,공학계열,342,3134,342
79,2025,스포츠?예술대학,예체능계열,264,3922,261
79,2025,심리치료학과,사회계열,24,111,24
79,2025,유통산업경영학과,사회계열,20,5,4
79,2025,인공지능?소프트웨어융합대학,공학계열,139,1947,133
79,2025,인문대학,인문계열,348,4015,345
79,2025,자율전공학부(인문),무전공,314,3395,305
79,2025,자율전공학부(자연),무전공,154,1356,148
79,2025,창의융합인재학부,인문계열,16,72,15
79,2025,행정서비스경영학과,사회계열,20,2,2
79,2025,화학?생명과학대학,자연계열,137,1720,135
79,2025,회계세무학과,사회계열,24,179,24
79,2026,건축대학,공학계열,87,1196,86
79,2026,경영대학,사회계열,248,2541,241
79,2026,글로벌비즈니스학전공(외),사회계열,12,12,12
79,2026,글로벌한국어학전공(외),인문계열,27,27,27
79,2026,멀티디자인학과,예체능계열,25,123,25
79,2026,물류유통경영학과,사회계열,20,12,12
79,2026,미디어·휴먼라이프대학,무전공,146,1617,143
79,2026,미래융합경영학과,사회계열,24,163,23
79,2026,반도체·ICT대학,공학계열,404,3428,402
79,2026,법무행정학과,사회계열,21,84,18
79,2026,복지상담경영학과,사회계열,20,3,3
79,2026,부동산학과,사회계열,29,129,27
79,2026,사회과학대학,사회계열,349,4505,347
79,2026,사회복지학과,사회계열,28,91,19
79,2026,스마트시스템공과대학,공학계열,312,3123,311
79,2026,스포츠·예술대학,예체능계열,262,4675,260
79,2026,스포츠산업경영학과,예체능계열,20,8,8
79,2026,심리치료학과,사회계열,24,73,24
79,2026,유통산업경영학과,사회계열,20,2,2
79,2026,인공지능·소프트웨어융합대학,공학계열,140,2117,135
79,2026,인문대학,인문계열,309,4545,309
79,2026,자율전공학부(인문),무전공,308,3513,305
79,2026,자율전공학부(자연),무전공,154,1344,152
79,2026,창의융합인재학부,인문계열,16,64,13
79,2026,행정서비스경영학과,사회계열,20,1,1
79,2026,화학·생명과학대학,자연계열,138,1584,138
79,2026,회계세무학과,사회계열,24,119,24
80,2024,건축학부,공학계열,70,362,80
80,2024,게임소프트웨어공학과,공학계열,27,179,30
80,2024,게임콘텐츠학과,공학계열,40,230,40
80,2024,경영학과,사회계열,44,423,53
80,2024,경찰법학과,사회계열,60,265,60
80,2024,경찰행정학부,사회계열,55,411,55
80,2024,관현악?작곡학부,예체능계열,38,78,0
80,2024,광고홍보커뮤니케이션학부,사회계열,60,343,63
80,2024,국악과,예체능계열,25,64,25
80,2024,국어교육과,교육계열,31,149,31
80,2024,국제예술?한국어학부,예체능계열,1,15,0
80,2024,글로벌비즈니스학과,사회계열,24,158,44
80,2024,금융경제학과,사회계열,22,97,22
80,2024,기타모집단위,인문계열,157,0,0
80,2024,도시공학과,공학계열,27,118,28
80,2024,도자디자인학과,예체능계열,35,157,36
80,2024,마케팅빅데이터학과,사회계열,26,120,24
80,2024,미술교육과,교육계열,29,178,29
80,2024,미술학부,예체능계열,45,214,46
80,2024,보건의료관리학과,의약계열,27,137,23
80,2024,부동산금융보험학과,사회계열,31,108,31
80,2024,사회복지학과,사회계열,61,380,69
80,2024,산업디자인학과,예체능계열,40,239,44
80,2024,생명과학과,자연계열,41,175,36
80,2024,섬유?패션디자인학과,예체능계열,38,230,41
80,2024,성악?뮤지컬학부,예체능계열,28,55,26
80,2024,소방안전학부,공학계열,80,410,81
80,2024,수학교육과,교육계열,24,89,24
80,2024,스포츠건강관리학과,예체능계열,60,363,59
80,2024,시각커뮤니케이션디자인학과,예체능계열,45,307,49
80,2024,식품제약학부,자연계열,37,162,38
80,2024,신학과,인문계열,41,78,40
80,2024,실용음악학부,예체능계열,30,76,0
80,2024,애니메이션학과,예체능계열,40,306,40
80,2024,역사학과,인문계열,27,130,23
80,2024,연극영화영상학부,예체능계열,45,198,46
80,2024,영어교육과,교육계열,31,132,30
80,2024,영어학과,인문계열,23,112,29
80,2024,외식조리?제과제빵학과,자연계열,30,501,35
80,2024,웹툰학과,예체능계열,82,712,82
80,2024,유아교육과,교육계열,26,189,25
80,2024,음악교육과,교육계열,27,244,27
80,2024,응급구조학과,의약계열,26,264,30
80,2024,입체조형학부,예체능계열,30,79,30
80,2024,전기전자공학과,공학계열,33,179,37
80,2024,중국문화?비즈니스학과,인문계열,22,91,19
80,2024,컴퓨터공학과,공학계열,40,289,41
80,2024,피아노학부,예체능계열,40,85,35
80,2024,항공호텔관광경영학과,사회계열,43,254,49
80,2024,화장품학과,공학계열,22,119,24
80,2025,건축학부,공학계열,66,308,78
80,2025,게임소프트웨어공학과,공학계열,26,221,28
80,2025,게임콘텐츠학과,공학계열,38,462,38
80,2025,경영학부,사회계열,60,435,94
80,2025,경찰법학과,사회계열,50,184,54
80,2025,경찰행정학부,사회계열,47,400,53
80,2025,공연콘텐츠학부,예체능계열,22,95,0
80,2025,관현악학부,예체능계열,28,71,0
80,2025,광고홍보커뮤니케이션학부,사회계열,57,347,76
80,2025,국악과,예체능계열,17,60,17
80,2025,국어교육과,교육계열,31,196,31
80,2025,국제예술?한국어학부,예체능계열,0,32,0
80,2025,금융경제학과,사회계열,21,165,27
80,2025,기타모집단위,인문계열,213,0,0
80,2025,도시공학과,공학계열,25,117,26
80,2025,도자디자인학과,예체능계열,33,177,35
80,2025,마케팅빅데이터학과,사회계열,22,102,32
80,2025,미술교육과,교육계열,29,205,29
80,2025,미술학부,예체능계열,43,194,47
80,2025,보건의료행정학과,사회계열,24,191,26
80,2025,부동산금융보험학과,사회계열,28,126,28
80,2025,사회복지학과,사회계열,55,382,59
80,2025,산업디자인학과,예체능계열,38,215,42
80,2025,생물산업학부,자연계열,33,120,35
80,2025,섬유?패션디자인학과,예체능계열,36,219,39
80,2025,소방방재학과,공학계열,73,345,74
80,2025,수학교육과,교육계열,24,124,24
80,2025,스포츠건강관리학과,예체능계열,55,398,56
80,2025,시각커뮤니케이션디자인학과,예체능계열,43,364,46
80,2025,식품제약학부,자연계열,33,123,34
80,2025,신학과,인문계열,38,86,38
80,2025,실용음악학부,예체능계열,25,83,0
80,2025,애니메이션학과,예체능계열,38,568,38
80,2025,역사학과,인문계열,22,145,24
80,2025,연극영화영상학부,예체능계열,43,216,43
80,2025,영어교육과,교육계열,31,164,31
80,2025,영어학과,인문계열,20,89,22
80,2025,외식조리?제과제빵학과,자연계열,27,530,36
80,2025,웹툰학과,예체능계열,78,1055,78
80,2025,유아교육과,교육계열,26,129,26
80,2025,음악교육과,교육계열,27,179,27
80,2025,응급구조학과,의약계열,25,325,28
80,2025,입체조형학부,예체능계열,28,171,28
80,2025,자율전공학부,무전공,53,224,53
80,2025,전기전자공학과,공학계열,30,234,35
80,2025,창의예술자율전공학부,예체능계열,30,144,30
80,2025,컴퓨터공학과,공학계열,38,274,45
80,2025,피아노학부,예체능계열,27,74,27
80,2025,항공호텔관광경영학과,사회계열,39,274,63
80,2025,화장품학과,공학계열,21,151,22
80,2025,AI응용학과,공학계열,25,119,26
80,2026,건축학부,공학계열,70,376,77
80,2026,게임소프트웨어공학과,공학계열,27,259,29
80,2026,게임콘텐츠학과,공학계열,40,396,40
80,2026,경영학부,사회계열,65,481,84
80,2026,경찰법학과,사회계열,56,291,57
80,2026,경찰행정학부,사회계열,53,383,60
80,2026,공연콘텐츠학부,예체능계열,26,142,0
80,2026,관현악학부,예체능계열,28,92,0
80,2026,광고홍보커뮤니케이션학부,사회계열,60,480,75
80,2026,국어교육과,교육계열,27,205,27
80,2026,글로벌융합학부 글로벌경제·개발협력전공,사회계열,0,15,15
80,2026,금융경제학과,사회계열,22,205,24
80,2026,기타모집단위,인문계열,99,0,0
80,2026,도시공학과,공학계열,26,270,28
80,2026,도자디자인학과,예체능계열,35,148,38
80,2026,마케팅빅데이터학과,사회계열,24,138,30
80,2026,미술교육과,교육계열,26,123,26
80,2026,미술학부,예체능계열,45,329,47
80,2026,보건의료행정학과,사회계열,29,303,30
80,2026,부동산금융보험학과,사회계열,31,185,31
80,2026,사회복지상담학부,사회계열,61,581,73
80,2026,산업디자인학과,예체능계열,40,202,44
80,2026,생물산업학부,자연계열,36,171,37
80,2026,섬유·패션디자인학과,예체능계열,38,212,42
80,2026,소방방재학과,공학계열,82,468,85
80,2026,수학교육과,교육계열,23,105,23
80,2026,스포츠건강관리학과,예체능계열,61,808,61
80,2026,시각디자인학과,예체능계열,45,256,49
80,2026,식품제약학부,자연계열,35,169,36
80,2026,신학과,인문계열,41,84,42
80,2026,실용음악학부,예체능계열,31,133,0
80,2026,애니메이션학과,예체능계열,40,692,40
80,2026,에듀테크융합자율전공학부,무전공,15,59,15
80,2026,역사학과,인문계열,24,263,27
80,2026,연극영화영상학부,예체능계열,45,258,45
80,2026,영어교육과,교육계열,28,183,28
80,2026,영어학과,인문계열,23,224,28
80,2026,외식조리·제과제빵학과,자연계열,34,582,42
80,2026,웹툰학과,예체능계열,82,1102,82
80,2026,유아교육과,교육계열,26,368,26
80,2026,음악교육과,교육계열,25,119,25
80,2026,응급구조학과,의약계열,32,348,38
80,2026,일본어·중국어문화학과,인문계열,22,129,23
80,2026,입체조형학부,예체능계열,30,198,34
80,2026,자율전공학부,무전공,53,553,53
80,2026,전기전자공학과,공학계열,33,510,40
80,2026,창의예술자율전공학부,예체능계열,30,156,30
80,2026,컴퓨터융합학부,공학계열,73,553,76
80,2026,피아노학부,예체능계열,26,85,26
80,2026,한국어·문화예술학부 한국어교육전공,인문계열,0,23,22
80,2026,항공호텔관광경영학과,사회계열,42,322,68
80,2026,화장품학과,공학계열,23,144,28
80,2026,AI응용학과,공학계열,25,168,27
81,2024,간호학과,의약계열,96,484,96
81,2024,사회복지학과,사회계열,16,55,9
81,2024,유아교육과,교육계열,14,39,5
81,2025,간호학과,의약계열,102,418,102
81,2025,사회복지학과,사회계열,13,53,13
81,2025,유아교육과,교육계열,12,30,5
81,2026,간호학과,의약계열,104,483,104
81,2026,사회복지학과,사회계열,13,65,12
81,2026,유아교육과,교육계열,11,40,4
81,2026,중독재활복지학과,사회계열,15,24,15
82,2024,간호학과,의약계열,102,883,102
82,2024,건축학과,공학계열,45,267,45
82,2024,게임공학전공,공학계열,63,280,63
82,2024,게임애니메이션전공,공학계열,35,297,35
82,2024,경영계열,사회계열,0,54,0
82,2024,경영학과,사회계열,87,543,89
82,2024,경찰법학과,사회계열,66,330,79
82,2024,공연예술학과,예체능계열,51,189,50
82,2024,관광경영학과,사회계열,36,198,33
82,2024,광고사진영상학과,예체능계열,41,233,41
82,2024,국어국문한국어교육학과,인문계열,35,134,30
82,2024,글로벌비즈니스학과,사회계열,31,145,29
82,2024,기독교사회복지학과,사회계열,28,141,16
82,2024,기타모집단위,인문계열,5,0,0
82,2024,드론로봇공학과,공학계열,39,227,40
82,2024,레저스포츠학부,예체능계열,0,16,0
82,2024,미디어콘텐츠학과,인문계열,54,331,53
82,2024,보건의료복지학과,사회계열,48,281,47
82,2024,뷰티케어학과,예체능계열,46,325,44
82,2024,산업디자인전공,예체능계열,25,86,25
82,2024,생명공학과,자연계열,35,136,38
82,2024,생명보건계열,자연계열,0,54,0
82,2024,소프트웨어공학부,공학계열,0,31,0
82,2024,소프트웨어학전공,공학계열,44,171,39
82,2024,스마트배터리학과,공학계열,32,144,31
82,2024,스포츠마케팅전공,예체능계열,20,91,20
82,2024,스포츠지도?건강재활전공,예체능계열,51,370,51
82,2024,식품영양학과,자연계열,43,257,44
82,2024,실내건축학과,공학계열,42,225,41
82,2024,심리상담학과,인문계열,49,223,51
82,2024,아트앤웹툰전공,예체능계열,65,606,66
82,2024,외식조리학과,자연계열,74,545,75
82,2024,원예산림학과,자연계열,45,175,38
82,2024,유아교육과,교육계열,38,166,38
82,2024,의류패션학과,자연계열,50,251,50
82,2024,인문사회계열,인문계열,0,142,0
82,2024,일본학과,인문계열,36,188,39
82,2024,전기전자공학과,공학계열,53,332,58
82,2024,정보보안학전공,공학계열,44,152,43
82,2024,조경학과,공학계열,51,183,52
82,2024,지역소상공비즈니스,사회계열,25,22,12
82,2024,직무한국어번역,인문계열,37,39,37
82,2024,창의융합계열,사회계열,0,63,0
82,2024,철도건설공학과,공학계열,41,163,32
82,2024,커뮤니케이션디자인전공,예체능계열,30,137,30
82,2024,컴퓨터공학전공,공학계열,87,457,86
82,2024,토털라이프스타일링,예체능계열,25,21,9
82,2024,토털라이프케어,사회계열,25,29,13
82,2024,항공서비스학과,사회계열,26,140,25
82,2024,행정학과,사회계열,52,213,42
82,2024,호텔항공경영학과,사회계열,37,247,34
82,2024,IT경영정보학과,공학계열,35,134,34
82,2025,간호학과,의약계열,90,1282,104
82,2025,건축학과,공학계열,42,260,48
82,2025,게임공학전공,공학계열,58,275,62
82,2025,게임애니메이션전공,공학계열,40,422,49
82,2025,경영학과,사회계열,83,764,85
82,2025,경찰법학부,사회계열,60,440,65
82,2025,공연예술학과,예체능계열,46,196,49
82,2025,공학계열,공학계열,0,96,0
82,2025,관광경영학과,사회계열,44,216,48
82,2025,광고사진영상학과,예체능계열,40,179,44
82,2025,국어국문한국어교육학과,인문계열,36,145,36
82,2025,글로벌경영,사회계열,11,11,11
82,2025,글로벌비즈니스학과,사회계열,34,153,35
82,2025,글로벌IT,공학계열,8,8,8
82,2025,기타모집단위,인문계열,103,0,0
82,2025,드론로봇공학과,공학계열,36,174,37
82,2025,미디어콘텐츠학과,인문계열,47,521,58
82,2025,보건의료복지학과,사회계열,45,277,44
82,2025,뷰티케어학과,예체능계열,46,397,45
82,2025,산업디자인전공,예체능계열,25,93,30
82,2025,생명공학과,자연계열,33,177,33
82,2025,소프트웨어학전공,공학계열,40,184,41
82,2025,스마트배터리학과,공학계열,33,125,34
82,2025,스포츠마케팅전공,예체능계열,25,117,22
82,2025,스포츠지도?건강재활전공,예체능계열,45,296,54
82,2025,식품영양학과,자연계열,41,240,43
82,2025,실내건축학과,공학계열,41,250,41
82,2025,심리상담학과,인문계열,45,272,52
82,2025,아트앤웹툰전공,예체능계열,65,664,72
82,2025,예체능계열,예체능계열,0,237,0
82,2025,외식조리학과,자연계열,71,632,72
82,2025,원예산림학과,자연계열,36,179,36
82,2025,유아교육과,교육계열,35,209,37
82,2025,의류패션학과,자연계열,46,342,50
82,2025,인문사회계열,인문계열,0,291,0
82,2025,일본학과,인문계열,39,228,37
82,2025,자연과학계열,자연계열,0,27,0
82,2025,자율전공학부,무전공,30,153,31
82,2025,전기전자공학과,공학계열,51,292,54
82,2025,정보보안학전공,공학계열,40,177,39
82,2025,조경학과,공학계열,51,195,51
82,2025,지역소상공비즈니스,사회계열,28,33,12
82,2025,직무한국어번역,인문계열,14,15,14
82,2025,철도건설공학과,공학계열,35,178,34
82,2025,커뮤니케이션디자인전공,예체능계열,30,106,33
82,2025,컴퓨터공학전공,공학계열,77,369,80
82,2025,토털라이프스타일링,예체능계열,28,37,10
82,2025,토털라이프케어,사회계열,28,91,18
82,2025,항공서비스학과,사회계열,31,241,36
82,2025,행정학과,사회계열,43,246,45
82,2025,호텔항공경영학과,사회계열,36,204,37
82,2025,IT경영정보학과,공학계열,32,139,30
82,2026,간호학과,의약계열,90,1075,103
82,2026,건축학과,공학계열,42,216,43
82,2026,게임공학전공,공학계열,66,310,66
82,2026,게임애니메이션전공,공학계열,40,292,45
82,2026,경영학과,사회계열,87,683,88
82,2026,경찰법학부,사회계열,60,544,63
82,2026,공연예술학과,예체능계열,46,219,43
82,2026,공학계열,공학계열,0,459,0
82,2026,관광경영학과,사회계열,37,145,37
82,2026,광고사진영상학과,예체능계열,41,230,41
82,2026,국어국문한국어교육학과,인문계열,34,142,34
82,2026,국제의료관광,사회계열,4,4,4
82,2026,글로벌경영,사회계열,13,15,13
82,2026,글로벌비즈니스학과,사회계열,37,171,37
82,2026,글로벌IT,공학계열,2,3,2
82,2026,기타모집단위,인문계열,108,0,0
82,2026,드론로봇공학과,공학계열,47,289,48
82,2026,라이프스타일링,예체능계열,7,15,7
82,2026,라이프케어,사회계열,54,90,54
82,2026,미디어콘텐츠학과,인문계열,45,523,54
82,2026,보건의료복지학과,사회계열,45,367,47
82,2026,부동산재테크,사회계열,4,10,4
82,2026,뷰티케어학과,예체능계열,42,350,47
82,2026,산업디자인전공,예체능계열,25,129,25
82,2026,생명공학과(공학계열),자연계열,34,181,34
82,2026,소프트웨어학전공,공학계열,50,402,47
82,2026,스마트배터리학과,공학계열,42,255,43
82,2026,스포츠마케팅전공,예체능계열,23,206,27
82,2026,스포츠지도·건강재활전공,예체능계열,36,293,40
82,2026,시니어운동처방,의약계열,12,24,12
82,2026,식품영양학과,자연계열,37,266,37
82,2026,실내건축학과,공학계열,46,268,58
82,2026,심리상담학과,인문계열,46,258,50
82,2026,아트앤웹툰전공,예체능계열,65,765,67
82,2026,아트컬처비즈니스,사회계열,3,4,3
82,2026,예체능계열,예체능계열,0,554,0
82,2026,외식조리학과,자연계열,70,630,74
82,2026,운동재활복지학과,의약계열,28,253,29
82,2026,원예산림학과,자연계열,34,143,41
82,2026,유아교육과,교육계열,35,266,38
82,2026,의류패션학과,자연계열,47,298,53
82,2026,인문사회계열,인문계열,0,405,0
82,2026,인문예술창작,인문계열,5,8,5
82,2026,일본학과,인문계열,37,225,43
82,2026,자연과학계열,자연계열,0,179,0
82,2026,자율전공학부,무전공,53,860,58
82,2026,전기전자공학과,공학계열,64,373,72
82,2026,정보보안학전공,공학계열,50,237,47
82,2026,조경학과,공학계열,55,248,54
82,2026,지역소상공비즈니스,사회계열,10,15,10
82,2026,직무한국어번역,인문계열,14,20,14
82,2026,철도건설공학과,공학계열,43,194,46
82,2026,커뮤니케이션디자인전공,예체능계열,30,204,32
82,2026,컴퓨터공학전공,공학계열,82,519,79
82,2026,항공서비스학과,사회계열,30,264,31
82,2026,행정학과,사회계열,42,228,43
82,2026,호텔항공경영학과,사회계열,35,255,35
82,2026,IT경영정보학과,공학계열,32,135,31
83,2024,간호학과,의약계열,151,1223,151
83,2024,경상학부,사회계열,177,840,177
83,2024,경찰학부,사회계열,137,762,137
83,2024,관광학부,사회계열,158,766,158
83,2024,관광학부 글로벌호텔비즈니스전공,사회계열,44,174,44
83,2024,관광학부 항공서비스전공,사회계열,96,1615,96
83,2024,기독교학부,인문계열,104,411,104
83,2024,기타모집단위,인문계열,252,0,0
83,2024,디자인영상학부,예체능계열,265,3504,265
83,2024,문화예술학부 뮤지컬전공,예체능계열,40,139,40
83,2024,문화예술학부 실용음악전공,예체능계열,105,680,105
83,2024,문화예술학부 연기예술전공,예체능계열,60,420,60
83,2024,문화예술학부 피아노전공,예체능계열,0,1,0
83,2024,물리치료학과,의약계열,66,726,66
83,2024,사회복지학부,사회계열,259,1262,259
83,2024,스포츠과학부,예체능계열,121,1237,121
83,2024,스포츠과학부 태권도전공,예체능계열,40,384,40
83,2024,안경광학과,공학계열,67,282,67
83,2024,어문학부,인문계열,84,497,84
83,2024,외식산업학부,사회계열,109,520,109
83,2024,유아교육과,교육계열,77,444,77
83,2024,유아특수교육과,교육계열,44,175,44
83,2024,응급구조학과,의약계열,58,735,58
83,2024,작업치료학과,의약계열,97,541,97
83,2024,첨단IT학부,공학계열,226,1031,226
83,2024,치위생학과,의약계열,73,744,73
83,2024,컴퓨터공학부,공학계열,210,1043,210
83,2024,특수교육과,교육계열,66,255,66
83,2024,특수체육교육과,교육계열,42,207,42
83,2025,간호학과,의약계열,178,1209,178
83,2025,경상학부,사회계열,140,829,140
83,2025,경찰학부,사회계열,110,740,110
83,2025,관광학부,사회계열,128,571,128
83,2025,관광학부 글로벌호텔비즈니스전공,사회계열,40,423,40
83,2025,관광학부 항공서비스전공,사회계열,97,2375,97
83,2025,국제학부,사회계열,65,68,65
83,2025,기독교학부,인문계열,105,413,105
83,2025,기타모집단위,인문계열,253,0,0
83,2025,디자인영상학부,예체능계열,260,3682,260
83,2025,문화예술학부 뮤지컬전공,예체능계열,40,92,40
83,2025,문화예술학부 실용음악전공,예체능계열,108,759,108
83,2025,문화예술학부 연기예술전공,예체능계열,60,405,60
83,2025,물리치료학과,의약계열,66,776,66
83,2025,사회복지학부,사회계열,206,1458,206
83,2025,스포츠과학부,예체능계열,120,1244,120
83,2025,스포츠과학부 태권도전공,예체능계열,41,401,41
83,2025,안경광학과,공학계열,62,412,62
83,2025,어문학부,인문계열,76,450,76
83,2025,외식산업학부,사회계열,107,811,107
83,2025,유아교육과,교육계열,77,617,77
83,2025,유아특수교육과,교육계열,43,212,43
83,2025,응급구조학과,의약계열,60,510,60
83,2025,자유전공학부(인문?자연계열),무전공,137,697,137
83,2025,자유전공학부(자연계열),무전공,50,162,50
83,2025,작업치료학과,의약계열,96,706,96
83,2025,첨단IT학부,공학계열,167,818,167
83,2025,치위생학과,의약계열,75,802,75
83,2025,컴퓨터공학부,공학계열,210,1199,210
83,2025,특수교육과,교육계열,66,320,66
83,2025,특수체육교육과,교육계열,42,263,42
83,2026,간호학과,의약계열,185,1356,185
83,2026,경상학부,사회계열,140,897,140
83,2026,경찰학부,사회계열,107,774,107
83,2026,관광외식서비스학과,사회계열,30,81,29
83,2026,관광학부,사회계열,131,857,130
83,2026,관광학부 글로벌호텔비즈니스전공,사회계열,45,316,45
83,2026,관광학부 항공서비스전공,사회계열,100,2938,100
83,2026,국제학부,사회계열,117,133,106
83,2026,기독교학부,인문계열,112,487,112
83,2026,기타모집단위,인문계열,128,0,0
83,2026,디자인영상학부,예체능계열,260,3920,260
83,2026,문화예술학부 뮤지컬전공,예체능계열,40,140,40
83,2026,문화예술학부 실용음악전공,예체능계열,105,955,105
83,2026,문화예술학부 연기예술전공,예체능계열,60,445,60
83,2026,물리치료학과,의약계열,67,743,69
83,2026,뷰티디자인학과,예체능계열,26,50,25
83,2026,사회복지학부,사회계열,205,1373,205
83,2026,스마트융합공학과,공학계열,17,60,16
83,2026,스포츠과학부,예체능계열,120,1655,120
83,2026,스포츠과학부 태권도전공,예체능계열,40,574,40
83,2026,안경광학과,공학계열,64,462,64
83,2026,어문학부,인문계열,75,410,75
83,2026,외식산업학부,사회계열,113,991,113
83,2026,외식조리서비스학과,자연계열,17,62,17
83,2026,유아교육과,교육계열,83,666,76
83,2026,유아특수교육과,교육계열,46,236,42
83,2026,응급구조학과,의약계열,58,567,59
83,2026,자유전공학부,무전공,187,2161,187
83,2026,작업치료학과,의약계열,96,669,96
83,2026,첨단IT학부,공학계열,168,1085,168
83,2026,치위생학과,의약계열,75,896,75
83,2026,컴퓨터공학부,공학계열,210,1125,210
83,2026,특수교육과,교육계열,69,328,63
83,2026,특수체육교육과,교육계열,46,284,42
84,2024,간호학과,의약계열,129,1402,129
84,2024,물리치료학과,의약계열,93,758,69
84,2024,방사선학과,의약계열,110,606,86
84,2024,병원경영학과,사회계열,72,203,46
84,2024,사회복지상담심리학과,사회계열,27,149,20
84,2024,사회복지학과,사회계열,40,184,32
84,2024,소방방재학과,공학계열,40,188,40
84,2024,안전보건학과,공학계열,25,93,17
84,2024,언어청각치료학과,교육계열,45,190,44
84,2024,유통마케팅학과,사회계열,94,227,93
84,2024,임상병리학과,의약계열,96,507,72
84,2024,자율전공학부,공학계열,20,106,20
84,2024,치기공학과,의약계열,108,380,84
84,2024,컴퓨터정보공학과,공학계열,27,119,15
84,2025,간호학과,의약계열,140,1632,141
84,2025,글로벌한국학부,인문계열,0,10,8
84,2025,물리치료학과,의약계열,94,580,70
84,2025,미래설계융합학부,사회계열,0,10,6
84,2025,방사선학과,의약계열,111,675,87
84,2025,병원경영학과,사회계열,72,198,46
84,2025,사회복지학과,사회계열,35,174,35
84,2025,산업안전보건학과,의약계열,20,83,20
84,2025,상담심리학과,인문계열,27,148,27
84,2025,소방방재학과,공학계열,40,202,39
84,2025,언어청각치료학과,교육계열,45,182,45
84,2025,유통마케팅학과,사회계열,25,205,90
84,2025,임상병리학과,의약계열,102,484,78
84,2025,자율전공학부,무전공,20,186,20
84,2025,치기공학과,의약계열,104,375,79
84,2025,컴퓨터정보공학과,공학계열,20,118,20
84,2026,간호학과,의약계열,140,2086,141
84,2026,글로벌한국학부,인문계열,7,8,7
84,2026,물리치료학과,의약계열,95,833,70
84,2026,미래설계융합학부,사회계열,3,8,3
84,2026,방사선학과,의약계열,111,847,87
84,2026,병원경영학과,사회계열,72,282,48
84,2026,사회복지학과,사회계열,35,313,35
84,2026,산업안전보건학과,의약계열,20,136,20
84,2026,상담심리학과,인문계열,27,138,27
84,2026,소방방재학과,공학계열,40,312,40
84,2026,언어청각치료학과,교육계열,45,234,45
84,2026,유통마케팅학과,사회계열,46,194,45
84,2026,임상병리학과,의약계열,103,627,79
84,2026,자율전공학부,무전공,20,108,20
84,2026,치기공학과,의약계열,106,485,82
84,2026,컴퓨터정보공학과,공학계열,20,108,20
85,2024,초등교육과,교육계열,390,2080,0
85,2025,초등교육학부,교육계열,345,1820,0
85,2026,초등교육학부,교육계열,343,1710,0
86,2024,글로벌미래융합학부,사회계열,55,95,43
86,2024,글로벌자유전공학부,인문계열,1340,4776,1356
86,2024,기타모집단위,인문계열,100,0,0
86,2024,사회체육전공,예체능계열,70,253,75
86,2024,스포츠재활전공,예체능계열,51,323,63
86,2024,시민영어교육학과,인문계열,40,29,15
86,2024,항공서비스전공,사회계열,52,211,54
86,2025,글로벌미래융합학부,사회계열,50,66,37
86,2025,글로벌자유전공학부,무전공,1446,4862,1286
86,2025,기타모집단위,인문계열,100,0,0
86,2025,사회체육전공(자유전공),무전공,50,221,60
86,2025,스포츠재활전공(자유전공),무전공,50,323,58
86,2025,시민영어교육학과,인문계열,45,43,17
86,2025,항공서비스전공(자유전공),무전공,51,355,54
86,2026,글로벌미래융합학부,사회계열,20,40,20
86,2026,글로벌자유전공학부,무전공,1367,5343,1367
86,2026,사회체육전공(자유전공),무전공,55,216,55
86,2026,스포츠재활전공(자유전공),무전공,56,323,56
86,2026,시민영어교육학과,인문계열,20,32,20
86,2026,항공서비스전공(자유전공),무전공,53,290,53
86,2026,International College,인문계열,132,235,135
87,2024,신학과,인문계열,14,22,12
87,2024,특수교육과,교육계열,22,27,21
87,2025,신학과,인문계열,14,16,12
87,2025,특수교육과,교육계열,22,43,20
87,2026,신학과,인문계열,14,12,12
87,2026,특수교육과,교육계열,22,21,21
88,2024,간호학과,의약계열,74,1524,80
88,2024,건축학과(4년제),공학계열,10,211,10
88,2024,건축학과(5년제),공학계열,43,695,43
88,2024,경영학과,사회계열,66,1557,66
88,2024,글로벌한국학과,인문계열,32,544,32
88,2024,기타모집단위,인문계열,22,0,0
88,2024,동물자원과학과,자연계열,31,335,31
88,2024,물리치료학과,의약계열,47,920,49
88,2024,바이오융합공학과,자연계열,32,512,32
88,2024,보건관리학과,의약계열,34,339,33
88,2024,빅데이터클라우드공학과,공학계열,30,432,30
88,2024,사회복지학과,사회계열,36,656,35
88,2024,상담심리학과,인문계열,43,696,41
88,2024,식품영양학과,자연계열,47,636,47
88,2024,신학과,인문계열,38,66,38
88,2024,아트앤디자인학과,예체능계열,77,1785,75
88,2024,약학과,의약계열,37,374,37
88,2024,영어영문학과,인문계열,74,1026,73
88,2024,유아교육과,교육계열,38,515,38
88,2024,음악학과,예체능계열,49,171,50
88,2024,인공지능융합학부,공학계열,107,1175,107
88,2024,체육학과,예체능계열,38,526,38
88,2024,컴퓨터공학부,공학계열,65,1095,65
88,2024,항공관광외국어학부,인문계열,41,638,42
88,2024,화학생명과학과,자연계열,75,1230,74
88,2024,환경디자인원예학과,자연계열,77,1003,77
88,2025,간호학과,의약계열,73,1370,76
88,2025,건축학과(5년제),공학계열,44,637,43
88,2025,경영학과,사회계열,47,1084,144
88,2025,글로벌한국학과,인문계열,23,336,26
88,2025,기타모집단위,인문계열,23,0,0
88,2025,데이터클라우드공학과,공학계열,30,475,30
88,2025,동물자원과학과,자연계열,21,280,21
88,2025,물리치료학과,의약계열,45,918,50
88,2025,미래융합자유전공학부,무전공,148,972,148
88,2025,바이오융합공학과,자연계열,23,328,24
88,2025,보건관리학과,의약계열,24,259,23
88,2025,사회복지학과,사회계열,29,459,28
88,2025,상담심리학과,인문계열,29,448,30
88,2025,식품영양학과,자연계열,34,540,34
88,2025,신학과,인문계열,39,73,39
88,2025,아트앤디자인학과,예체능계열,77,1760,78
88,2025,약학과,의약계열,38,355,37
88,2025,영어영문학과,인문계열,49,691,50
88,2025,유아교육과,교육계열,38,441,38
88,2025,음악학과,예체능계열,43,312,43
88,2025,인공지능융합학부,공학계열,77,1013,77
88,2025,창의융합자유전공학부,무전공,87,1082,87
88,2025,체육학과,예체능계열,38,353,38
88,2025,컴퓨터공학부,공학계열,49,738,50
88,2025,항공관광외국어학부,인문계열,35,494,35
88,2025,화학생명과학과,자연계열,53,713,53
88,2025,환경디자인원예학과,자연계열,49,626,49
88,2026,간호학과,의약계열,75,1919,78
88,2026,건축학과(5년제),공학계열,43,1019,43
88,2026,경영학과,사회계열,132,1531,130
88,2026,글로벌한국학과,인문계열,80,685,80
88,2026,기타모집단위,인문계열,23,0,0
88,2026,데이터클라우드공학과,공학계열,30,412,30
88,2026,동물자원과학과,자연계열,21,399,21
88,2026,물리치료학과,의약계열,47,855,47
88,2026,미래융합자유전공학부,무전공,162,1236,162
88,2026,바이오융합공학과,자연계열,21,360,21
88,2026,보건관리학과,의약계열,22,413,22
88,2026,사회복지학과,사회계열,27,541,26
88,2026,상담심리학과,인문계열,30,796,29
88,2026,식품영양학과,자연계열,33,575,33
88,2026,신학과,인문계열,38,58,38
88,2026,아트앤디자인학과,예체능계열,75,1948,79
88,2026,약학과,의약계열,37,362,36
88,2026,영어영문학과,인문계열,45,680,45
88,2026,유아교육과,교육계열,38,574,38
88,2026,음악학과,예체능계열,37,251,36
88,2026,인공지능융합학부,공학계열,110,1216,110
88,2026,창의융합자유전공학부,무전공,99,1752,99
88,2026,체육학과,예체능계열,38,467,38
88,2026,컴퓨터공학부,공학계열,49,799,49
88,2026,항공관광외국어학부,인문계열,34,707,34
88,2026,화학생명과학과,자연계열,52,1079,52
88,2026,환경디자인원예학과,자연계열,48,732,48
89,2024,가족복지학과,사회계열,31,264,35
89,2024,간호학과,의약계열,65,600,65
89,2024,건설시스템공학과,공학계열,37,278,37
89,2024,경영공학과,공학계열,38,273,38
89,2024,경영학부,사회계열,82,1034,95
89,2024,경제금융학부,사회계열,64,454,68
89,2024,공간환경학부,자연계열,43,305,45
89,2024,교육학과,교육계열,29,329,29
89,2024,국가안보학과,사회계열,33,216,33
89,2024,국어교육과,교육계열,43,248,43
89,2024,그린스마트시티학과,공학계열,42,262,42
89,2024,그린화학공학과,공학계열,50,296,50
89,2024,글로벌경영학과,사회계열,73,612,78
89,2024,글로벌금융경영학부,사회계열,73,652,71
89,2024,글로벌지역학부,인문계열,148,866,148
89,2024,글로벌지역학부 한국언어문화전공,인문계열,33,307,33
89,2024,기타모집단위,인문계열,127,0,0
89,2024,디자인학부,예체능계열,214,2322,214
89,2024,디자인학부 AR?VR미디어디자인전공,예체능계열,20,167,20
89,2024,미술학부 생활예술전공,예체능계열,34,716,34
89,2024,미술학부 조형예술전공,예체능계열,23,277,25
89,2024,생명화학공학부 생명공학전공,자연계열,39,402,41
89,2024,생명화학공학부 화공신소재전공,공학계열,36,464,39
89,2024,생명화학공학부 화학에너지공학전공,공학계열,39,300,42
89,2024,소프트웨어학과,공학계열,50,363,48
89,2024,수학교육과,교육계열,34,213,34
89,2024,스마트정보통신공학과,공학계열,72,390,72
89,2024,스포츠무용학부 무용예술전공,예체능계열,31,335,31
89,2024,스포츠무용학부 스포츠건강관리전공,예체능계열,29,624,31
89,2024,스포츠융합학부,예체능계열,84,554,84
89,2024,시스템반도체공학과,공학계열,51,308,51
89,2024,식품공학과,자연계열,41,380,41
89,2024,영어교육과,교육계열,37,225,38
89,2024,예술학부 디지털만화영상전공,예체능계열,55,611,53
89,2024,예술학부 디지털콘텐츠전공,예체능계열,24,241,24
89,2024,예술학부 무대미술전공,예체능계열,43,424,43
89,2024,예술학부 문화예술경영전공,예체능계열,23,291,23
89,2024,예술학부 사진영상미디어전공,예체능계열,34,494,34
89,2024,예술학부 연극전공,예체능계열,24,311,24
89,2024,예술학부 영화영상전공,예체능계열,32,372,32
89,2024,외식의류학부 식품영양학전공,자연계열,28,540,30
89,2024,외식의류학부 의류학전공,자연계열,26,301,29
89,2024,융합경영학과,사회계열,72,605,71
89,2024,음악학부,예체능계열,58,712,58
89,2024,인문콘텐츠학부 문헌정보학전공,인문계열,30,256,33
89,2024,인문콘텐츠학부 역사콘텐츠전공,인문계열,35,239,36
89,2024,인문콘텐츠학부 지적재산권전공,사회계열,25,162,26
89,2024,전자공학과,공학계열,44,349,44
89,2024,정보보안공학과,사회계열,44,197,44
89,2024,지능?데이터융합학부,공학계열,45,375,46
89,2024,지능?데이터융합학부 휴먼지능정보공학전공,공학계열,75,547,82
89,2024,행정학부,사회계열,53,355,58
89,2024,휴먼지능로봇공학과,공학계열,49,299,49
89,2024,SW융합학부 게임전공,공학계열,37,387,42
89,2024,SW융합학부 애니메이션전공,예체능계열,26,486,29
89,2024,SW융합학부 전기공학전공,공학계열,32,279,35
89,2024,SW융합학부 지능IOT융합전공,공학계열,32,244,36
89,2024,SW융합학부 컴퓨터과학전공,공학계열,87,769,99
89,2024,SW융합학부 한일문화콘텐츠전공,인문계열,27,232,31
89,2025,가족복지학과,사회계열,23,351,26
89,2025,간호학과,의약계열,65,623,65
89,2025,건설시스템공학과,공학계열,26,214,26
89,2025,경영공학과,공학계열,46,291,28
89,2025,경영학부,사회계열,57,934,65
89,2025,경제금융학부,사회계열,45,586,50
89,2025,공간환경학부,자연계열,31,472,35
89,2025,교육학과,교육계열,29,371,30
89,2025,국가안보학과,사회계열,24,187,24
89,2025,국어교육과,교육계열,44,735,45
89,2025,그린스마트시티학과,공학계열,42,309,42
89,2025,그린화학공학과,공학계열,37,392,37
89,2025,글로벌경영학과,사회계열,52,789,61
89,2025,글로벌금융경영학부,사회계열,68,676,66
89,2025,글로벌지역학부,인문계열,134,1050,134
89,2025,글로벌지역학부 한국언어문화전공,인문계열,22,139,22
89,2025,기타모집단위,인문계열,128,0,0
89,2025,디자인학부,예체능계열,191,2311,190
89,2025,디자인학부 AR?VR미디어디자인전공,예체능계열,24,151,24
89,2025,미술학부 생활예술전공,예체능계열,30,969,30
89,2025,미술학부 조형예술전공,예체능계열,21,518,22
89,2025,생명화학공학부 생명공학전공,자연계열,28,608,32
89,2025,생명화학공학부 화공신소재전공,공학계열,26,453,28
89,2025,생명화학공학부 화학에너지공학전공,공학계열,28,526,30
89,2025,소프트웨어학과,공학계열,35,269,33
89,2025,수학교육과,교육계열,34,426,35
89,2025,스마트정보통신공학과,공학계열,51,480,51
89,2025,스포츠무용학부 무용예술전공,예체능계열,30,432,30
89,2025,스포츠무용학부 스포츠건강관리전공,예체능계열,21,1019,23
89,2025,스포츠융합자유전공학부,무전공,80,827,80
89,2025,시스템반도체공학과,공학계열,35,199,35
89,2025,식품공학과,자연계열,37,297,37
89,2025,영어교육과,교육계열,37,586,39
89,2025,예술학부 디지털만화영상전공,예체능계열,49,652,49
89,2025,예술학부 무대미술전공,예체능계열,41,378,41
89,2025,예술학부 문화예술경영전공,예체능계열,23,242,23
89,2025,예술학부 사진영상미디어전공,예체능계열,28,414,28
89,2025,예술학부 연극전공,예체능계열,21,328,21
89,2025,예술학부 영화영상전공,예체능계열,28,555,28
89,2025,예술학부 AI미디어콘텐츠전공,예체능계열,33,258,32
89,2025,외식의류학부 식품영양학전공,자연계열,20,427,22
89,2025,외식의류학부 의류학전공,자연계열,20,484,24
89,2025,융합경영학과,사회계열,124,696,121
89,2025,음악학부,예체능계열,60,688,60
89,2025,인문콘텐츠학부 문헌정보학전공,인문계열,21,332,26
89,2025,인문콘텐츠학부 역사콘텐츠전공,인문계열,25,344,27
89,2025,인문콘텐츠학부 지적재산권전공,사회계열,20,260,23
89,2025,인문콘텐츠학부 한일문화콘텐츠전공,인문계열,20,318,22
89,2025,자유전공(경영경제계열),무전공,64,976,64
89,2025,자유전공(공학계열),무전공,126,676,126
89,2025,자유전공(아트&컬처),무전공,75,512,75
89,2025,자유전공(예체능계열),무전공,23,135,24
89,2025,자유전공(이공계열),무전공,40,489,40
89,2025,자유전공(인문사회계열),무전공,78,916,79
89,2025,자유전공(IT계열),무전공,54,769,54
89,2025,전자공학과,공학계열,31,195,31
89,2025,정보보안공학과,사회계열,32,190,32
89,2025,지능?데이터융합학부,공학계열,45,623,51
89,2025,지능?데이터융합학부 스마트생산전공,공학계열,1,1,0
89,2025,지능?데이터융합학부 휴먼지능정보공학전공,공학계열,75,986,83
89,2025,행정학부,사회계열,37,540,40
89,2025,휴먼지능로봇공학과,공학계열,35,219,35
89,2025,AI모빌리티공학과,공학계열,31,156,31
89,2025,SW융합학부 게임전공,공학계열,25,565,29
89,2025,SW융합학부 애니메이션전공,예체능계열,24,443,30
89,2025,SW융합학부 전기공학전공,공학계열,23,812,25
89,2025,SW융합학부 컴퓨터과학전공,공학계열,81,1151,89
89,2026,가족복지학과,사회계열,23,389,24
89,2026,간호학과,의약계열,65,716,65
89,2026,건설시스템공학과,공학계열,27,168,27
89,2026,경영공학과,공학계열,46,195,27
89,2026,경영학부,사회계열,57,843,66
89,2026,경제금융학부,사회계열,45,513,51
89,2026,공간환경학부,자연계열,31,420,34
89,2026,교육학과,교육계열,29,347,30
89,2026,국가안보학과,사회계열,24,241,24
89,2026,국어교육과,교육계열,44,483,47
89,2026,그린스마트시티학과,공학계열,42,252,42
89,2026,그린화학공학과,공학계열,35,212,35
89,2026,글로벌경영학과,사회계열,52,700,56
89,2026,글로벌금융경영학부,사회계열,68,480,66
89,2026,글로벌지역학부,인문계열,132,1143,131
89,2026,글로벌지역학부 한국언어문화전공,인문계열,26,148,26
89,2026,기타모집단위,인문계열,130,0,0
89,2026,디자인학부,예체능계열,192,1940,192
89,2026,디자인학부 AR·VR미디어디자인전공,예체능계열,20,204,20
89,2026,미술학부 생활예술전공,예체능계열,30,1102,32
89,2026,미술학부 조형예술전공,예체능계열,20,436,23
89,2026,바이오푸드테크학과,자연계열,25,63,16
89,2026,생명화학공학부 생명공학전공,자연계열,28,534,30
89,2026,생명화학공학부 식품영양학전공,자연계열,20,471,23
89,2026,생명화학공학부 화공신소재전공,공학계열,26,406,28
89,2026,생명화학공학부 화학에너지공학전공,공학계열,28,416,30
89,2026,소프트웨어학과,공학계열,35,210,34
89,2026,수학교육과,교육계열,34,408,34
89,2026,스마트정보통신공학과,공학계열,51,536,51
89,2026,스마트IT융합공학과,공학계열,30,100,29
89,2026,스포츠무용학부 무용예술전공,예체능계열,28,448,30
89,2026,스포츠무용학부 스포츠건강관리전공,예체능계열,21,889,24
89,2026,스포츠융합자유전공학부,무전공,83,774,83
89,2026,시스템반도체공학과,공학계열,36,590,36
89,2026,식품공학과,자연계열,36,519,36
89,2026,영어교육과,교육계열,37,382,37
89,2026,예술학부 디지털만화영상전공,예체능계열,51,979,51
89,2026,예술학부 무대미술전공,예체능계열,41,322,41
89,2026,예술학부 문화예술경영전공,예체능계열,23,201,23
89,2026,예술학부 사진영상미디어전공,예체능계열,29,489,29
89,2026,예술학부 연극전공,예체능계열,23,393,23
89,2026,예술학부 영화영상전공,예체능계열,30,407,30
89,2026,예술학부 AI미디어콘텐츠전공,예체능계열,34,278,34
89,2026,융합경영학과,사회계열,124,518,83
89,2026,음악학부,예체능계열,58,852,58
89,2026,의류학과,자연계열,20,356,21
89,2026,인문콘텐츠학부 문헌정보학전공,인문계열,21,360,23
89,2026,인문콘텐츠학부 역사콘텐츠전공,인문계열,25,393,25
89,2026,인문콘텐츠학부 지적재산권전공,사회계열,20,231,20
89,2026,인문콘텐츠학부 한일문화콘텐츠전공,인문계열,20,314,23
89,2026,자유전공(공학계열),무전공,130,1126,130
89,2026,자유전공(디자인/예술계열),무전공,39,348,39
89,2026,자유전공(예체능계열),무전공,23,687,25
89,2026,자유전공(이공계열),무전공,99,2369,110
89,2026,자유전공(인문계열),무전공,142,2641,156
89,2026,자유전공(인문사회계열),무전공,30,448,30
89,2026,전자공학과,공학계열,32,197,32
89,2026,정보보안공학과,사회계열,31,167,31
89,2026,지능·데이터융합학부,공학계열,45,464,47
89,2026,지능·데이터융합학부 휴먼AI공학전공,공학계열,75,837,84
89,2026,행정학부,사회계열,38,597,41
89,2026,휴먼지능로봇공학과,공학계열,35,194,35
89,2026,AI모빌리티공학과,공학계열,31,245,31
89,2026,SW융합학부 게임전공,공학계열,25,458,31
89,2026,SW융합학부 애니메이션전공,예체능계열,22,299,26
89,2026,SW융합학부 전기공학전공,공학계열,23,379,26
89,2026,SW융합학부 컴퓨터과학전공,공학계열,75,851,79
90,2024,간호학과,의약계열,64,793,64
90,2024,건설환경공학과,공학계열,42,145,33
90,2024,경영학과,사회계열,68,290,60
90,2024,경찰법학과,사회계열,54,237,52
90,2024,국제경영학과,사회계열,42,185,42
90,2024,군사학과,사회계열,43,191,40
90,2024,동물자원학과,자연계열,49,232,43
90,2024,리빙디자인학과,예체능계열,42,100,31
90,2024,만화애니메이션학과,예체능계열,53,220,53
90,2024,문화콘텐츠학과,인문계열,49,193,46
90,2024,물리치료학과,의약계열,34,357,34
90,2024,미디어영상광고학과,사회계열,56,291,54
90,2024,보건계열,의약계열,101,384,97
90,2024,사회복지학과,사회계열,60,311,56
90,2024,산업디자인학과,예체능계열,54,132,44
90,2024,소방공학과,공학계열,43,161,41
90,2024,스마트팜생명과학과,자연계열,43,150,36
90,2024,시각영상디자인학과,예체능계열,54,159,52
90,2024,실버헬스케어학과,사회계열,30,15,10
90,2024,유아교육학과,교육계열,43,211,35
90,2024,임상병리학과,의약계열,39,351,39
90,2024,자유전공학부,인문계열,80,339,77
90,2024,작업치료학과,의약계열,41,234,39
90,2024,전기전자공학과,공학계열,47,198,45
90,2024,조경산림학과,공학계열,41,139,33
90,2024,체육학부 생활체육학전공,예체능계열,43,122,35
90,2024,체육학부 체육학전공,예체능계열,79,271,76
90,2024,체육학부 태권도학전공,예체능계열,64,217,56
90,2024,컴퓨터공학과,공학계열,52,248,51
90,2024,평생교육융합계열,사회계열,110,78,43
90,2024,한국어교육학과,교육계열,9,12,9
90,2024,한의예과,의약계열,63,2046,63
90,2024,호텔항공관광경영학과,사회계열,40,190,39
90,2025,간호학과,의약계열,64,757,64
90,2025,건설환경공학과,공학계열,35,140,35
90,2025,경영학과,사회계열,64,261,60
90,2025,경찰법학과,사회계열,54,222,53
90,2025,국제경영학과,사회계열,40,194,40
90,2025,군사학과,사회계열,37,135,37
90,2025,글로벌리더학부,사회계열,4,11,4
90,2025,동물자원학과,자연계열,43,191,43
90,2025,리빙디자인학과,예체능계열,37,137,36
90,2025,만화애니메이션학과,예체능계열,50,315,50
90,2025,문화콘텐츠학과,인문계열,48,191,47
90,2025,물리치료학과,의약계열,34,301,34
90,2025,미디어영상광고학과,사회계열,55,273,53
90,2025,보건계열,의약계열,100,460,100
90,2025,사회복지학과,사회계열,55,317,55
90,2025,산업융합디자인학과,예체능계열,47,93,47
90,2025,소방공학과,공학계열,43,183,42
90,2025,소프트웨어학과,공학계열,42,116,41
90,2025,스마트팜생명과학과,자연계열,35,182,35
90,2025,시각영상디자인학과,예체능계열,54,166,53
90,2025,유아교육학과,교육계열,43,201,40
90,2025,임상병리학과,의약계열,39,264,39
90,2025,자유전공학부,인문계열,85,426,85
90,2025,작업치료학과,의약계열,48,236,43
90,2025,전기전자공학과,공학계열,47,183,46
90,2025,조경산림학과,공학계열,35,125,35
90,2025,체육학부 생활체육학전공,예체능계열,37,129,36
90,2025,체육학부 체육학전공,예체능계열,72,604,72
90,2025,체육학부 태권도학전공,예체능계열,59,209,57
90,2025,컴퓨터공학과,공학계열,41,191,40
90,2025,평생교육융합계열,사회계열,140,86,65
90,2025,한의예과,의약계열,70,2216,66
90,2025,호텔항공관광경영학과,사회계열,40,196,40
90,2026,간호학과,의약계열,65,787,65
90,2026,건설환경공학과,공학계열,39,247,39
90,2026,경영학과,사회계열,63,403,62
90,2026,경찰법학과,사회계열,55,407,55
90,2026,국제경영학과,사회계열,40,397,40
90,2026,군사학과,사회계열,35,169,35
90,2026,글로벌리더학부,사회계열,42,45,42
90,2026,글로벌비즈니스융합학부,사회계열,63,88,63
90,2026,동물자원학과,자연계열,41,225,41
90,2026,리빙디자인학과,예체능계열,37,98,37
90,2026,만화애니메이션학과,예체능계열,50,229,50
90,2026,문화콘텐츠학과,인문계열,45,239,45
90,2026,물리치료학과,의약계열,34,264,34
90,2026,미디어영상광고학과,사회계열,55,376,55
90,2026,보건계열,의약계열,105,569,105
90,2026,사회복지학과,사회계열,57,321,55
90,2026,산업융합디자인학과,예체능계열,47,164,47
90,2026,소방공학과,공학계열,43,213,43
90,2026,소프트웨어학과,공학계열,40,336,40
90,2026,스마트팜생명과학과,자연계열,38,260,38
90,2026,시각영상디자인학과,예체능계열,53,237,53
90,2026,외식베이커리학과,자연계열,50,25,11
90,2026,유아교육학과,교육계열,43,247,43
90,2026,임상병리학과,의약계열,38,323,38
90,2026,자유전공학부,인문계열,85,773,85
90,2026,작업치료학과,의약계열,57,501,57
90,2026,전기전자공학과,공학계열,48,287,48
90,2026,조경산림학과,공학계열,35,253,35
90,2026,지역혁신행정학과,사회계열,70,169,39
90,2026,체육학부 생활체육학전공,예체능계열,35,138,35
90,2026,체육학부 체육학전공,예체능계열,73,519,73
90,2026,체육학부 태권도학전공,예체능계열,59,268,59
90,2026,컴퓨터공학과,공학계열,43,412,42
90,2026,한의예과,의약계열,70,2282,66
90,2026,호텔항공관광경영학과,사회계열,40,291,40
91,2024,게페르트국제학부,사회계열,16,134,17
91,2024,경영학부(경영학전공),사회계열,308,5967,337
91,2024,경제학과,사회계열,175,3056,199
91,2024,글로벌융합학부,사회계열,14,44,14
91,2024,글로벌한국학부,인문계열,21,176,22
91,2024,기계공학과,공학계열,85,2139,88
91,2024,기타모집단위,인문계열,133,0,0
91,2024,물리학과,자연계열,52,1020,53
91,2024,사회과학부,사회계열,119,2376,122
91,2024,생명과학과,자연계열,56,777,57
91,2024,수학과,자연계열,54,1101,54
91,2024,시스템반도체공학과,공학계열,30,948,30
91,2024,영문학부,인문계열,98,1551,101
91,2024,유럽문화학과,인문계열,50,516,50
91,2024,인공지능학과,공학계열,31,692,31
91,2024,인문학부,인문계열,140,2787,143
91,2024,전자공학과,공학계열,103,2531,117
91,2024,중국문화학과,인문계열,39,310,39
91,2024,지식융합미디어학부,사회계열,161,2470,166
91,2024,컴퓨터공학과,공학계열,112,2747,122
91,2024,화공생명공학과,공학계열,103,3139,110
91,2024,화학과,자연계열,53,791,54
91,2025,게페르트국제학부,사회계열,10,144,11
91,2025,경영학부(경영학전공),사회계열,298,5192,318
91,2025,경제학과,사회계열,163,2610,182
91,2025,글로벌융합학부,사회계열,63,168,63
91,2025,글로벌한국학부,인문계열,21,198,21
91,2025,기계공학과,공학계열,76,1753,80
91,2025,기타모집단위,인문계열,132,0,0
91,2025,물리학과,자연계열,45,1081,46
91,2025,사회과학부,사회계열,104,2400,111
91,2025,생명과학과,자연계열,52,957,55
91,2025,수학과,자연계열,47,910,47
91,2025,시스템반도체공학과,공학계열,30,838,29
91,2025,영문학부,인문계열,87,1509,88
91,2025,유럽문화학과,인문계열,45,467,45
91,2025,인공지능학과,공학계열,31,738,34
91,2025,인문학기반자유전공학부,무전공,70,1398,71
91,2025,인문학부,인문계열,127,2717,135
91,2025,전자공학과,공학계열,95,2305,104
91,2025,중국문화학과,인문계열,39,336,39
91,2025,지식융합미디어학부,사회계열,150,2221,159
91,2025,컴퓨터공학과,공학계열,98,2088,104
91,2025,화공생명공학과,공학계열,97,2786,103
91,2025,화학과,자연계열,48,806,52
91,2025,AI기반자유전공학부,무전공,52,1132,51
91,2025,SCIENCE기반자유전공학부,무전공,40,351,46
91,2026,게페르트국제학부,사회계열,21,152,21
91,2026,경영학부(경영학전공),사회계열,311,6096,345
91,2026,경제학과,사회계열,166,3225,175
91,2026,국어국문학과,인문계열,10,115,0
91,2026,글로벌융합학부,사회계열,55,137,55
91,2026,글로벌한국학부,인문계열,27,232,28
91,2026,기계공학과,공학계열,82,1715,89
91,2026,기타모집단위,인문계열,132,0,0
91,2026,물리학과,자연계열,47,950,48
91,2026,미디어&엔터테인먼트학과,사회계열,14,142,0
91,2026,반도체공학과,공학계열,32,386,36
91,2026,사학과,인문계열,10,144,0
91,2026,사회과학부,사회계열,84,2155,123
91,2026,사회학과,사회계열,11,152,0
91,2026,생명과학과,자연계열,51,855,54
91,2026,수학과,자연계열,50,947,53
91,2026,시스템반도체공학과,공학계열,30,1059,30
91,2026,신문방송학과,사회계열,18,184,0
91,2026,심리학과,인문계열,11,145,0
91,2026,아트&테크놀로지학과,공학계열,14,192,0
91,2026,영문학부,인문계열,91,1658,91
91,2026,유럽문화학과,인문계열,49,437,50
91,2026,인공지능학과,공학계열,39,757,40
91,2026,인문학기반자유전공학부,무전공,73,1419,72
91,2026,인문학부,인문계열,95,2328,140
91,2026,전자공학과,공학계열,82,2331,88
91,2026,정치외교학과,사회계열,11,126,0
91,2026,종교학과,인문계열,8,105,0
91,2026,중국문화학과,인문계열,51,328,51
91,2026,지식융합미디어학부,사회계열,124,1768,181
91,2026,철학과,인문계열,10,196,0
91,2026,컴퓨터공학과,공학계열,105,1958,109
91,2026,화공생명공학과,공학계열,98,2608,105
91,2026,화학과,자연계열,50,707,55
91,2026,AI기반자유전공학부,무전공,55,1271,53
91,2026,SCIENCE기반자유전공학부,무전공,40,1093,36
92,2024,경영학부,사회계열,96,1807,142
92,2024,경찰행정전공,사회계열,21,376,21
92,2024,공공인재전공,사회계열,43,623,43
92,2024,관광비즈니스한국어학과,사회계열,10,16,10
92,2024,관현악전공,예체능계열,30,155,29
92,2024,광고홍보영상학과,사회계열,30,111,45
92,2024,군사학과,사회계열,50,347,50
92,2024,글로벌메이크업디자인학과,예체능계열,26,37,26
92,2024,글로벌뷰티테라피&코스메틱학과,예체능계열,29,40,29
92,2024,글로벌비즈니스어학부,인문계열,86,1325,86
92,2024,금융정보공학과(이공대학),자연계열,44,658,44
92,2024,기타모집단위,인문계열,106,360,0
92,2024,나노화학생명공학과,자연계열,44,654,44
92,2024,도시공학과,공학계열,44,541,43
92,2024,메이크업디자인학과,예체능계열,34,596,35
92,2024,모델연기전공,예체능계열,31,384,31
92,2024,무대기술전공,예체능계열,20,187,20
92,2024,무대패션전공,예체능계열,25,177,25
92,2024,무용예술학부,예체능계열,50,903,50
92,2024,물류시스템공학과,공학계열,44,624,44
92,2024,물류유통경영학과,사회계열,30,6,6
92,2024,뮤지컬전공,예체능계열,30,690,31
92,2024,미용예술학과,예체능계열,100,0,0
92,2024,소프트웨어학과,공학계열,130,1982,130
92,2024,스포츠앤테크놀로지학과,예체능계열,30,597,30
92,2024,실용음악학부,예체능계열,44,4631,43
92,2024,아동청소년학과,사회계열,43,726,43
92,2024,아트앤테크놀로지학과,예체능계열,20,58,20
92,2024,연기전공,예체능계열,30,2278,30
92,2024,연출전공,예체능계열,10,178,10
92,2024,영화영상학과,예체능계열,30,1180,30
92,2024,전자컴퓨터공학과,공학계열,132,1845,132
92,2024,코스메틱&뷰티테라피학과,예체능계열,57,241,55
92,2024,토목건축공학과,공학계열,44,558,44
92,2024,피아노전공,예체능계열,10,82,10
92,2024,헤어디자인학과,예체능계열,269,771,189
92,2024,LF_라이프스타일디자인,예체능계열,35,1249,35
92,2024,VD_비주얼디자인,예체능계열,35,866,35
92,2025,관현악전공,예체능계열,30,137,31
92,2025,광고홍보영상학과,사회계열,45,187,44
92,2025,군사학과,사회계열,40,368,40
92,2025,글로벌관광경영학과,사회계열,18,22,18
92,2025,글로벌메이크업디자인학과,예체능계열,34,43,34
92,2025,글로벌뷰티테라피&코스메틱학과,예체능계열,57,70,57
92,2025,기타모집단위,인문계열,25,0,0
92,2025,메이크업디자인학과,예체능계열,33,641,32
92,2025,모델연기전공,예체능계열,32,398,32
92,2025,무대기술전공,예체능계열,20,217,20
92,2025,무대패션전공,예체능계열,25,181,25
92,2025,무용예술학부,예체능계열,44,940,44
92,2025,물류유통경영학과,사회계열,30,7,6
92,2025,뮤지컬전공,예체능계열,34,748,35
92,2025,미래융합학부1,무전공,397,4282,384
92,2025,미래융합학부2,무전공,339,3412,336
92,2025,미용예술학과,예체능계열,100,0,0
92,2025,스포츠앤테크놀로지학과,예체능계열,30,741,30
92,2025,실용음악학부,예체능계열,45,4973,45
92,2025,아트앤테크놀로지학과,예체능계열,20,51,20
92,2025,연기전공,예체능계열,30,2340,30
92,2025,연출전공,예체능계열,10,206,10
92,2025,영화영상학과,예체능계열,30,1153,30
92,2025,자유전공학부,무전공,88,1369,86
92,2025,코스메틱뷰티매니지먼트학과,예체능계열,78,337,65
92,2025,피아노전공,예체능계열,10,78,10
92,2025,헤어디자인학과,예체능계열,274,812,173
92,2025,LF_라이프스타일디자인,예체능계열,35,1239,35
92,2025,VD_비주얼디자인,예체능계열,35,1179,35
92,2026,관현악전공,예체능계열,31,178,31
92,2026,광고홍보영상학과,사회계열,30,221,30
92,2026,군사학과,사회계열,40,406,39
92,2026,글로벌관광경영학과,사회계열,24,35,24
92,2026,글로벌뷰티테라피&코스메틱학과,예체능계열,41,70,41
92,2026,글로벌융합학부1,사회계열,0,5,0
92,2026,글로벌융합학부2,예체능계열,9,11,9
92,2026,글로벌헤어&메이크업디자인학과,예체능계열,53,75,53
92,2026,기타모집단위,인문계열,25,0,0
92,2026,메이크업디자인학과,예체능계열,35,756,36
92,2026,모델연기전공,예체능계열,32,466,32
92,2026,무대기술전공,예체능계열,20,227,20
92,2026,무대패션전공,예체능계열,26,181,27
92,2026,무용예술학부,예체능계열,40,1149,40
92,2026,물류유통경영학과,사회계열,30,8,7
92,2026,뮤지컬전공,예체능계열,33,829,33
92,2026,미디어광고학과,사회계열,20,118,16
92,2026,미래융합학부1,무전공,330,3990,327
92,2026,미래융합학부2,무전공,329,4138,327
92,2026,뷰티디자인학과,예체능계열,9,24,8
92,2026,스포츠앤테크놀로지학과,예체능계열,31,942,31
92,2026,실용음악학부,예체능계열,47,5740,44
92,2026,아트앤테크놀로지학과,예체능계열,20,67,20
92,2026,연기전공,예체능계열,31,2436,31
92,2026,연출전공,예체능계열,10,303,10
92,2026,영화영상학과,예체능계열,30,1480,30
92,2026,인텔리전트경영학과,사회계열,40,160,4
92,2026,자유전공학부,무전공,90,1279,88
92,2026,코스메틱뷰티매니지먼트학과,예체능계열,79,528,79
92,2026,피아노전공,예체능계열,10,88,10
92,2026,헤어디자인학과,예체능계열,254,1355,227
92,2026,LF_라이프스타일디자인,예체능계열,36,1230,36
92,2026,VD_비주얼디자인,예체능계열,35,1081,35
93,2024,건설시스템공학과,공학계열,124,1354,124
93,2024,건설환경융합공학과,공학계열,40,194,41
93,2024,건축학부건축공학전공,공학계열,77,740,77
93,2024,건축학부건축학전공,공학계열,61,842,61
93,2024,경영학과(경영학전공),사회계열,65,602,65
93,2024,경영학과(글로벌테크노경영전공),사회계열,45,352,45
93,2024,글로벌한국어문화학부,인문계열,13,20,13
93,2024,금속공예디자인학과,예체능계열,48,502,48
93,2024,기계?자동차공학과,공학계열,181,2300,181
93,2024,기계시스템디자인공학과,공학계열,194,2284,194
93,2024,기타모집단위,인문계열,10,59,0
93,2024,도예학과,예체능계열,41,823,41
93,2024,디자인학과(산업디자인전공),예체능계열,47,324,47
93,2024,디자인학과(시각디자인전공),예체능계열,65,553,65
93,2024,문예창작학과,인문계열,43,513,43
93,2024,문화예술학과,인문계열,31,219,34
93,2024,미래에너지융합학과,공학계열,32,249,32
93,2024,벤처경영학과,사회계열,45,362,46
93,2024,산업공학과(산업정보시스템전공),공학계열,64,605,64
93,2024,산업공학과(ITM전공),공학계열,31,420,31
93,2024,스마트ICT융합공학과,공학계열,58,1075,58
93,2024,스포츠과학과,예체능계열,40,464,40
93,2024,식품생명공학과,자연계열,48,935,48
93,2024,신소재공학과,공학계열,80,1117,79
93,2024,안경광학과,공학계열,48,509,48
93,2024,안전공학과,공학계열,65,633,65
93,2024,영어과,인문계열,30,121,30
93,2024,영어영문학과,인문계열,32,251,32
93,2024,융합기계공학과,공학계열,40,291,40
93,2024,인공지능응용학과,공학계열,100,787,100
93,2024,전기정보공학과,공학계열,142,1866,142
93,2024,전자공학과,공학계열,89,1418,89
93,2024,정밀화학과,자연계열,50,695,50
93,2024,정보통신융합공학과,공학계열,26,258,30
93,2024,조형예술학과,예체능계열,39,344,39
93,2024,지능형반도체공학과,공학계열,31,225,31
93,2024,컴퓨터공학과,공학계열,74,2246,75
93,2024,행정학과,사회계열,55,736,55
93,2024,헬스피트니스학과,예체능계열,30,106,30
93,2024,화공생명공학과,공학계열,75,1605,75
93,2024,환경공학과,자연계열,51,936,51
93,2024,MSDE학과,공학계열,43,444,43
93,2025,건설시스템공학과,공학계열,94,798,94
93,2025,건설환경융합공학과,공학계열,20,164,21
93,2025,건축학부건축공학전공,공학계열,66,557,66
93,2025,건축학부건축학전공,공학계열,56,671,56
93,2025,경영학과(경영학전공),사회계열,71,602,71
93,2025,경영학과(글로벌테크노경영전공),사회계열,45,365,43
93,2025,글로벌한국어문화학부,인문계열,10,25,11
93,2025,금속공예디자인학과,예체능계열,44,474,44
93,2025,기계?자동차공학과,공학계열,147,1266,147
93,2025,기계시스템디자인공학과,공학계열,153,1344,153
93,2025,기타모집단위,인문계열,10,0,0
93,2025,도예학과,예체능계열,37,416,37
93,2025,디자인학과(산업디자인전공),예체능계열,48,334,48
93,2025,디자인학과(시각디자인전공),예체능계열,65,598,65
93,2025,문예창작학과,인문계열,38,471,38
93,2025,문화예술학과,인문계열,27,194,28
93,2025,미래에너지융합학과,공학계열,22,254,22
93,2025,벤처경영학과,사회계열,17,275,19
93,2025,산업공학과(산업정보시스템전공),공학계열,55,632,55
93,2025,산업공학과(ITM전공),공학계열,29,266,29
93,2025,스마트ICT융합공학과,공학계열,41,593,41
93,2025,스포츠과학과,예체능계열,36,521,36
93,2025,식품생명공학과,자연계열,43,663,43
93,2025,신소재공학과,공학계열,64,766,64
93,2025,안경광학과,공학계열,42,594,42
93,2025,안전공학과,공학계열,53,419,53
93,2025,에너지신기술융합학과(계약학과),공학계열,35,35,34
93,2025,영어과,인문계열,26,117,27
93,2025,영어영문학과,인문계열,30,302,30
93,2025,융합기계공학과,공학계열,20,224,20
93,2025,인공지능응용학과,공학계열,70,637,70
93,2025,자유전공학부(공과대학),공학계열,73,697,73
93,2025,자유전공학부(기술경영융합대학),무전공,14,94,14
93,2025,자유전공학부(미래융합대학),무전공,72,417,72
93,2025,자유전공학부(에너지바이오대학),무전공,24,324,24
93,2025,자유전공학부(인문사회대학),무전공,12,454,12
93,2025,자유전공학부(정보통신대학),공학계열,35,244,35
93,2025,자유전공학부(창의융합대학),공학계열,69,726,69
93,2025,전기정보공학과,공학계열,107,949,107
93,2025,전자공학과,공학계열,67,800,67
93,2025,정밀화학과,자연계열,44,534,44
93,2025,정보통신융합공학과,공학계열,33,352,36
93,2025,조형예술학과,예체능계열,35,391,35
93,2025,지능형반도체공학과,공학계열,56,491,56
93,2025,컴퓨터공학과,공학계열,71,978,71
93,2025,행정학과,사회계열,43,350,43
93,2025,헬스피트니스학과,예체능계열,26,127,26
93,2025,화공생명공학과,공학계열,62,1416,62
93,2025,환경공학과,자연계열,45,655,45
93,2025,MSDE학과,공학계열,40,311,40
93,2025,ST자유전공학부,무전공,203,7821,203
93,2026,건설시스템공학과,공학계열,111,823,111
93,2026,건설환경융합공학과,공학계열,20,120,20
93,2026,건축학부건축공학전공,공학계열,67,591,67
93,2026,건축학부건축학전공,공학계열,59,582,59
93,2026,경영학과(경영학전공),사회계열,89,680,89
93,2026,경영학과(글로벌테크노경영전공),사회계열,51,405,51
93,2026,글로벌자유전공학부 공과계열,공학계열,5,16,5
93,2026,글로벌자유전공학부 디자인계열,예체능계열,0,1,0
93,2026,글로벌자유전공학부 에너지바이오계열,공학계열,0,3,0
93,2026,글로벌자유전공학부 인문사회계열,사회계열,21,35,21
93,2026,글로벌자유전공학부 정보통신계열,공학계열,5,9,5
93,2026,글로벌자유전공학부 컴퓨터공학계열,공학계열,4,16,4
93,2026,글로벌한국어문화학과,인문계열,8,11,8
93,2026,글로벌IT컨버전스학과,공학계열,16,33,16
93,2026,금속공예디자인학과,예체능계열,45,468,45
93,2026,기계공학과,공학계열,138,1133,136
93,2026,기계시스템공학부 미래자동차전공,공학계열,57,379,57
93,2026,기계시스템공학부 지능형로봇전공,공학계열,89,759,89
93,2026,기타모집단위,인문계열,10,0,0
93,2026,도예학과,예체능계열,39,898,39
93,2026,디자인학과(산업디자인전공),예체능계열,48,335,48
93,2026,디자인학과(시각디자인전공),예체능계열,65,509,65
93,2026,문예창작학과,인문계열,36,389,36
93,2026,문화예술학과,인문계열,26,192,26
93,2026,미래에너지융합학과,공학계열,22,300,22
93,2026,바이오메디컬학과,자연계열,30,856,30
93,2026,벤처경영학과,사회계열,17,276,18
93,2026,산업공학과(산업정보시스템전공),공학계열,52,473,52
93,2026,산업공학과(ITM전공),공학계열,32,410,32
93,2026,스마트ICT융합공학과,공학계열,46,599,46
93,2026,스포츠과학과,예체능계열,38,593,38
93,2026,식품생명공학과,자연계열,41,584,41
93,2026,신소재공학과,공학계열,65,916,65
93,2026,안경광학과,공학계열,40,285,40
93,2026,안전공학과,공학계열,52,462,52
93,2026,에너지신기술융합학과(계약학과),공학계열,40,35,35
93,2026,영어과,인문계열,26,110,27
93,2026,영어영문학과,인문계열,28,745,27
93,2026,융합기계공학과,공학계열,20,173,20
93,2026,인공지능응용학과,공학계열,69,731,69
93,2026,자유전공학부(공과대학),공학계열,69,1137,68
93,2026,자유전공학부(기술경영융합대학),무전공,14,63,14
93,2026,자유전공학부(미래융합대학),무전공,72,466,72
93,2026,자유전공학부(에너지바이오대학),무전공,23,100,23
93,2026,자유전공학부(인문사회대학),무전공,12,61,12
93,2026,자유전공학부(정보통신대학),공학계열,28,261,28
93,2026,자유전공학부(창의융합대학),공학계열,69,1019,69
93,2026,전기정보공학과,공학계열,108,824,108
93,2026,전자공학과,공학계열,65,561,64
93,2026,정밀화학과,자연계열,42,434,42
93,2026,정보통신융합공학과,공학계열,33,338,40
93,2026,조형예술학과,예체능계열,38,390,38
93,2026,지능형반도체공학과,공학계열,56,596,56
93,2026,컴퓨터공학과,공학계열,99,980,99
93,2026,행정학과,사회계열,43,408,43
93,2026,헬스피트니스학과,예체능계열,26,83,27
93,2026,화공생명공학과,공학계열,58,973,58
93,2026,환경공학과,자연계열,73,931,73
93,2026,MSDE학과,공학계열,40,279,40
93,2026,ST자유전공학부,무전공,188,8012,188
94,2024,초등교육학과,교육계열,397,1767,0
94,2025,초등교육학과,교육계열,354,1485,0
94,2026,초등교육학과,교육계열,355,1800,0
95,2024,글로벌휴먼경영전공,사회계열,263,431,256
95,2024,기독교신학전공,인문계열,19,34,16
95,2024,기타모집단위,인문계열,2,0,0
95,2024,무용전공,예체능계열,20,64,20
95,2024,뮤지컬전공,예체능계열,9,25,9
95,2024,사회복지전공,사회계열,30,113,22
95,2024,상담심리전공,인문계열,9,26,9
95,2024,운동건강관리전공,예체능계열,11,42,7
95,2024,음악전공,예체능계열,21,28,21
95,2025,글로벌휴먼경영전공,사회계열,31,124,25
95,2025,기독교신학전공,인문계열,19,25,8
95,2025,무용전공,예체능계열,21,59,17
95,2025,뮤지컬전공,예체능계열,9,21,9
95,2025,사회복지전공,사회계열,30,110,28
95,2025,상담심리전공,인문계열,8,24,8
95,2025,운동건강관리전공,예체능계열,11,49,10
95,2025,음악전공,예체능계열,21,41,17
95,2025,AI경영전공,사회계열,135,217,135
95,2025,AI빅데이터융합전공,공학계열,50,112,50
95,2026,글로벌휴먼경영전공,사회계열,31,217,31
95,2026,기독교신학전공,인문계열,19,62,17
95,2026,무용전공,예체능계열,20,81,20
95,2026,뮤지컬전공,예체능계열,8,22,7
95,2026,사회복지전공,사회계열,30,175,29
95,2026,상담심리전공,인문계열,8,23,8
95,2026,운동건강관리전공,예체능계열,11,20,11
95,2026,음악전공,예체능계열,20,45,20
95,2026,AI경영전공,사회계열,158,221,158
95,2026,AI빅데이터융합전공,공학계열,68,111,68
96,2024,(공과대학)광역,공학계열,46,132,46
96,2024,간호대학,의약계열,71,580,0
96,2024,건설환경공학부,공학계열,56,376,55
96,2024,건축학과,공학계열,56,290,56
96,2024,경영대학,사회계열,150,721,0
96,2024,경제학부,사회계열,166,668,166
96,2024,고고미술사학과,인문계열,9,100,9
96,2024,공예과,예체능계열,16,149,16
96,2024,관현악과,예체능계열,48,382,48
96,2024,교육학과,교육계열,13,162,13
96,2024,국악과,예체능계열,28,286,28
96,2024,국어교육과,교육계열,26,196,26
96,2024,국어국문학과,인문계열,9,109,9
96,2024,기계공학부,공학계열,111,582,110
96,2024,기타모집단위,인문계열,27,0,0
96,2024,노어노문학과,인문계열,9,74,9
96,2024,농경제사회학부,사회계열,52,316,52
96,2024,독어교육과,교육계열,15,95,15
96,2024,독어독문학과,인문계열,9,66,9
96,2024,동양화과,예체능계열,16,100,16
96,2024,디자인과,예체능계열,31,430,31
96,2024,물리·천문학부(물리학전공),자연계열,47,288,47
96,2024,물리·천문학부(천문학전공),자연계열,11,110,11
96,2024,물리교육과,교육계열,24,142,24
96,2024,미학과,인문계열,9,108,9
96,2024,바이오시스템?소재학부,자연계열,42,386,42
96,2024,불어교육과,교육계열,15,99,15
96,2024,불어불문학과,인문계열,9,73,9
96,2024,사회교육과,교육계열,19,141,19
96,2024,사회복지학과,사회계열,20,174,20
96,2024,사회학과,사회계열,29,282,29
96,2024,산림과학부,자연계열,45,339,45
96,2024,산업공학과,공학계열,35,231,36
96,2024,생명과학부,자연계열,68,609,68
96,2024,생물교육과,교육계열,22,195,22
96,2024,서양화과,예체능계열,21,135,21
96,2024,서어서문학과,인문계열,9,77,9
96,2024,성악과,예체능계열,27,237,27
96,2024,소비자아동학부(소비자학전공),자연계열,26,258,26
96,2024,소비자아동학부(아동가족학전공),자연계열,24,204,24
96,2024,수리과학부,자연계열,40,240,40
96,2024,수의예과,자연계열,49,449,49
96,2024,수학교육과,교육계열,28,199,28
96,2024,식물생산과학부,자연계열,63,536,61
96,2024,식품?동물생명공학부,자연계열,49,456,48
96,2024,식품영양학과,자연계열,32,260,32
96,2024,심리학과,인문계열,26,208,26
96,2024,아시아언어문명학부,인문계열,9,100,9
96,2024,약학계열(6년제),의약계열,71,582,71
96,2024,언론정보학과,사회계열,22,205,23
96,2024,언어학과,인문계열,9,90,9
96,2024,에너지자원공학과,공학계열,25,197,25
96,2024,역사교육과,교육계열,18,111,18
96,2024,역사학부,인문계열,28,203,28
96,2024,영어교육과,교육계열,26,179,26
96,2024,영어영문학과,인문계열,9,113,9
96,2024,원자핵공학과,공학계열,33,290,33
96,2024,윤리교육과,교육계열,19,170,19
96,2024,음악대학,예체능계열,0,2,0
96,2024,음악학과,예체능계열,9,51,9
96,2024,응용생물화학부,자연계열,46,515,46
96,2024,의류학과,자연계열,31,225,31
96,2024,의예과,의약계열,138,1417,138
96,2024,인류학과,인문계열,22,239,22
96,2024,인문계열,인문계열,149,668,150
96,2024,자유전공학부,인문계열,131,818,131
96,2024,작곡과,예체능계열,14,44,14
96,2024,재료공학부,공학계열,92,549,92
96,2024,전기?정보공학부,공학계열,168,871,168
96,2024,정치외교학부,사회계열,79,552,79
96,2024,조경?지역시스템공학부,자연계열,40,293,40
96,2024,조선해양공학과,공학계열,46,324,46
96,2024,조소과,예체능계열,20,183,20
96,2024,종교학과,인문계열,9,105,9
96,2024,중어중문학과,인문계열,9,79,9
96,2024,지구과학교육과,교육계열,21,141,21
96,2024,지구환경과학부,자연계열,35,297,35
96,2024,지리교육과,교육계열,18,133,18
96,2024,지리학과,자연계열,24,155,24
96,2024,철학과,인문계열,9,187,9
96,2024,첨단융합학부,공학계열,229,1783,229
96,2024,체육교육과,교육계열,40,378,40
96,2024,컴퓨터공학부,공학계열,76,499,78
96,2024,통계학과,자연계열,31,223,31
96,2024,피아노과,예체능계열,25,216,24
96,2024,항공우주공학과,공학계열,40,262,40
96,2024,화학교육과,교육계열,22,158,22
96,2024,화학부,자연계열,50,342,50
96,2024,화학생물공학부,자연계열,90,525,88
96,2025,(공과대학)광역,공학계열,36,78,36
96,2025,(학부대학)광역,무전공,36,161,36
96,2025,간호대학,의약계열,69,512,0
96,2025,건설환경공학부,공학계열,54,394,54
96,2025,건축학과,공학계열,54,329,54
96,2025,경영대학,사회계열,147,676,0
96,2025,경제학부,사회계열,156,625,156
96,2025,고고미술사학과,인문계열,9,102,9
96,2025,공예과,예체능계열,17,118,17
96,2025,관현악과,예체능계열,48,361,47
96,2025,교육학과,교육계열,13,127,13
96,2025,국악과,예체능계열,28,281,28
96,2025,국어교육과,교육계열,27,132,28
96,2025,국어국문학과,인문계열,9,113,9
96,2025,기계공학부,공학계열,112,626,112
96,2025,기타모집단위,인문계열,16,0,0
96,2025,노어노문학과,인문계열,9,67,9
96,2025,농경제사회학부,사회계열,51,370,51
96,2025,독어교육과,교육계열,16,68,16
96,2025,독어독문학과,인문계열,9,56,9
96,2025,동양화과,예체능계열,16,84,16
96,2025,디자인과,예체능계열,33,395,33
96,2025,물리·천문학부(물리학전공),자연계열,48,289,48
96,2025,물리·천문학부(천문학전공),자연계열,12,95,12
96,2025,물리교육과,교육계열,23,137,23
96,2025,미학과,인문계열,9,122,9
96,2025,바이오시스템?소재학부,자연계열,39,396,39
96,2025,불어교육과,교육계열,15,80,15
96,2025,불어불문학과,인문계열,9,50,9
96,2025,사회교육과,교육계열,19,124,19
96,2025,사회복지학과,사회계열,19,161,19
96,2025,사회학과,사회계열,29,285,29
96,2025,산림과학부,자연계열,44,321,44
96,2025,산업공학과,공학계열,32,256,32
96,2025,생명과학부,자연계열,63,615,65
96,2025,생물교육과,교육계열,23,190,23
96,2025,서양화과,예체능계열,21,137,21
96,2025,서어서문학과,인문계열,9,65,9
96,2025,성악과,예체능계열,29,194,28
96,2025,소비자아동학부(소비자학전공),자연계열,29,225,29
96,2025,소비자아동학부(아동가족학전공),자연계열,25,193,25
96,2025,수리과학부,자연계열,38,195,38
96,2025,수의예과,자연계열,48,471,48
96,2025,수학교육과,교육계열,27,192,27
96,2025,스마트시스템과학과,자연계열,28,297,28
96,2025,식물생산과학부,자연계열,62,518,61
96,2025,식품?동물생명공학부,자연계열,44,420,43
96,2025,식품영양학과,자연계열,31,224,31
96,2025,심리학과,인문계열,25,202,25
96,2025,아시아언어문명학부,인문계열,9,89,9
96,2025,약학계열(6년제),의약계열,72,670,72
96,2025,언론정보학과,사회계열,22,189,23
96,2025,언어학과,인문계열,9,83,9
96,2025,에너지자원공학과,공학계열,27,240,27
96,2025,역사교육과,교육계열,19,161,19
96,2025,역사학부,인문계열,28,183,28
96,2025,영어교육과,교육계열,27,129,27
96,2025,영어영문학과,인문계열,9,106,10
96,2025,원자핵공학과,공학계열,34,289,34
96,2025,윤리교육과,교육계열,19,151,19
96,2025,음악학과,예체능계열,9,38,9
96,2025,응용생물화학부,자연계열,44,466,44
96,2025,의류학과,자연계열,30,212,30
96,2025,의예과,의약계열,137,1502,137
96,2025,인류학과,인문계열,21,235,22
96,2025,인문계열,인문계열,152,628,151
96,2025,자유전공학부,무전공,134,981,133
96,2025,작곡과,예체능계열,14,63,12
96,2025,재료공학부,공학계열,95,473,94
96,2025,전기?정보공학부,공학계열,172,896,173
96,2025,정치외교학부,사회계열,78,466,78
96,2025,조경?지역시스템공학부,자연계열,40,256,39
96,2025,조선해양공학과,공학계열,45,330,45
96,2025,조소과,예체능계열,22,145,22
96,2025,종교학과,인문계열,9,111,9
96,2025,중어중문학과,인문계열,9,72,9
96,2025,지구과학교육과,교육계열,22,146,22
96,2025,지구환경과학부,자연계열,37,305,36
96,2025,지리교육과,교육계열,18,94,18
96,2025,지리학과,자연계열,26,161,26
96,2025,철학과,인문계열,9,161,9
96,2025,첨단융합학부,공학계열,230,1654,229
96,2025,체육교육과,교육계열,40,287,40
96,2025,컴퓨터공학부,공학계열,76,487,78
96,2025,통계학과,자연계열,33,200,34
96,2025,피아노과,예체능계열,25,215,25
96,2025,항공우주공학과,공학계열,39,278,39
96,2025,화학교육과,교육계열,23,155,23
96,2025,화학부,자연계열,44,313,43
96,2025,화학생물공학부,자연계열,90,519,91
96,2026,(공과대학)광역,공학계열,36,81,36
96,2026,(학부대학)광역,무전공,36,126,36
96,2026,간호대학,의약계열,70,565,0
96,2026,건설환경도시공학부,공학계열,56,348,56
96,2026,건축학과,공학계열,51,265,51
96,2026,경영대학,사회계열,143,604,0
96,2026,경제학부,사회계열,160,655,159
96,2026,고고미술사학과,인문계열,9,103,8
96,2026,공예과,예체능계열,17,104,18
96,2026,관현악과,예체능계열,48,386,48
96,2026,교육학과,교육계열,13,124,13
96,2026,국악과,예체능계열,28,245,28
96,2026,국어교육과,교육계열,27,149,27
96,2026,국어국문학과,인문계열,9,92,9
96,2026,기계공학부,공학계열,112,551,112
96,2026,노어노문학과,인문계열,9,54,9
96,2026,농경제사회학부,사회계열,53,306,53
96,2026,독어교육과,교육계열,16,99,16
96,2026,독어독문학과,인문계열,9,58,9
96,2026,동양화과,예체능계열,16,86,16
96,2026,디자인과,예체능계열,35,373,35
96,2026,물리·천문학부(물리학전공),자연계열,46,291,46
96,2026,물리·천문학부(천문학전공),자연계열,14,107,14
96,2026,물리교육과,교육계열,22,169,22
96,2026,미학과,인문계열,9,113,9
96,2026,바이오시스템·소재학부,자연계열,40,406,40
96,2026,불어교육과,교육계열,16,87,15
96,2026,불어불문학과,인문계열,9,55,9
96,2026,사회교육과,교육계열,19,145,19
96,2026,사회복지학과,사회계열,21,195,21
96,2026,사회학과,사회계열,32,278,32
96,2026,산림과학부,자연계열,47,369,47
96,2026,산업공학과,공학계열,43,268,43
96,2026,생명과학부,자연계열,66,471,67
96,2026,생물교육과,교육계열,22,180,22
96,2026,서양화과,예체능계열,22,123,22
96,2026,서어서문학과,인문계열,9,62,9
96,2026,성악과,예체능계열,29,232,27
96,2026,소비자아동학부(소비자학전공),자연계열,29,196,29
96,2026,소비자아동학부(아동가족학전공),자연계열,24,168,24
96,2026,수리과학부,자연계열,39,181,39
96,2026,수의예과,자연계열,49,327,49
96,2026,수학교육과,교육계열,29,226,29
96,2026,스마트시스템과학과,자연계열,27,247,27
96,2026,식물생산과학부,자연계열,61,493,61
96,2026,식품·동물생명공학부,자연계열,46,390,45
96,2026,식품영양학과,자연계열,30,225,31
96,2026,심리학과,인문계열,26,200,26
96,2026,아시아언어문명학부,인문계열,9,89,10
96,2026,약학계열(6년제),의약계열,71,488,71
96,2026,언론정보학과,사회계열,24,186,24
96,2026,언어학과,인문계열,9,81,9
96,2026,에너지자원공학과,공학계열,25,229,25
96,2026,역사교육과,교육계열,19,106,19
96,2026,역사학부,인문계열,28,178,28
96,2026,영어교육과,교육계열,27,149,28
96,2026,영어영문학과,인문계열,9,83,9
96,2026,원자핵공학과,공학계열,33,265,33
96,2026,윤리교육과,교육계열,19,156,19
96,2026,음악학과,예체능계열,9,42,9
96,2026,응용생물화학부,자연계열,45,488,45
96,2026,의류학과,자연계열,31,211,31
96,2026,의예과,의약계열,138,1243,138
96,2026,인류학과,인문계열,24,196,24
96,2026,인문계열,인문계열,148,655,149
96,2026,자유전공학부,무전공,130,931,130
96,2026,작곡과,예체능계열,13,59,11
96,2026,재료공학부,공학계열,98,452,98
96,2026,전기·정보공학부,공학계열,174,687,173
96,2026,정치외교학부,사회계열,78,525,79
96,2026,조경·지역시스템공학부,자연계열,39,286,39
96,2026,조선해양공학과,공학계열,45,360,45
96,2026,조소과,예체능계열,20,156,20
96,2026,종교학과,인문계열,9,138,9
96,2026,중어중문학과,인문계열,9,67,9
96,2026,지구과학교육과,교육계열,21,122,21
96,2026,지구환경과학부,자연계열,35,283,35
96,2026,지리교육과,교육계열,20,120,20
96,2026,지리학과,자연계열,24,160,24
96,2026,철학과,인문계열,9,140,9
96,2026,첨단융합학부,공학계열,228,1332,227
96,2026,체육교육과,교육계열,40,296,40
96,2026,컴퓨터공학부,공학계열,92,429,97
96,2026,통계학과,자연계열,29,188,29
96,2026,피아노과,예체능계열,25,223,24
96,2026,항공우주공학과,공학계열,39,279,39
96,2026,화학교육과,교육계열,21,159,21
96,2026,화학부,자연계열,45,328,45
96,2026,화학생물공학부,자연계열,89,494,89
97,2024,관광경영학과,사회계열,32,0,34
97,2024,교회음악과,예체능계열,49,0,45
97,2024,글로벌경영학과,사회계열,34,0,35
97,2024,글로벌비즈니스학부,사회계열,0,336,0
97,2024,기독교교육과,교육계열,45,140,46
97,2024,기타모집단위,인문계열,37,0,0
97,2024,사회복지학과,사회계열,48,0,53
97,2024,신학과,인문계열,53,0,54
97,2024,신학부,인문계열,0,169,0
97,2024,실용음악과,예체능계열,37,0,31
97,2024,아동보육학과,교육계열,47,0,46
97,2024,아시아문화콘텐츠학부,인문계열,0,376,0
97,2024,예술학부,예체능계열,0,577,0
97,2024,유아교육과,교육계열,30,244,33
97,2024,일본어문화콘텐츠학과,인문계열,34,0,36
97,2024,중국언어문화콘텐츠학과,인문계열,33,0,32
97,2024,휴먼서비스학부,사회계열,0,590,0
97,2024,IT융합소프트웨어학과,공학계열,43,0,43
97,2024,IT융합학부,공학계열,0,274,0
97,2025,(국제)관광경영학과,사회계열,4,4,4
97,2025,(국제)글로벌경영학과,사회계열,0,1,0
97,2025,관광경영학과,사회계열,28,156,31
97,2025,교회음악과,예체능계열,38,97,34
97,2025,글로벌경영학과,사회계열,32,127,34
97,2025,기독교교육과,교육계열,41,132,41
97,2025,기타모집단위,인문계열,37,0,0
97,2025,데이터사이언스학과,공학계열,20,88,19
97,2025,사회복지학과,사회계열,43,327,48
97,2025,신학과,인문계열,48,152,47
97,2025,실용음악과,예체능계열,34,464,28
97,2025,아동보육학과,교육계열,38,170,36
97,2025,유아교육과,교육계열,28,207,29
97,2025,일본어문화콘텐츠학과,인문계열,31,192,32
97,2025,자율전공학부,무전공,31,145,31
97,2025,중국언어문화콘텐츠학과,인문계열,30,176,28
97,2025,IT융합학부,공학계열,67,329,70
97,2026,(국제)관광경영학과,사회계열,47,71,47
97,2026,(국제)글로벌경영학과,사회계열,39,153,39
97,2026,(국제)글로벌한국어학과,인문계열,45,77,45
97,2026,(국제)컴퓨터공학과,공학계열,46,91,46
97,2026,관광경영학과,사회계열,30,202,31
97,2026,교회음악과,예체능계열,35,62,31
97,2026,글로벌경영학과,사회계열,31,139,34
97,2026,기독교교육과,교육계열,43,146,43
97,2026,기타모집단위,인문계열,32,0,0
97,2026,데이터사이언스학과,공학계열,20,152,19
97,2026,사회복지학과,사회계열,42,323,51
97,2026,신학과,인문계열,45,170,45
97,2026,실용음악과,예체능계열,34,532,28
97,2026,아동보육학과,교육계열,33,180,34
97,2026,유아교육과,교육계열,30,216,30
97,2026,일본어문화콘텐츠학과,인문계열,32,177,33
97,2026,자율전공학부,무전공,34,469,33
97,2026,중국언어문화콘텐츠학과,인문계열,31,106,29
97,2026,IT융합학부,공학계열,66,330,68
98,2024,경영학과,사회계열,109,969,112
98,2024,경제학과,사회계열,56,774,56
98,2024,공예전공,예체능계열,32,929,32
98,2024,과학기술융합대학,자연계열,28,187,28
98,2024,교육심리학과,교육계열,32,342,32
98,2024,국어국문학과,인문계열,62,530,62
98,2024,기독교학과,인문계열,29,180,29
98,2024,기타모집단위,인문계열,54,0,0
98,2024,데이터사이언스학과,공학계열,42,345,42
98,2024,독일문화콘텐츠전공,인문계열,38,590,38
98,2024,디지털미디어학과,사회계열,60,515,63
98,2024,메타버스융합콘텐츠전공,인문계열,31,464,31
98,2024,문헌정보학과,인문계열,34,401,35
98,2024,미래산업융합대학,공학계열,23,228,23
98,2024,바이오헬스융합학과,자연계열,41,747,41
98,2024,사학과,인문계열,31,374,31
98,2024,사회과학대학,사회계열,34,181,34
98,2024,사회복지학과,사회계열,49,617,52
98,2024,산업디자인학과,예체능계열,40,965,40
98,2024,생명환경공학과,자연계열,32,716,32
98,2024,소프트웨어융합학과,공학계열,39,283,40
98,2024,수학과,자연계열,31,261,31
98,2024,스포츠운동과학과,예체능계열,36,496,36
98,2024,시각디자인전공,예체능계열,37,1279,38
98,2024,식품공학과,자연계열,47,518,48
98,2024,식품영양학과,자연계열,47,580,49
98,2024,아동학과,사회계열,68,899,70
98,2024,언론영상학부,사회계열,92,941,97
98,2024,영어영문학과,인문계열,55,711,55
98,2024,원예생명조경학과,자연계열,56,824,57
98,2024,인문대학,인문계열,25,189,25
98,2024,일어일문학과,인문계열,48,662,48
98,2024,자율전공학부(인문사회계열),인문계열,51,612,52
98,2024,자율전공학부(자연계열),자연계열,26,335,26
98,2024,정보보호학부,공학계열,62,465,63
98,2024,중어중문학과,인문계열,34,438,34
98,2024,첨단미디어디자인전공,예체능계열,24,235,24
98,2024,패션산업학과,자연계열,42,574,45
98,2024,프랑스문화콘텐츠전공,인문계열,34,416,34
98,2024,행정학과,사회계열,52,781,54
98,2024,현대미술전공,예체능계열,36,269,37
98,2024,화학과,자연계열,42,539,42
98,2025,경영학과,사회계열,98,845,102
98,2025,경제학과,사회계열,55,668,56
98,2025,공예전공,예체능계열,33,844,33
98,2025,과학기술융합자유전공,무전공,37,298,37
98,2025,국어국문학과,인문계열,63,552,63
98,2025,글로벌통상학부,사회계열,90,98,90
98,2025,기독교학과,인문계열,30,279,30
98,2025,기타모집단위,인문계열,54,0,0
98,2025,데이터사이언스학과,공학계열,43,440,43
98,2025,독일문화콘텐츠전공,인문계열,34,436,34
98,2025,디지털미디어학과,사회계열,57,503,58
98,2025,메타버스융합콘텐츠전공,인문계열,28,452,28
98,2025,문헌정보학과,인문계열,30,405,30
98,2025,미래산업융합자유전공,무전공,30,154,30
98,2025,바이오헬스융합학과,자연계열,45,754,44
98,2025,사학과,인문계열,27,403,27
98,2025,사회과학자유전공,사회계열,44,381,44
98,2025,사회복지학과,사회계열,46,570,48
98,2025,산업디자인학과,예체능계열,40,723,41
98,2025,생명환경공학과,자연계열,31,681,32
98,2025,소프트웨어융합학과,공학계열,34,250,34
98,2025,수학과,자연계열,27,224,27
98,2025,스포츠운동과학과,예체능계열,38,389,38
98,2025,시각디자인전공,예체능계열,41,1383,44
98,2025,식품공학과,자연계열,42,393,42
98,2025,식품영양학과,자연계열,46,475,49
98,2025,심리?인지과학학부,인문계열,40,572,40
98,2025,아동학과,사회계열,64,850,67
98,2025,언론영상학부,사회계열,83,1210,89
98,2025,영어영문학과,인문계열,53,765,53
98,2025,원예생명조경학과,자연계열,50,780,50
98,2025,인문자유전공,무전공,33,170,33
98,2025,일어일문학과,인문계열,44,610,44
98,2025,자유전공학부,무전공,149,1311,149
98,2025,중어중문학과,인문계열,35,449,35
98,2025,지능정보보호학부,공학계열,50,421,51
98,2025,첨단미디어디자인전공,예체능계열,27,239,27
98,2025,패션산업학과,자연계열,39,516,41
98,2025,프랑스문화콘텐츠전공,인문계열,30,564,30
98,2025,행정학과,사회계열,48,554,48
98,2025,현대미술전공,예체능계열,36,428,37
98,2025,화학과,자연계열,38,495,38
98,2026,경영학과,사회계열,105,913,107
98,2026,경제학과,사회계열,47,645,49
98,2026,공예_컬렉터블디자인전공,예체능계열,32,692,34
98,2026,과학기술융합자유전공,무전공,33,450,0
98,2026,국어국문학과,인문계열,54,645,54
98,2026,글로벌통상학부,사회계열,147,180,147
98,2026,기독교학과,인문계열,29,289,29
98,2026,기타모집단위,인문계열,54,0,0
98,2026,데이터사이언스학과,공학계열,45,458,45
98,2026,독일문화콘텐츠전공,인문계열,34,606,34
98,2026,디지털미디어학과,사회계열,57,630,58
98,2026,메타버스융합콘텐츠전공,인문계열,29,719,0
98,2026,문헌정보학과,인문계열,30,386,31
98,2026,미래산업융합자유전공,무전공,27,148,0
98,2026,바이오헬스융합학과,자연계열,44,716,44
98,2026,사학과,인문계열,27,356,27
98,2026,사회과학자유전공,사회계열,40,186,0
98,2026,사회복지학과,사회계열,47,769,47
98,2026,산업디자인학과,예체능계열,43,639,43
98,2026,생명환경공학과,자연계열,32,442,32
98,2026,소프트웨어학과,공학계열,34,230,34
98,2026,수학과,자연계열,27,291,27
98,2026,스포츠운동과학과,예체능계열,36,356,36
98,2026,시각디자인전공,예체능계열,37,1274,39
98,2026,식품생명공학과,자연계열,42,734,46
98,2026,식품영양학과,자연계열,44,431,48
98,2026,심리·인지과학학부,인문계열,45,480,46
98,2026,아동학과,사회계열,59,593,62
98,2026,언론영상학부,사회계열,68,728,71
98,2026,영어영문학과,인문계열,54,564,54
98,2026,원예생명조경학과,자연계열,51,517,52
98,2026,인문자유전공,무전공,29,178,0
98,2026,일어일문학과,인문계열,42,624,42
98,2026,자유전공학부,무전공,138,3976,0
98,2026,중어중문학과,인문계열,33,700,33
98,2026,지능정보보호학부,공학계열,50,386,51
98,2026,첨단미디어디자인전공,예체능계열,26,263,27
98,2026,패션산업학과,자연계열,37,397,40
98,2026,프랑스문화콘텐츠전공,인문계열,31,408,31
98,2026,행정학과,사회계열,46,552,47
98,2026,현대미술전공,예체능계열,36,457,36
98,2026,화학과,자연계열,38,579,38
99,2024,목회실천학부,인문계열,26,66,0
99,2024,복지상담학부,사회계열,45,112,0
99,2024,실용음악과,예체능계열,23,42,21
99,2025,복지상담학부,사회계열,49,214,0
99,2025,신학부,인문계열,26,59,0
99,2025,실용음악과,예체능계열,25,55,21
99,2026,글로벌복지경영학과,사회계열,195,202,195
99,2026,글로벌복지IT경영학과,사회계열,26,28,25
99,2026,글로벌사회복지학과,사회계열,105,108,103
99,2026,복지상담학부,사회계열,48,514,0
99,2026,신학과,인문계열,26,66,25
99,2026,실용음악과,예체능계열,23,66,22
100,2024,기타모집단위,인문계열,24,0,0
100,2024,사회복지상담학과,사회계열,2,2,2
100,2024,사회복지학과,사회계열,51,286,51
100,2024,상담심리학과,인문계열,49,299,49
100,2024,신학과,인문계열,16,52,16
100,2024,아동보육학과,교육계열,40,219,40
100,2024,재활복지학과,사회계열,39,180,39
100,2025,기타모집단위,인문계열,38,0,0
100,2025,사회복지상담학과,사회계열,0,2,2
100,2025,사회복지학과,사회계열,234,658,237
100,2025,상담심리학과,인문계열,45,401,49
100,2025,신학과,인문계열,16,100,19
100,2025,아동보육학과,교육계열,41,273,41
100,2025,재활복지학과,사회계열,35,247,36
100,2026,국제학부,사회계열,189,198,189
100,2026,기타모집단위,인문계열,26,0,0
100,2026,사회복지학과,사회계열,45,517,55
100,2026,상담심리학과,인문계열,45,415,49
100,2026,신학과,인문계열,16,82,17
100,2026,아동보육학과,교육계열,40,391,41
100,2026,재활복지학과,사회계열,35,438,36
101,2024,건축학과,공학계열,50,320,50
101,2024,경영학부,사회계열,92,584,92
101,2024,경찰행정학부,사회계열,90,577,101
101,2024,광고홍보학과,사회계열,40,291,40
101,2024,교육학과,교육계열,22,120,24
101,2024,국어교육과,교육계열,25,153,26
101,2024,기타모집단위,인문계열,121,0,0
101,2024,디자인학과,예체능계열,40,230,41
101,2024,레저스포츠학부,예체능계열,90,715,93
101,2024,미디어콘텐츠학부,사회계열,65,366,68
101,2024,바이오코스메틱학과,공학계열,40,144,41
101,2024,뷰티학과,예체능계열,70,471,70
101,2024,비전학부,사회계열,299,180,125
101,2024,사회교육과,교육계열,25,126,27
101,2024,사회복지학부,사회계열,81,424,82
101,2024,상담심리학과,인문계열,51,276,53
101,2024,생물교육과,교육계열,25,99,27
101,2024,소방행정학과,사회계열,50,296,55
101,2024,소프트웨어학과,공학계열,25,166,25
101,2024,수학교육과,교육계열,25,169,27
101,2024,식품공학과,자연계열,30,192,31
101,2024,식품영양학과,자연계열,40,231,41
101,2024,아동복지학과,사회계열,40,184,40
101,2024,역사교육과,교육계열,25,103,27
101,2024,영어교육과,교육계열,25,119,27
101,2024,웹툰콘텐츠학과,예체능계열,40,442,51
101,2024,유아교육과,교육계열,32,179,35
101,2024,윤리교육과,교육계열,23,114,24
101,2024,음악교육과,교육계열,23,94,23
101,2024,응급구조학과,의약계열,30,417,34
101,2024,제약공학과,자연계열,40,172,41
101,2024,체육교육과,교육계열,42,352,46
101,2024,컴퓨터공학과,공학계열,40,288,41
101,2024,패션의류학과,자연계열,55,483,64
101,2024,항공관광학과,사회계열,40,233,41
101,2024,헬스케어운동학과,의약계열,60,392,63
101,2024,호텔외식조리학부,자연계열,100,657,109
101,2024,환경공학과,자연계열,25,135,25
101,2024,K-culture학과,인문계열,236,315,236
101,2025,건축학과,공학계열,40,268,41
101,2025,경영학부,사회계열,93,544,95
101,2025,경찰행정학부,사회계열,90,529,96
101,2025,광고홍보학과,사회계열,40,278,40
101,2025,교육학과,교육계열,22,173,23
101,2025,국어교육과,교육계열,25,123,27
101,2025,기타모집단위,인문계열,89,0,0
101,2025,디자인학과,예체능계열,40,209,42
101,2025,레저스포츠학부,예체능계열,90,778,94
101,2025,미디어콘텐츠학부,사회계열,66,433,68
101,2025,바이오코스메틱학과,공학계열,40,161,40
101,2025,뷰티학과,예체능계열,71,587,76
101,2025,비전학부,사회계열,221,203,154
101,2025,사회교육과,교육계열,25,148,26
101,2025,사회복지학부,사회계열,70,430,72
101,2025,상담심리학과,인문계열,50,257,51
101,2025,생물교육과,교육계열,25,139,27
101,2025,소방행정학과,사회계열,50,282,52
101,2025,수학교육과,교육계열,25,132,27
101,2025,식품공학과,자연계열,30,146,31
101,2025,식품영양학과,자연계열,40,216,41
101,2025,아동복지학과,사회계열,30,214,31
101,2025,역사교육과,교육계열,25,200,27
101,2025,영어교육과,교육계열,25,145,25
101,2025,웹툰콘텐츠학과,예체능계열,40,452,46
101,2025,유아교육과,교육계열,32,196,35
101,2025,윤리교육과,교육계열,23,119,25
101,2025,음악교육과,교육계열,23,123,25
101,2025,응급구조학과,의약계열,50,364,54
101,2025,제약공학과,자연계열,40,169,41
101,2025,체육교육과,교육계열,42,249,46
101,2025,컴퓨터공학과,공학계열,40,224,41
101,2025,패션의류학과,자연계열,55,506,70
101,2025,항공관광학과,사회계열,40,301,41
101,2025,헬스케어운동학과,의약계열,60,475,64
101,2025,호텔외식조리학부,자연계열,100,766,106
101,2025,환경공학과,자연계열,25,186,25
101,2025,AI소프트웨어학과,공학계열,35,191,35
101,2025,K-culture학과,인문계열,175,219,175
101,2026,건축학과,공학계열,40,358,41
101,2026,경영학부,사회계열,92,704,93
101,2026,경찰행정학부,사회계열,91,543,99
101,2026,광고홍보학과,사회계열,40,285,40
101,2026,교육학과,교육계열,22,249,24
101,2026,국어교육과,교육계열,25,277,27
101,2026,기타모집단위,인문계열,89,0,0
101,2026,디자인학과,예체능계열,40,214,42
101,2026,레저스포츠학부,예체능계열,80,810,82
101,2026,미디어콘텐츠학부,사회계열,60,432,61
101,2026,바이오코스메틱학과,공학계열,40,230,40
101,2026,뷰티학과,예체능계열,70,607,74
101,2026,비전학부,사회계열,295,308,225
101,2026,사회교육과,교육계열,25,264,27
101,2026,사회복지학부,사회계열,60,534,60
101,2026,상담심리학과,인문계열,50,336,51
101,2026,생물교육과,교육계열,25,170,27
101,2026,소방행정학과,사회계열,50,295,53
101,2026,수학교육과,교육계열,25,157,27
101,2026,식품공학과,자연계열,30,121,30
101,2026,식품영양학과,자연계열,40,245,40
101,2026,아동복지학과,사회계열,30,157,31
101,2026,역사교육과,교육계열,25,234,27
101,2026,영어교육과,교육계열,25,246,27
101,2026,웹툰콘텐츠학과,예체능계열,40,368,43
101,2026,유아교육과,교육계열,32,302,35
101,2026,윤리교육과,교육계열,23,223,25
101,2026,음악교육과,교육계열,23,78,25
101,2026,응급구조학과,의약계열,50,536,52
101,2026,자유전공학부,무전공,30,194,30
101,2026,제약공학과,자연계열,40,213,40
101,2026,체육교육과,교육계열,42,421,46
101,2026,컴퓨터공학과,공학계열,40,274,40
101,2026,패션의류학과,자연계열,50,392,60
101,2026,항공관광학과,사회계열,40,351,44
101,2026,헬스케어운동학과,의약계열,60,761,67
101,2026,호텔외식조리학부,자연계열,102,881,116
101,2026,환경공학과,자연계열,25,381,25
101,2026,AI소프트웨어학과,공학계열,36,273,36
101,2026,K-culture학부,인문계열,136,178,136
102,2024,간호학과,의약계열,106,1194,106
102,2024,건강보건대학,의약계열,154,597,44
102,2024,공과대학,공학계열,479,1593,207
102,2024,글로벌비즈니스대학,사회계열,516,1942,0
102,2024,물리치료학과,의약계열,51,614,52
102,2024,소프트웨어융합대학,공학계열,267,954,113
102,2024,신학과,인문계열,47,59,47
102,2024,예술체육대학,예체능계열,229,1072,13
102,2024,응급구조학과,의약계열,51,289,51
102,2024,인문사회대학,인문계열,344,1719,75
102,2024,치위생학과,의약계열,48,471,48
102,2025,간호학과,의약계열,105,1147,105
102,2025,건강보건대학,자연계열,145,476,146
102,2025,공과대학,공학계열,261,804,263
102,2025,글로벌관광학부,사회계열,23,86,23
102,2025,글로벌비즈니스대학,사회계열,457,1362,457
102,2025,글로벌자유전공학부,무전공,93,167,93
102,2025,디자인학부,예체능계열,55,185,55
102,2025,무도학부,예체능계열,57,178,57
102,2025,물리치료학과,의약계열,50,671,50
102,2025,스포츠과학부,예체능계열,73,438,73
102,2025,신학과,인문계열,49,64,49
102,2025,영화영상학과,예체능계열,34,196,34
102,2025,예술체육대학,예체능계열,25,163,26
102,2025,응급구조학과,의약계열,51,310,51
102,2025,인문사회대학,인문계열,339,1086,343
102,2025,자유전공학부,무전공,111,367,111
102,2025,치위생학과,의약계열,45,552,46
102,2025,특화산업융합대학,공학계열,418,1170,419
102,2026,간호학과,의약계열,109,719,109
102,2026,모빌리티시스템공학과,공학계열,10,37,10
102,2026,물리치료학과,의약계열,47,383,47
102,2026,스마트팩토리융합공학과,공학계열,9,23,9
102,2026,신학과,인문계열,46,60,46
102,2026,예체능,예체능계열,274,1303,274
102,2026,응급구조학과,의약계열,49,263,49
102,2026,이공,무전공,865,3243,865
102,2026,인문,인문계열,852,3227,852
102,2026,자유전공,무전공,254,849,254
102,2026,치위생학과,의약계열,52,289,52
102,2026,AI모빌리티융합공학과,공학계열,6,27,6
103,2024,경영학과,사회계열,91,683,91
103,2024,관광개발학과,사회계열,40,282,40
103,2024,국어국문학과,인문계열,37,313,37
103,2024,국제개발협력학과,사회계열,42,282,42
103,2024,글로벌물류학부,사회계열,81,586,81
103,2024,기독교교육상담학과,인문계열,40,173,40
103,2024,도시디자인정보공학과,공학계열,37,343,37
103,2024,문화선교학과,인문계열,30,113,30
103,2024,미디어소프트웨어학과,공학계열,75,677,75
103,2024,뷰티디자인학과,예체능계열,43,591,42
103,2024,사회복지학과,사회계열,105,878,105
103,2024,산업경영공학과,공학계열,65,445,65
103,2024,신학과,인문계열,45,148,45
103,2024,실용음악과,예체능계열,28,115,28
103,2024,연기예술학과,예체능계열,27,968,27
103,2024,영어영문학과,인문계열,82,647,82
103,2024,영화영상학과,예체능계열,37,893,37
103,2024,유아교육과,교육계열,44,412,44
103,2024,음악학부,예체능계열,25,86,25
103,2024,정보통신공학과,공학계열,76,687,76
103,2024,중어중문학과,인문계열,42,302,42
103,2024,체육교육과,교육계열,44,462,44
103,2024,컴퓨터공학과,공학계열,76,709,76
103,2024,행정학과,사회계열,84,534,84
103,2025,경영학과,사회계열,61,554,61
103,2025,관광학과,사회계열,36,269,36
103,2025,국어국문학과,인문계열,33,241,33
103,2025,국제개발협력학과,사회계열,35,404,35
103,2025,글로벌경영기술대학자율전공학부,사회계열,34,145,34
103,2025,글로벌물류학과,사회계열,69,358,69
103,2025,기독교교육상담학과,인문계열,40,216,40
103,2025,도시디자인정보공학과,공학계열,32,308,32
103,2025,미디어소프트웨어학과,공학계열,63,462,63
103,2025,뷰티디자인학과,예체능계열,47,610,47
103,2025,사회과학대학자율전공학부,사회계열,37,156,37
103,2025,사회복지학과,사회계열,72,602,72
103,2025,산업경영공학과,공학계열,55,395,55
103,2025,신학과,인문계열,46,290,46
103,2025,신학대학자율전공학부,인문계열,15,55,15
103,2025,실용음악과,예체능계열,28,104,28
103,2025,연기예술학과,예체능계열,27,1009,27
103,2025,영어영문학과,인문계열,53,309,53
103,2025,영화영상학과,예체능계열,37,854,37
103,2025,유아교육과,교육계열,44,386,44
103,2025,음악학부,예체능계열,21,103,21
103,2025,인문대학자율전공학부,인문계열,22,200,22
103,2025,자율전공학부,무전공,101,636,101
103,2025,정보통신공학과,공학계열,64,432,64
103,2025,중어중문학과,인문계열,35,233,35
103,2025,체육교육과,교육계열,44,396,44
103,2025,컴퓨터공학과,공학계열,64,593,64
103,2025,행정학부,사회계열,54,343,54
103,2025,IT공과대학자율전공학부,공학계열,42,299,42
103,2026,경영학과,사회계열,58,727,58
103,2026,공학계열자율전공학부,공학계열,52,538,52
103,2026,관광학과,사회계열,33,297,33
103,2026,국어국문학과,인문계열,32,347,32
103,2026,국제개발협력학과,사회계열,35,412,35
103,2026,글로벌물류학과,사회계열,68,633,68
103,2026,기독교교육상담학과,인문계열,40,398,40
103,2026,기타모집단위,인문계열,24,0,0
103,2026,도시디자인정보공학과,공학계열,32,440,32
103,2026,미디어소프트웨어학과,공학계열,63,523,63
103,2026,뷰티디자인학과,예체능계열,42,825,42
103,2026,사회복지학과,사회계열,70,834,70
103,2026,산업경영공학과,공학계열,55,484,55
103,2026,신학과,인문계열,45,249,45
103,2026,실용음악예술학과,예체능계열,35,219,35
103,2026,연기예술학과,예체능계열,27,1217,27
103,2026,영어영문학과,인문계열,52,604,52
103,2026,영화영상학과,예체능계열,37,1376,37
103,2026,유아교육과,교육계열,44,507,44
103,2026,융합학부,자연계열,13,190,13
103,2026,인문사회계열자율전공학부,무전공,100,1985,100
103,2026,자율전공학부,무전공,102,1900,101
103,2026,정보통신공학과,공학계열,64,602,64
103,2026,중어중문학과,인문계열,35,321,35
103,2026,체육교육과,교육계열,44,598,44
103,2026,컴퓨터공학과,공학계열,63,572,63
103,2026,행정학부,사회계열,54,452,54
104,2024,경영학부(인문사회),사회계열,52,332,52
104,2024,국제학부,사회계열,13,30,13
104,2024,미디어콘텐츠융합학부,사회계열,97,733,97
104,2024,미래융합학부,사회계열,52,321,52
104,2024,사회융합학부,사회계열,106,692,106
104,2024,소프트웨어융합학부,공학계열,138,565,138
104,2024,인문융합콘텐츠학부,인문계열,86,454,86
104,2025,경영학부(인문사회),사회계열,53,351,52
104,2025,국제학부,사회계열,6,41,6
104,2025,기타모집단위,인문계열,10,0,0
104,2025,미디어콘텐츠융합학부,사회계열,99,682,97
104,2025,미래융합학부,사회계열,53,373,53
104,2025,사회융합학부,사회계열,108,703,108
104,2025,소프트웨어융합학부,공학계열,139,720,137
104,2025,인문융합콘텐츠학부,인문계열,87,437,85
104,2026,경영학부(인문사회),사회계열,40,294,41
104,2026,국제학부,사회계열,28,30,28
104,2026,기타모집단위,인문계열,10,0,0
104,2026,미디어콘텐츠융합학부,사회계열,74,834,75
104,2026,미래융합학부,사회계열,41,209,45
104,2026,사회융합학부,사회계열,79,781,79
104,2026,소프트웨어융합학부,공학계열,103,463,103
104,2026,인문융합콘텐츠학부,인문계열,64,372,71
104,2026,자유전공학부,무전공,128,764,151
105,2024,건축학과,공학계열,45,586,44
105,2024,경영학과,사회계열,288,4980,288
105,2024,공학계열,공학계열,712,14788,708
105,2024,교육학과,교육계열,36,475,36
105,2024,글로벌경영학과,사회계열,131,2486,130
105,2024,글로벌경제학과,사회계열,107,1661,107
105,2024,글로벌리더학부,사회계열,85,1987,85
105,2024,글로벌바이오메디컬공학과,자연계열,61,1930,59
105,2024,글로벌융합학부,사회계열,56,1557,56
105,2024,디자인학과,예체능계열,38,220,38
105,2024,무용학과,예체능계열,37,121,37
105,2024,미술학과,예체능계열,37,117,37
105,2024,반도체시스템공학과,공학계열,70,2060,69
105,2024,반도체융합공학과,공학계열,66,2343,63
105,2024,사회과학계열,사회계열,578,8680,578
105,2024,소재부품융합공학과,공학계열,20,35,20
105,2024,소프트웨어학과,공학계열,143,2678,141
105,2024,수학교육과,교육계열,36,283,36
105,2024,스포츠과학과,예체능계열,80,1399,80
105,2024,약학과,의약계열,76,4099,76
105,2024,에너지학과,공학계열,46,1517,43
105,2024,연기예술학과,예체능계열,29,2109,28
105,2024,영상학과,예체능계열,54,562,54
105,2024,응용AI융합학부,사회계열,180,1870,168
105,2024,의상학과,자연계열,50,458,50
105,2024,의예과,의약계열,42,3930,42
105,2024,인문과학계열,인문계열,563,7488,563
105,2024,자연과학계열,자연계열,404,7113,404
105,2024,전자전기공학부,공학계열,217,4427,215
105,2024,지능형소프트웨어학과,공학계열,50,1086,50
105,2024,컴퓨터교육과,교육계열,37,380,37
105,2024,한문교육과,교육계열,36,392,36
105,2025,건축학과,공학계열,45,461,45
105,2025,경영학과,사회계열,266,4950,267
105,2025,공학계열,공학계열,670,13092,671
105,2025,교육학과,교육계열,36,350,36
105,2025,글로벌경영학과,사회계열,117,3109,117
105,2025,글로벌경제학과,사회계열,96,1802,96
105,2025,글로벌리더학부,사회계열,69,1869,69
105,2025,글로벌바이오메디컬공학과,자연계열,55,1622,55
105,2025,글로벌융합학부,사회계열,46,1439,46
105,2025,디자인학과,예체능계열,38,252,38
105,2025,무용학과,예체능계열,37,104,37
105,2025,미술학과,예체능계열,37,143,37
105,2025,반도체시스템공학과,공학계열,70,1874,70
105,2025,반도체융합공학과,공학계열,67,1605,67
105,2025,사회과학계열,사회계열,584,9514,584
105,2025,산업인공지능전공,공학계열,97,708,97
105,2025,소재부품융합공학과,공학계열,20,35,20
105,2025,소프트웨어학과,공학계열,134,2162,135
105,2025,수학교육과,교육계열,35,281,35
105,2025,스포츠과학과,예체능계열,85,1403,85
105,2025,약학과,의약계열,72,3869,72
105,2025,양자정보공학과,공학계열,30,666,30
105,2025,에너지학과,공학계열,50,1200,50
105,2025,연기예술학과,예체능계열,29,2173,29
105,2025,영상학과,예체능계열,66,544,66
105,2025,의상학과,자연계열,52,425,53
105,2025,의예과,의약계열,112,5697,112
105,2025,인문과학계열,인문계열,486,7328,486
105,2025,자연과학계열,자연계열,378,7238,378
105,2025,자유전공계열,무전공,292,7186,292
105,2025,전자전기공학부,공학계열,217,4438,217
105,2025,지능형소프트웨어학과,공학계열,50,984,50
105,2025,컴퓨터교육과,교육계열,36,357,36
105,2025,한문교육과,교육계열,36,329,36
105,2025,AI융합운영전공,사회계열,97,951,97
105,2026,건축학과,공학계열,45,425,45
105,2026,경영학과,사회계열,268,5186,281
105,2026,공학계열,공학계열,646,13766,722
105,2026,교육학과,교육계열,36,370,36
105,2026,글로벌경영학과,사회계열,134,3396,136
105,2026,글로벌경제학과,사회계열,103,1900,103
105,2026,글로벌리더학부,사회계열,74,2046,74
105,2026,글로벌바이오메디컬공학과,자연계열,59,1645,58
105,2026,글로벌융합학부,사회계열,51,1474,51
105,2026,기타모집단위,인문계열,262,0,0
105,2026,디자인학과,예체능계열,38,165,38
105,2026,무용학과,예체능계열,37,98,37
105,2026,미술학과,예체능계열,37,142,37
105,2026,바이오신약·규제과학과,의약계열,33,703,37
105,2026,반도체시스템공학과,공학계열,70,1797,69
105,2026,반도체융합공학과,공학계열,67,1777,74
105,2026,배터리학과,공학계열,30,877,29
105,2026,사회과학계열,사회계열,563,9884,595
105,2026,산업인공지능전공,공학계열,97,630,96
105,2026,소재부품융합공학과,공학계열,20,35,20
105,2026,소프트웨어학과,공학계열,123,2325,148
105,2026,수학교육과,교육계열,36,309,36
105,2026,스포츠과학과,예체능계열,86,1387,86
105,2026,약학과,의약계열,75,3609,75
105,2026,양자정보공학과,공학계열,28,595,29
105,2026,에너지학과,공학계열,47,1275,49
105,2026,연기예술학과,예체능계열,30,1989,30
105,2026,영상학과,예체능계열,60,549,58
105,2026,의상학과,자연계열,53,386,53
105,2026,의예과,의약계열,43,3673,43
105,2026,인문과학계열,인문계열,438,7753,447
105,2026,자연과학계열,자연계열,359,7538,404
105,2026,자유전공계열,무전공,302,7690,302
105,2026,전자전기공학부,공학계열,203,4531,223
105,2026,지능형소프트웨어학과,공학계열,50,915,50
105,2026,컴퓨터교육과,교육계열,36,348,36
105,2026,한문교육과,교육계열,36,425,36
105,2026,AI융합운영전공,사회계열,97,926,97
106,2024,간호학과,의약계열,99,1213,107
106,2024,경영학부,사회계열,150,1389,158
106,2024,경제학과,사회계열,35,424,41
106,2024,공예과,예체능계열,56,1477,60
106,2024,교육학과,교육계열,20,302,21
106,2024,국어국문학과,인문계열,22,288,25
106,2024,기악과,예체능계열,58,698,58
106,2024,기타모집단위,인문계열,133,0,0
106,2024,독일어문·문화학과,인문계열,18,201,19
106,2024,동양화과,예체능계열,30,185,30
106,2024,디자인과,예체능계열,56,1161,61
106,2024,무용예술학과,예체능계열,23,215,23
106,2024,문화예술경영학과,인문계열,19,270,20
106,2024,미디어영상연기학과,예체능계열,22,1191,22
106,2024,미디어커뮤니케이션학과,사회계열,31,487,35
106,2024,바이오생명공학과,자연계열,49,505,55
106,2024,바이오식품공학과,자연계열,37,358,38
106,2024,바이오신약의과학부,자연계열,45,506,47
106,2024,바이오헬스융합학부,자연계열,59,655,63
106,2024,법학부,사회계열,60,840,66
106,2024,뷰티산업학과,예체능계열,49,597,50
106,2024,사학과,인문계열,18,209,20
106,2024,사회과학계열,사회계열,138,533,142
106,2024,사회교육과,교육계열,20,154,21
106,2024,사회복지학과,사회계열,25,380,32
106,2024,서비스?디자인공학과,공학계열,62,449,66
106,2024,서양화과,예체능계열,35,263,35
106,2024,성악과,예체능계열,23,250,23
106,2024,소비자생활문화산업학과,자연계열,25,386,26
106,2024,수리통계데이터사이언스학부,자연계열,109,862,113
106,2024,스포츠과학부,예체능계열,56,274,56
106,2024,심리학과,인문계열,25,410,29
106,2024,영어영문학과,인문계열,31,456,37
106,2024,유아교육과,교육계열,25,279,26
106,2024,윤리교육과,교육계열,20,136,22
106,2024,융합보안공학과,공학계열,71,448,74
106,2024,의류산업학과,자연계열,32,451,34
106,2024,인문융합예술계열,인문계열,93,987,96
106,2024,일본어문·문화학과,인문계열,28,401,31
106,2024,작곡과,예체능계열,18,83,18
106,2024,정치외교학과,사회계열,21,298,23
106,2024,조소과,예체능계열,34,345,35
106,2024,중국어문·문화학과,인문계열,30,455,35
106,2024,지리학과,자연계열,20,225,19
106,2024,청정융합에너지공학과,공학계열,40,315,40
106,2024,컴퓨터공학과,공학계열,39,375,40
106,2024,프랑스어문·문화학과,인문계열,17,226,18
106,2024,한문교육과,교육계열,20,150,20
106,2024,현대실용음악학과,예체능계열,29,1171,29
106,2024,화학?에너지융합학부,자연계열,55,460,59
106,2024,AI융합학부,공학계열,113,1110,118
106,2025,간호학과,의약계열,96,1228,104
106,2025,경영학과,사회계열,154,1340,161
106,2025,경제학과,사회계열,38,368,41
106,2025,공예과,예체능계열,41,1258,43
106,2025,교육학과,교육계열,20,184,21
106,2025,국어국문학과,인문계열,24,310,28
106,2025,국제학부(글로벌한국학전공),인문계열,11,13,11
106,2025,국제학부(뷰티?패션디자인전공),예체능계열,7,10,7
106,2025,기악과,예체능계열,45,666,45
106,2025,기타모집단위,인문계열,133,0,0
106,2025,독일어문·문화학과,인문계열,19,424,21
106,2025,동양화과,예체능계열,22,225,23
106,2025,디자인과,예체능계열,42,1188,46
106,2025,무용예술학과,예체능계열,22,173,21
106,2025,문화예술경영학과,인문계열,20,309,22
106,2025,미디어영상연기학과,예체능계열,21,1083,21
106,2025,미디어커뮤니케이션학과,사회계열,37,605,43
106,2025,바이오생명공학과,자연계열,38,517,41
106,2025,바이오식품공학과,자연계열,28,319,30
106,2025,바이오신약의과학부,자연계열,35,386,36
106,2025,바이오헬스융합학부,자연계열,45,526,48
106,2025,법학부,사회계열,65,771,73
106,2025,뷰티산업학과,예체능계열,38,476,39
106,2025,사학과,인문계열,19,243,21
106,2025,사회교육과,교육계열,20,194,22
106,2025,사회복지학과,사회계열,28,547,33
106,2025,서비스디자인공학과,공학계열,45,337,49
106,2025,서양화과,예체능계열,26,330,28
106,2025,성악과,예체능계열,16,214,16
106,2025,소비자산업학과,자연계열,27,432,31
106,2025,수리통계데이터사이언스학부,자연계열,83,772,87
106,2025,스포츠과학부,예체능계열,42,212,42
106,2025,심리학과,인문계열,31,530,34
106,2025,영어영문학과,인문계열,33,485,37
106,2025,유아교육과,교육계열,25,191,26
106,2025,윤리교육과,교육계열,20,170,21
106,2025,융합보안공학과,공학계열,54,617,55
106,2025,의류산업학과,자연계열,34,445,38
106,2025,일본어문·문화학과,인문계열,30,436,33
106,2025,작곡과,예체능계열,13,81,12
106,2025,정치외교학과,사회계열,23,278,24
106,2025,조소과,예체능계열,25,391,25
106,2025,중국어문·문화학과,인문계열,31,449,35
106,2025,지리학과,자연계열,21,298,24
106,2025,창의융합학부(예체능전공),예체능계열,103,862,100
106,2025,창의융합학부(자유전공),무전공,272,2160,272
106,2025,창의융합학부(첨단분야전공),무전공,92,467,91
106,2025,청정신소재공학과,공학계열,30,265,31
106,2025,컴퓨터공학과,공학계열,29,315,31
106,2025,프랑스어문·문화학과,인문계열,19,288,20
106,2025,한문교육과,교육계열,20,146,20
106,2025,현대실용음악학과,예체능계열,26,1249,26
106,2025,화학?에너지융합학부,자연계열,41,422,45
106,2025,AI융합학부,공학계열,88,777,96
106,2026,간호학과,의약계열,99,1159,106
106,2026,경영학과,사회계열,81,1718,191
106,2026,경제학과,사회계열,42,388,46
106,2026,공예과,예체능계열,41,1179,45
106,2026,교육학과,교육계열,20,165,24
106,2026,국어국문학과,인문계열,25,408,29
106,2026,국제학부(글로벌한국학전공),인문계열,30,47,30
106,2026,국제학부(뷰티·패션디자인전공),예체능계열,42,54,42
106,2026,기악과,예체능계열,43,449,43
106,2026,기타모집단위,인문계열,254,0,0
106,2026,독일어문·문화학과,인문계열,19,269,21
106,2026,동양화과,예체능계열,22,232,22
106,2026,디자인과,예체능계열,43,624,47
106,2026,무용예술학과,예체능계열,22,254,21
106,2026,문화예술경영학과,인문계열,21,390,26
106,2026,미디어영상연기학과,예체능계열,20,734,20
106,2026,미디어커뮤니케이션학과,사회계열,43,478,48
106,2026,바이오식품공학과,자연계열,29,260,31
106,2026,바이오신약의과학부,자연계열,72,670,78
106,2026,바이오헬스융합학부,자연계열,45,358,47
106,2026,법학부,사회계열,65,785,73
106,2026,뷰티산업학과,예체능계열,51,366,51
106,2026,사학과,인문계열,19,219,20
106,2026,사회교육과,교육계열,20,168,23
106,2026,사회복지학과,사회계열,27,401,30
106,2026,서비스디자인공학과,공학계열,45,267,48
106,2026,서양화과,예체능계열,26,322,27
106,2026,성악과,예체능계열,16,211,16
106,2026,소비자산업학과,자연계열,27,329,28
106,2026,수리통계데이터사이언스학부,자연계열,84,712,88
106,2026,스포츠과학부,예체능계열,43,275,43
106,2026,심리학과,인문계열,34,499,37
106,2026,영어영문학과,인문계열,34,414,36
106,2026,유아교육과,교육계열,25,183,26
106,2026,윤리교육과,교육계열,20,153,23
106,2026,융합보안공학과,공학계열,53,464,55
106,2026,의류산업학과,자연계열,37,420,39
106,2026,일본어문·문화학과,인문계열,30,600,36
106,2026,작곡과,예체능계열,13,61,12
106,2026,정치외교학과,사회계열,22,247,22
106,2026,조소과,예체능계열,25,353,26
106,2026,중국어문·문화학과,인문계열,31,413,35
106,2026,지리학과,자연계열,21,240,23
106,2026,창의융합학부(예체능전공),예체능계열,103,949,103
106,2026,창의융합학부(자유전공),무전공,272,2241,272
106,2026,창의융합학부(첨단분야전공),무전공,92,395,92
106,2026,청정신소재공학과,공학계열,30,241,33
106,2026,컴퓨터공학과,공학계열,30,174,32
106,2026,프랑스어문·문화학과,인문계열,18,242,19
106,2026,한문교육과,교육계열,20,168,21
106,2026,현대실용음악학과,예체능계열,26,848,26
106,2026,화학·에너지융합학부,자연계열,41,476,43
106,2026,AI융합학부,공학계열,87,587,97
107,2024,간호학과,의약계열,129,1121,129
107,2024,건축학과,공학계열,41,167,40
107,2024,경영학과,사회계열,42,171,39
107,2024,경찰학과,사회계열,63,238,63
107,2024,광고홍보학과,사회계열,36,148,30
107,2024,기타모집단위,인문계열,8,0,0
107,2024,동물보건학과,자연계열,46,236,43
107,2024,디지털콘텐츠창작학과,사회계열,46,182,46
107,2024,바이오식품영양학부,자연계열,35,114,19
107,2024,바이오제약산업학부,자연계열,41,144,34
107,2024,바이오코스메틱학과,공학계열,30,62,16
107,2024,반려동물산업학과,자연계열,36,153,30
107,2024,법학과,사회계열,28,126,28
107,2024,보건안전학과,공학계열,32,107,26
107,2024,부동산지적학과,사회계열,27,92,27
107,2024,뷰티케어학과,예체능계열,28,141,22
107,2024,사회복지학과,사회계열,50,234,40
107,2024,산업디자인학과,예체능계열,32,93,30
107,2024,상담심리학과,인문계열,35,123,28
107,2024,생활체육학과,예체능계열,54,176,54
107,2024,소방방재학과,공학계열,43,166,38
107,2024,스마트IT학부,공학계열,57,179,49
107,2024,시각?영상디자인학과,예체능계열,41,138,41
107,2024,실내디자인학과,예체능계열,32,122,31
107,2024,연기예술학과,예체능계열,42,97,26
107,2024,영화웹툰애니메이션학과,예체능계열,54,223,54
107,2024,외국어학부,인문계열,40,151,37
107,2024,임상병리학과,의약계열,81,432,81
107,2024,작업치료학과,의약계열,80,350,79
107,2024,재난안전학과,공학계열,30,62,16
107,2024,전기전자공학과,공학계열,51,181,45
107,2024,컴퓨터학부,공학계열,77,284,57
107,2024,패션디자인학과,예체능계열,30,102,30
107,2024,한의예과,의약계열,44,695,44
107,2024,항공서비스학과,사회계열,41,250,41
107,2024,호텔경영학과,사회계열,35,149,32
107,2024,회계세무학과,사회계열,31,99,29
107,2025,간호학과,의약계열,122,720,123
107,2025,건축학과,공학계열,35,136,35
107,2025,경영학과,사회계열,45,180,45
107,2025,경찰학과,사회계열,62,169,62
107,2025,광고홍보학과,사회계열,31,134,30
107,2025,기타모집단위,인문계열,76,0,0
107,2025,동물보건학과,자연계열,45,206,45
107,2025,라이프복지상담학과,사회계열,0,3,0
107,2025,미디어콘텐츠창작학과,예체능계열,47,193,47
107,2025,바이오식품영양학부,자연계열,25,118,22
107,2025,바이오제약산업학부,자연계열,35,134,34
107,2025,바이오코스메틱학과,공학계열,26,66,26
107,2025,바이오헬스케어융합학과,자연계열,0,2,0
107,2025,반려동물산업학과,자연계열,34,222,30
107,2025,법학과,사회계열,27,110,27
107,2025,보건안전학과,공학계열,30,138,23
107,2025,부동산지적학과,사회계열,25,116,24
107,2025,뷰티케어학과,예체능계열,27,153,27
107,2025,사회복지학과,사회계열,43,203,42
107,2025,산업디자인학과,예체능계열,31,159,31
107,2025,상담심리학과,인문계열,32,122,32
107,2025,생활체육학과,예체능계열,52,221,52
107,2025,소방방재학과,공학계열,40,184,40
107,2025,스마트IT학부,공학계열,48,161,48
107,2025,시각?영상디자인학과,예체능계열,35,144,35
107,2025,실내디자인학과,예체능계열,31,103,31
107,2025,연기예술학과,예체능계열,30,97,29
107,2025,영화웹툰애니메이션학과,예체능계열,50,252,50
107,2025,외국어학부,인문계열,42,142,42
107,2025,임상병리학과,의약계열,75,281,75
107,2025,자율전공학부,무전공,42,169,42
107,2025,작업치료학과,의약계열,82,343,82
107,2025,재난안전학과,공학계열,25,88,24
107,2025,전기전자공학과,공학계열,43,186,43
107,2025,컴퓨터학부,공학계열,61,245,60
107,2025,패션디자인학과,예체능계열,28,128,28
107,2025,한의예과,의약계열,44,667,44
107,2025,항공서비스학과,사회계열,40,451,40
107,2025,호텔경영학과,사회계열,37,184,34
107,2025,회계세무학과,사회계열,26,93,26
107,2026,간호학과,의약계열,121,881,121
107,2026,건축학과,공학계열,35,171,35
107,2026,경영학과,사회계열,46,200,46
107,2026,경찰학과,사회계열,62,270,62
107,2026,광고홍보학과,사회계열,30,146,30
107,2026,글로벌학부,사회계열,10,10,10
107,2026,동물보건학과,자연계열,45,287,45
107,2026,라이프경영학과,사회계열,0,3,0
107,2026,라이프복지상담학과,사회계열,25,29,25
107,2026,미디어콘텐츠창작학과,예체능계열,48,264,48
107,2026,바이오식품영양학부,자연계열,26,135,26
107,2026,바이오제약산업학부,자연계열,36,157,36
107,2026,바이오코스메틱학과,공학계열,25,93,25
107,2026,바이오헬스케어융합학과,자연계열,0,4,0
107,2026,반려동물산업학과,자연계열,31,268,31
107,2026,법학과,사회계열,27,126,27
107,2026,보건안전학과,공학계열,27,87,27
107,2026,부동산지적학과,사회계열,25,369,25
107,2026,뷰티케어학과,예체능계열,27,273,27
107,2026,사회복지학과,사회계열,40,164,40
107,2026,상담심리학과,인문계열,31,109,31
107,2026,생활체육학과,예체능계열,52,231,52
107,2026,소방방재학과,공학계열,41,377,41
107,2026,스마트IT학부,공학계열,45,568,45
107,2026,시각·영상디자인학과,예체능계열,37,148,37
107,2026,실내디자인학과,예체능계열,30,264,30
107,2026,아트&산업디자인학과,예체능계열,30,114,29
107,2026,연기예술학과,예체능계열,32,144,32
107,2026,영화웹툰애니메이션학과,예체능계열,57,266,57
107,2026,외국어학부,인문계열,42,203,42
107,2026,임상병리학과,의약계열,81,597,81
107,2026,자율전공학부,무전공,42,301,42
107,2026,작업치료학과,의약계열,83,428,83
107,2026,재난안전학과,공학계열,25,109,25
107,2026,전기전자공학과,공학계열,46,566,46
107,2026,컴퓨터학부,공학계열,60,248,61
107,2026,패션디자인학과,예체능계열,29,250,29
107,2026,한의예과,의약계열,44,718,44
107,2026,항공서비스학과,사회계열,40,518,40
107,2026,호텔경영학과,사회계열,35,204,35
107,2026,회계세무금융학과,사회계열,32,145,32
108,2024,건설환경공학과,공학계열,32,773,32
108,2024,건축공학과,공학계열,28,591,28
108,2024,건축학과,공학계열,25,698,25
108,2024,경상계열,사회계열,147,888,147
108,2024,경영학부,사회계열,106,2494,104
108,2024,경제학과,사회계열,26,614,26
108,2024,공과계열,공학계열,242,1425,242
108,2024,교육학과,교육계열,19,545,19
108,2024,국방시스템공학과,공학계열,40,187,39
108,2024,국어국문학과,인문계열,17,311,17
108,2024,국제학부,사회계열,68,1777,68
108,2024,글로벌인재학부,사회계열,7,12,7
108,2024,글로벌조리학과,자연계열,68,146,68
108,2024,기계공학과,공학계열,42,904,42
108,2024,기타모집단위,인문계열,16,0,0
108,2024,나노신소재공학과,공학계열,52,1197,52
108,2024,무용과,예체능계열,36,264,36
108,2024,물리천문학과,자연계열,34,504,34
108,2024,미디어커뮤니케이션학과,사회계열,37,743,37
108,2024,반도체시스템공학과,공학계열,33,555,33
108,2024,법학과,사회계열,21,435,21
108,2024,생명시스템학부,자연계열,82,1945,82
108,2024,소프트웨어학과,공학계열,35,643,35
108,2024,수학통계학과,자연계열,27,557,27
108,2024,스마트생명산업융합학과,자연계열,22,299,22
108,2024,양자원자력공학과,공학계열,13,150,13
108,2024,역사학과,인문계열,11,210,11
108,2024,영화예술학과,예체능계열,46,2986,46
108,2024,우주항공드론공학부(우주항공공학전공),공학계열,29,546,29
108,2024,우주항공드론공학부(지능형드론융합전공),공학계열,78,800,78
108,2024,우주항공드론공학부(항공시스템공학전공),공학계열,25,189,19
108,2024,음악과,예체능계열,60,634,60
108,2024,인공지능데이터사이언스학과,공학계열,152,1845,152
108,2024,인문사회계열,인문계열,125,1325,125
108,2024,자연생명계열,자연계열,136,793,135
108,2024,전자정보통신공학과,공학계열,78,1653,78
108,2024,정보보호학과,공학계열,18,393,18
108,2024,지구자원시스템공학과,공학계열,23,575,23
108,2024,창의소프트학부,공학계열,126,1042,126
108,2024,체육학과,예체능계열,36,413,36
108,2024,컴퓨터공학과,공학계열,118,2014,118
108,2024,패션디자인학과,예체능계열,37,136,37
108,2024,행정학과,사회계열,22,637,22
108,2024,호텔관광외식경영학부,사회계열,112,2101,111
108,2024,호텔외식관광프랜차이즈경영학과,사회계열,69,265,69
108,2024,호텔외식비즈니스학과,사회계열,30,27,26
108,2024,화학과,자연계열,25,426,25
108,2024,환경에너지공간융합학과,공학계열,26,551,26
108,2024,회화과,예체능계열,34,334,34
108,2024,AI로봇학과,공학계열,203,2386,202
108,2024,IT계열,공학계열,218,1206,218
108,2025,건설환경공학과,공학계열,25,445,25
108,2025,건축공학과,공학계열,21,422,21
108,2025,건축학과,공학계열,21,485,21
108,2025,경상호텔관광계열,사회계열,144,998,144
108,2025,경영학부,사회계열,104,1951,104
108,2025,경제학과,사회계열,26,529,26
108,2025,공과계열,공학계열,239,1765,239
108,2025,교육학과,교육계열,11,246,11
108,2025,국방시스템공학과,공학계열,40,200,40
108,2025,국어국문학과,인문계열,11,212,11
108,2025,국제학부,사회계열,48,1604,48
108,2025,글로벌인재학부,사회계열,24,42,24
108,2025,글로벌조리학과,자연계열,69,153,69
108,2025,기계공학과,공학계열,34,748,34
108,2025,기타모집단위,인문계열,7,0,0
108,2025,나노신소재공학과,공학계열,37,931,37
108,2025,무용과,예체능계열,36,273,36
108,2025,물리천문학과,자연계열,24,528,24
108,2025,미디어커뮤니케이션학과,사회계열,28,614,28
108,2025,반도체시스템공학과,공학계열,29,443,29
108,2025,법학과,사회계열,14,466,14
108,2025,사이버국방학과,공학계열,20,162,20
108,2025,생명시스템학부,자연계열,62,1720,62
108,2025,수학통계학과,자연계열,20,384,20
108,2025,스마트생명산업융합학과,자연계열,24,271,24
108,2025,양자원자력공학과,공학계열,8,119,8
108,2025,역사학과,인문계열,7,133,7
108,2025,영화예술학과,예체능계열,48,3747,48
108,2025,우주항공시스템공학부(우주항공공학전공),공학계열,22,484,22
108,2025,우주항공시스템공학부(지능형드론융합전공),공학계열,76,942,76
108,2025,우주항공시스템공학부(항공시스템공학전공),공학계열,25,257,23
108,2025,음악과,예체능계열,62,779,62
108,2025,인공지능데이터사이언스학과,공학계열,148,1817,148
108,2025,인문사회계열,인문계열,135,1339,135
108,2025,자연생명계열,자연계열,141,1024,141
108,2025,자유전공학부,무전공,233,4098,233
108,2025,정보보호학과,공학계열,15,245,15
108,2025,지구자원시스템공학과,공학계열,18,404,18
108,2025,지능정보융합학과,공학계열,132,1403,132
108,2025,창의소프트학부(디자인이노베이션전공),공학계열,54,612,54
108,2025,창의소프트학부(만화애니메이션텍전공),공학계열,64,543,64
108,2025,체육학과,예체능계열,36,332,36
108,2025,컴퓨터공학과,공학계열,139,1459,139
108,2025,콘텐츠소프트웨어학과,공학계열,86,969,86
108,2025,패션디자인학과,예체능계열,36,327,36
108,2025,행정학과,사회계열,22,433,22
108,2025,호텔관광외식경영학부,사회계열,87,2117,86
108,2025,호텔외식관광프랜차이즈경영학과,사회계열,71,254,67
108,2025,호텔외식비즈니스학과,사회계열,30,26,25
108,2025,화학과,자연계열,18,310,18
108,2025,환경융합공학과,자연계열,20,536,20
108,2025,회화과,예체능계열,35,220,35
108,2025,AI로봇학과,공학계열,204,2349,203
108,2025,AI융합전자공학과,공학계열,36,710,36
108,2025,IT계열,공학계열,148,1128,148
108,2026,건설환경공학과,공학계열,29,535,29
108,2026,건축공학과,공학계열,26,408,26
108,2026,건축학과,공학계열,21,387,21
108,2026,경상호텔관광계열,사회계열,136,781,136
108,2026,경영학부,사회계열,99,1591,99
108,2026,경제학과,사회계열,23,453,23
108,2026,공과계열,공학계열,196,1159,196
108,2026,교육학과,교육계열,15,381,15
108,2026,국방AI로봇융합공학과,공학계열,30,152,30
108,2026,국방AI융합시스템공학과,공학계열,40,218,40
108,2026,국어국문학과,인문계열,15,363,15
108,2026,국제학부,사회계열,51,1445,51
108,2026,글로벌인재학부,사회계열,19,49,19
108,2026,기계공학과,공학계열,31,775,31
108,2026,기타모집단위,인문계열,13,0,0
108,2026,나노신소재공학과,공학계열,36,671,36
108,2026,무용과,예체능계열,36,216,36
108,2026,물리천문학과,자연계열,29,567,29
108,2026,미디어커뮤니케이션학과,사회계열,35,558,35
108,2026,반도체시스템공학과,공학계열,26,384,26
108,2026,법학과,사회계열,15,378,15
108,2026,사이버국방학과,공학계열,20,137,20
108,2026,생명시스템학부,자연계열,63,1532,63
108,2026,수학통계학과,자연계열,20,497,20
108,2026,스마트생명산업융합학과,자연계열,22,300,22
108,2026,양자원자력공학과,공학계열,13,203,13
108,2026,양자지능정보학과,공학계열,50,687,50
108,2026,에너지자원공학과,공학계열,23,535,23
108,2026,역사학과,인문계열,12,305,12
108,2026,영화예술학과,예체능계열,48,2890,48
108,2026,우주항공시스템공학부(우주항공공학전공),공학계열,22,526,22
108,2026,우주항공시스템공학부(지능형드론융합전공),공학계열,78,941,78
108,2026,우주항공시스템공학부(항공시스템공학전공),공학계열,25,266,23
108,2026,음악과,예체능계열,61,860,61
108,2026,인공지능데이터사이언스학과,공학계열,103,1230,103
108,2026,인문사회계열,인문계열,111,923,111
108,2026,자연생명계열,자연계열,127,856,127
108,2026,자유전공학부,무전공,243,4616,243
108,2026,정보보호학과,공학계열,14,211,14
108,2026,조리서비스경영학과,사회계열,69,124,65
108,2026,지능정보융합학과,공학계열,91,1062,91
108,2026,창의소프트학부(디자인이노베이션전공),공학계열,51,570,51
108,2026,창의소프트학부(만화애니메이션텍전공),공학계열,75,537,75
108,2026,첨단융합계열,자연계열,207,2372,206
108,2026,체육학과,예체능계열,36,330,36
108,2026,컴퓨터공학과,공학계열,163,988,163
108,2026,콘텐츠소프트웨어학과,공학계열,56,616,56
108,2026,패션디자인학과,예체능계열,39,355,39
108,2026,행정학과,사회계열,15,392,15
108,2026,호텔관광외식경영학부,사회계열,112,2092,112
108,2026,호텔외식관광프랜차이즈경영학과,사회계열,71,197,64
108,2026,호텔외식비즈니스학과,사회계열,21,21,21
108,2026,화학과,자연계열,19,368,19
108,2026,환경융합공학과,자연계열,26,619,26
108,2026,회화과,예체능계열,34,643,34
108,2026,AI로봇학과,공학계열,134,1620,134
108,2026,AI융합전자공학과,공학계열,42,795,42
108,2026,IT계열,공학계열,123,993,123
109,2024,간호학과,의약계열,145,668,107
109,2024,경찰행정학과,사회계열,35,113,29
109,2024,글로벌복지한국어학과,인문계열,32,93,32
109,2024,기술교육과,교육계열,20,59,20
109,2024,디지털보건재활학과,의약계열,20,24,19
109,2024,물리치료학과,의약계열,63,389,57
109,2024,반려동물관리학과,자연계열,20,81,20
109,2024,사회복지빅데이터학과,사회계열,20,58,18
109,2024,사회복지상담학과,사회계열,48,187,48
109,2024,스포츠건강관리학과,예체능계열,53,92,37
109,2024,스포츠레저산업학과,예체능계열,31,100,27
109,2024,웹툰애니메이션학과,예체능계열,51,247,49
109,2024,유아교육과,교육계열,20,65,20
109,2024,인공지능빅데이터학과,공학계열,20,48,18
109,2024,자유전공학과,인문계열,39,80,38
109,2024,전통연희학과,예체능계열,20,68,20
109,2024,창업평생교육학과,사회계열,20,25,19
109,2024,태권도학과,예체능계열,36,95,28
109,2024,특수교육과,교육계열,20,51,19
109,2024,항공서비스학과,사회계열,40,262,40
109,2024,항공운항학과,공학계열,31,76,26
109,2024,항공정비학과,공학계열,55,139,50
109,2024,휴먼서비스학과,사회계열,88,308,88
109,2024,AI콘텐츠디자인학과,예체능계열,34,125,28
109,2025,간호학과,의약계열,140,497,97
109,2025,글로벌복지한국어학과,인문계열,38,90,38
109,2025,기술교육과,교육계열,21,45,21
109,2025,물리치료학과,의약계열,65,325,55
109,2025,사회문화복지학부,무전공,205,529,193
109,2025,스포츠융합복지학부,무전공,143,421,134
109,2025,유아교육과,교육계열,20,54,18
109,2025,전통연희학과,예체능계열,20,54,20
109,2025,특수교육과,교육계열,20,51,20
109,2025,항공서비스학과,사회계열,30,268,29
109,2025,항공운항학과,공학계열,30,73,23
109,2025,항공정비학과,공학계열,50,124,47
109,2025,AI융합학부,무전공,109,515,100
109,2026,간호학과,의약계열,165,498,60
109,2026,공공안전학부,사회계열,81,206,54
109,2026,글로벌복지한국어학과,인문계열,40,71,39
109,2026,기술교육과,교육계열,20,60,19
109,2026,물리치료학과,의약계열,68,326,45
109,2026,사회문화복지학부,무전공,184,364,177
109,2026,스포츠융합복지학부,무전공,155,278,148
109,2026,유아교육과,교육계열,20,31,0
109,2026,전통연희학과,예체능계열,20,58,20
109,2026,특수교육과,교육계열,20,40,14
109,2026,항공서비스학과,사회계열,30,321,30
109,2026,항공운항학과,공학계열,30,70,29
109,2026,항공정비학과,공학계열,42,160,36
109,2026,AI융합학부,무전공,140,735,138
110,2024,간호학과,의약계열,150,1269,136
110,2024,건축공학과,공학계열,30,73,30
110,2024,경찰행정학과,사회계열,26,92,26
110,2024,공연예술학과,예체능계열,30,60,27
110,2024,미용예술학과,예체능계열,31,173,30
110,2024,사회복지학과,사회계열,32,130,30
110,2024,사회서비스융합학과,사회계열,90,137,90
110,2024,스포츠지도학과,예체능계열,46,118,45
110,2024,유아교육과,교육계열,42,127,40
110,2024,재활보건학과,의약계열,31,82,30
110,2024,철도운전?관제시스템학과,공학계열,36,95,35
110,2024,철도운전경영학과,공학계열,30,81,30
110,2024,철도운전시스템학과,공학계열,41,125,40
110,2024,철도차량?전기시스템학과,공학계열,30,68,29
110,2024,치위생학과,의약계열,34,133,30
110,2024,한국어교육과,교육계열,39,43,39
110,2025,간호학과,의약계열,152,877,134
110,2025,건축공학과,공학계열,25,41,25
110,2025,경찰행정학과,사회계열,21,67,20
110,2025,공연예술학과,예체능계열,25,64,25
110,2025,미용예술학과,예체능계열,31,134,30
110,2025,보건안전관리학과,의약계열,26,65,25
110,2025,사회복지학과,사회계열,31,132,30
110,2025,사회서비스융합학과,사회계열,90,117,90
110,2025,스포츠데이터분석학과,예체능계열,16,32,16
110,2025,스포츠지도학과,예체능계열,40,89,40
110,2025,유아교육과,교육계열,41,121,40
110,2025,철도운전?관제시스템학과,공학계열,36,94,35
110,2025,철도운전경영학과,공학계열,26,63,25
110,2025,철도운전시스템학과,공학계열,41,123,40
110,2025,철도차량시스템학과,공학계열,26,70,22
110,2025,치위생학과,의약계열,32,134,26
110,2025,토목환경공학과,공학계열,15,31,15
110,2025,한국어교육과,교육계열,19,24,19
110,2026,간호학과,의약계열,169,633,160
110,2026,건축공학과,공학계열,20,48,20
110,2026,경찰행정학과,사회계열,20,129,20
110,2026,공연예술학과,예체능계열,20,71,20
110,2026,미용예술학과,예체능계열,34,152,34
110,2026,보건안전관리학과,의약계열,26,91,25
110,2026,사회복지학과,사회계열,31,143,30
110,2026,사회서비스융합학과,사회계열,90,118,90
110,2026,스포츠데이터분석학과,예체능계열,16,46,16
110,2026,스포츠지도학과,예체능계열,40,189,37
110,2026,유아교육과,교육계열,40,136,40
110,2026,철도운전·관제시스템학과,공학계열,37,116,35
110,2026,철도운전경영학과,공학계열,25,75,25
110,2026,철도운전시스템학과,공학계열,42,218,41
110,2026,철도차량시스템학과,공학계열,22,99,21
110,2026,치위생학과,의약계열,31,192,28
110,2026,토목환경공학과,공학계열,15,54,14
110,2026,한국어교육과,교육계열,21,23,21
111,2024,신학과,인문계열,91,34,25
111,2025,신학과,인문계열,91,40,27
111,2026,신학과,인문계열,91,29,20
112,2024,간호학과,의약계열,68,1523,68
112,2024,건설환경에너지공학부,공학계열,113,1278,112
112,2024,건축도시부동산학부,공학계열,87,924,87
112,2024,경영학부,사회계열,140,1638,132
112,2024,경제학부,사회계열,68,704,68
112,2024,관현악과,예체능계열,50,177,50
112,2024,국악과,예체능계열,22,98,22
112,2024,데이터과학부,자연계열,104,977,104
112,2024,디자인학부,예체능계열,105,2096,105
112,2024,디지털콘텐츠,예체능계열,25,316,25
112,2024,미디어커뮤니케이션학과,사회계열,44,696,44
112,2024,바이오화학산업학부,자연계열,65,863,65
112,2024,반도체공학과,공학계열,53,524,53
112,2024,법·행정학부,사회계열,69,756,69
112,2024,산업및기계공학부,공학계열,106,1469,105
112,2024,성악과,예체능계열,30,92,30
112,2024,소방행정학과,사회계열,40,245,30
112,2024,스포츠과학부,예체능계열,105,1703,105
112,2024,식품영양학과,자연계열,43,630,43
112,2024,아동가족복지학과,사회계열,43,532,43
112,2024,아트앤테크놀로지작곡과,예체능계열,20,126,20
112,2024,연기예술,예체능계열,27,1817,27
112,2024,영화예술,예체능계열,25,754,25
112,2024,외국어학부,인문계열,112,1459,112
112,2024,의류학과,자연계열,38,521,38
112,2024,인문학부,인문계열,54,813,54
112,2024,자유전공학부,인문계열,2,10,2
112,2024,전기전자공학부,공학계열,108,1134,108
112,2024,정보통신학부,공학계열,102,1268,102
112,2024,조형예술학부,예체능계열,90,593,90
112,2024,컴퓨터학부,공학계열,102,1412,102
112,2024,피아노과,예체능계열,40,246,40
112,2024,호텔관광학부,사회계열,67,795,67
112,2024,화학공학·신소재공학부,공학계열,104,1187,104
112,2025,간호학과,의약계열,96,1534,95
112,2025,건설환경에너지공학부,공학계열,113,1167,113
112,2025,건축도시부동산학부,공학계열,87,1094,87
112,2025,경영학부,사회계열,169,1964,131
112,2025,경제학부,사회계열,68,1000,68
112,2025,관현악과,예체능계열,50,206,50
112,2025,국악과,예체능계열,22,114,22
112,2025,기타모집단위,인문계열,16,0,0
112,2025,데이터과학부,자연계열,94,1051,94
112,2025,디자인학부,예체능계열,105,2576,105
112,2025,디지털콘텐츠,예체능계열,25,180,25
112,2025,바이오화학산업학부,자연계열,55,717,55
112,2025,반도체공학과,공학계열,53,567,53
112,2025,산업및기계공학부,공학계열,106,1211,106
112,2025,성악과,예체능계열,30,144,30
112,2025,스포츠과학부,예체능계열,105,1689,105
112,2025,식품영양학과,자연계열,43,566,43
112,2025,아동가족복지학과,사회계열,43,662,43
112,2025,아트앤테크놀로지작곡과,예체능계열,20,48,20
112,2025,연기예술,예체능계열,27,1897,27
112,2025,영화예술,예체능계열,25,750,25
112,2025,의류학과,자연계열,38,483,37
112,2025,인문사회융합대학,무전공,304,4473,301
112,2025,자유전공학부,인문계열,1,12,1
112,2025,전기전자공학부,공학계열,108,1498,107
112,2025,정보통신학부,공학계열,102,959,102
112,2025,조형예술학부,예체능계열,90,570,90
112,2025,컴퓨터학부,공학계열,102,1458,101
112,2025,피아노과,예체능계열,40,298,40
112,2025,호텔관광학부,사회계열,67,917,67
112,2025,화학공학·신소재공학부,공학계열,104,1262,104
112,2026,간호학과,의약계열,107,2103,107
112,2026,건설환경에너지공학부,공학계열,101,1223,101
112,2026,건축도시부동산학부,공학계열,78,770,78
112,2026,경영공학대학,사회계열,280,3325,238
112,2026,공예디자인,예체능계열,25,597,25
112,2026,관현악과,예체능계열,50,147,50
112,2026,국악과,예체능계열,22,83,22
112,2026,글로벌자유전공학부,인문계열,1,21,1
112,2026,기계공학부,공학계열,67,916,67
112,2026,디지털콘텐츠,예체능계열,25,236,25
112,2026,바이오공학과,자연계열,44,640,44
112,2026,반도체공학과,공학계열,53,896,53
112,2026,성악과,예체능계열,30,160,30
112,2026,스포츠과학부,예체능계열,105,1992,105
112,2026,식품영양학과,자연계열,37,597,37
112,2026,아동가족복지학과,사회계열,37,565,37
112,2026,아트앤테크놀로지작곡과,예체능계열,20,230,20
112,2026,연기예술,예체능계열,27,2108,27
112,2026,영화예술,예체능계열,25,1117,25
112,2026,의류학과,자연계열,32,349,32
112,2026,인문사회융합대학,무전공,268,4931,264
112,2026,자유전공학부,무전공,182,2090,170
112,2026,전기전자공학부,공학계열,143,1619,143
112,2026,조형예술학부,예체능계열,90,965,90
112,2026,지능형보안학부,공학계열,55,671,55
112,2026,커뮤니케이션디자인,예체능계열,50,1416,50
112,2026,컴퓨터공학부,공학계열,97,977,97
112,2026,패션디자인,예체능계열,30,645,30
112,2026,피아노과,예체능계열,40,378,40
112,2026,화학공학·신소재공학부,공학계열,93,1147,92
112,2026,AI데이터과학부,공학계열,94,1492,94
113,2024,가족자원경영학과,사회계열,26,375,26
113,2024,경영학부,사회계열,184,1984,189
113,2024,경제학부,사회계열,72,531,73
113,2024,공예과,예체능계열,34,358,34
113,2024,관현악과,예체능계열,36,226,36
113,2024,교육학부,교육계열,50,613,52
113,2024,글로벌융합학부,사회계열,15,26,15
113,2024,글로벌협력전공,사회계열,21,444,22
113,2024,기계시스템학부,공학계열,50,606,50
113,2024,기초공학부,공학계열,30,386,30
113,2024,기타모집단위,인문계열,82,0,0
113,2024,데이터사이언스전공,공학계열,40,585,40
113,2024,독일언어?문화학과,인문계열,24,266,24
113,2024,르꼬르동블루외식경영전공,사회계열,34,548,37
113,2024,무용과,예체능계열,33,241,33
113,2024,문헌정보학과,인문계열,58,509,58
113,2024,문화관광학전공,사회계열,38,419,42
113,2024,미디어학부,사회계열,55,844,57
113,2024,법학부,사회계열,111,1176,116
113,2024,사회심리학과,인문계열,25,397,28
113,2024,산업디자인과,예체능계열,27,184,28
113,2024,생명시스템학부,자연계열,52,651,55
113,2024,성악과,예체능계열,31,174,31
113,2024,소비자경제학과,자연계열,48,458,49
113,2024,수학과,자연계열,36,344,37
113,2024,시각?영상디자인과,예체능계열,34,170,35
113,2024,식품영양학과,자연계열,44,543,45
113,2024,신소재물리전공,공학계열,40,306,42
113,2024,아동복지학부,사회계열,53,951,56
113,2024,앙트러프러너십전공,사회계열,48,412,47
113,2024,약학부,의약계열,89,1427,86
113,2024,역사문화학과,인문계열,34,381,35
113,2024,영어영문학전공,인문계열,84,856,86
113,2024,의류학과,자연계열,35,398,35
113,2024,인공지능공학부,공학계열,74,745,73
113,2024,일본학과,인문계열,36,398,38
113,2024,작곡과,예체능계열,25,147,25
113,2024,정치외교학과,사회계열,34,347,39
113,2024,중어중문학부,인문계열,77,1147,77
113,2024,지능형전자시스템전공,공학계열,50,504,51
113,2024,체육교육과,교육계열,26,243,26
113,2024,컴퓨터과학전공,공학계열,65,534,66
113,2024,테슬(TESL)전공,인문계열,21,181,21
113,2024,통계학과,자연계열,44,378,46
113,2024,프랑스언어?문화학과,인문계열,30,367,31
113,2024,피아노과,예체능계열,33,164,33
113,2024,한국어문학부,인문계열,65,784,68
113,2024,행정학과,사회계열,32,351,36
113,2024,홍보광고학과,사회계열,50,644,55
113,2024,화공생명공학부,공학계열,63,907,68
113,2024,화학과,자연계열,42,484,44
113,2024,환경디자인과,예체능계열,26,208,26
113,2024,회화과,예체능계열,27,539,27
113,2025,가족자원경영학과,사회계열,24,266,24
113,2025,경영학부,사회계열,160,1615,159
113,2025,경제학부,사회계열,60,465,60
113,2025,공예과,예체능계열,35,294,35
113,2025,관현악과,예체능계열,36,245,36
113,2025,교육학부,교육계열,51,784,51
113,2025,글로벌융합학부,사회계열,16,75,8
113,2025,글로벌협력전공,사회계열,19,240,19
113,2025,기계시스템학부,공학계열,40,623,40
113,2025,데이터사이언스전공,공학계열,30,309,29
113,2025,독일언어?문화학과,인문계열,23,265,23
113,2025,르꼬르동블루외식경영전공,사회계열,29,374,29
113,2025,무용과,예체능계열,33,249,33
113,2025,문헌정보학과,인문계열,55,432,53
113,2025,문화관광학전공,사회계열,40,451,40
113,2025,미디어학부,사회계열,52,758,49
113,2025,법학부,사회계열,88,1046,88
113,2025,사회심리학과,인문계열,28,329,26
113,2025,산업디자인과,예체능계열,29,280,29
113,2025,생명시스템학부,자연계열,43,914,43
113,2025,성악과,예체능계열,32,151,27
113,2025,소비자경제학과,자연계열,44,435,44
113,2025,수학과,자연계열,31,422,31
113,2025,시각?영상디자인과,예체능계열,36,170,36
113,2025,식품영양학과,자연계열,37,698,36
113,2025,신소재물리전공,공학계열,28,400,28
113,2025,아동복지학부,사회계열,45,617,45
113,2025,앙트러프러너십전공,사회계열,68,372,64
113,2025,약학부,의약계열,89,3195,89
113,2025,역사문화학과,인문계열,31,348,31
113,2025,영어영문학전공,인문계열,65,809,65
113,2025,의류학과,자연계열,31,388,30
113,2025,인공지능공학부,공학계열,54,620,53
113,2025,일본학과,인문계열,34,379,33
113,2025,자유전공학부,무전공,303,1799,303
113,2025,작곡과,예체능계열,25,124,25
113,2025,정치외교학과,사회계열,29,279,29
113,2025,중어중문학부,인문계열,65,852,65
113,2025,지능형전자시스템전공,공학계열,37,462,37
113,2025,첨단공학부,공학계열,78,506,78
113,2025,체육교육과,교육계열,26,281,26
113,2025,컴퓨터과학전공,공학계열,48,486,47
113,2025,테슬(TESL)전공,인문계열,19,137,18
113,2025,통계학과,자연계열,38,378,38
113,2025,프랑스언어?문화학과,인문계열,26,319,26
113,2025,피아노과,예체능계열,33,159,33
113,2025,한국어문학부,인문계열,59,767,59
113,2025,행정학과,사회계열,29,336,29
113,2025,홍보광고학과,사회계열,48,585,47
113,2025,화공생명공학부,공학계열,55,866,55
113,2025,화학과,자연계열,36,486,36
113,2025,환경디자인과,예체능계열,28,208,28
113,2025,회화과,예체능계열,31,487,29
113,2026,가족자원경영학과,사회계열,24,270,24
113,2026,경영학부,사회계열,173,1873,173
113,2026,경제학부,사회계열,66,575,66
113,2026,공예과,예체능계열,35,324,35
113,2026,관현악과,예체능계열,36,184,36
113,2026,교육학부,교육계열,53,609,53
113,2026,글로벌협력전공,사회계열,21,258,21
113,2026,기계시스템학부,공학계열,40,579,40
113,2026,데이터사이언스전공,공학계열,28,612,28
113,2026,독일언어·문화학과,인문계열,23,266,23
113,2026,르꼬르동블루외식경영전공,사회계열,30,571,30
113,2026,무용과,예체능계열,33,247,32
113,2026,문헌정보학과,인문계열,53,484,53
113,2026,문화관광학전공,사회계열,43,438,43
113,2026,미디어학부,사회계열,53,794,53
113,2026,법학부,사회계열,88,1132,88
113,2026,사회심리학과,인문계열,28,349,28
113,2026,산업디자인과,예체능계열,27,216,27
113,2026,생명시스템학부,자연계열,46,886,46
113,2026,성악과,예체능계열,27,131,27
113,2026,소비자경제학과,자연계열,44,393,44
113,2026,수학과,자연계열,31,402,31
113,2026,시각·영상디자인과,예체능계열,35,187,35
113,2026,식품영양학과,자연계열,38,550,38
113,2026,신소재물리학부,공학계열,28,414,28
113,2026,아동복지학부,사회계열,47,620,47
113,2026,앙트러프러너십전공,사회계열,83,421,83
113,2026,약학부,의약계열,89,2361,89
113,2026,역사문화학과,인문계열,30,359,30
113,2026,영어영문학전공,인문계열,66,873,66
113,2026,융합국제학부,사회계열,67,312,67
113,2026,의류학과,자연계열,33,375,33
113,2026,인공지능공학부,공학계열,57,556,57
113,2026,일본학과,인문계열,34,392,34
113,2026,자유전공학부,무전공,294,1830,294
113,2026,작곡과,예체능계열,25,139,25
113,2026,정치외교학과,사회계열,32,377,32
113,2026,중어중문학부,인문계열,65,863,65
113,2026,지능형전자시스템학부,공학계열,36,408,36
113,2026,첨단공학부,공학계열,78,247,78
113,2026,체육교육과,교육계열,26,240,26
113,2026,컴퓨터과학전공,공학계열,51,521,51
113,2026,테슬(TESL)전공,인문계열,26,124,26
113,2026,통계학과,자연계열,37,336,37
113,2026,프랑스언어·문화학과,인문계열,27,343,27
113,2026,피아노과,예체능계열,32,124,32
113,2026,한국어문학부,인문계열,68,829,68
113,2026,한류국제학부,예체능계열,41,96,41
113,2026,행정학과,사회계열,27,394,27
113,2026,홍보광고학과,사회계열,46,639,45
113,2026,화공생명공학부,공학계열,55,822,55
113,2026,화학과,자연계열,34,434,34
113,2026,환경디자인과,예체능계열,27,225,27
113,2026,회화과,예체능계열,30,589,30
114,2024,간호학과,의약계열,69,908,69
114,2024,건축학과(5),공학계열,47,413,47
114,2024,경영학과,사회계열,79,504,56
114,2024,경제금융학과,사회계열,51,300,51
114,2024,경찰행정학과,사회계열,44,504,44
114,2024,공연영상학과,예체능계열,30,257,30
114,2024,관광경영학과,사회계열,55,412,56
114,2024,국제통상학과,사회계열,73,427,73
114,2024,글로벌문화산업학과,사회계열,31,243,31
114,2024,글로벌자유전공학과,인문계열,48,66,48
114,2024,기계공학과,공학계열,45,322,45
114,2024,기타모집단위,인문계열,33,0,0
114,2024,나노화학공학과,공학계열,46,291,46
114,2024,디스플레이신소재공학과,공학계열,50,318,50
114,2024,디지털애니메이션학과,예체능계열,30,435,30
114,2024,메카트로닉스공학과,공학계열,30,8,7
114,2024,메타버스&게임학과,공학계열,42,342,42
114,2024,미디어커뮤니케이션학과,사회계열,60,608,61
114,2024,법학과,사회계열,41,366,41
114,2024,보건행정경영학과,사회계열,44,253,44
114,2024,사물인터넷학과,공학계열,46,388,46
114,2024,사회복지학과,사회계열,48,474,48
114,2024,사회체육학과,예체능계열,39,869,39
114,2024,산업경영공학과,공학계열,30,10,9
114,2024,생명과학과,자연계열,56,316,56
114,2024,세무회계학과,사회계열,30,0,0
114,2024,스마트모빌리티공학과,공학계열,40,62,22
114,2024,스마트자동차학과,공학계열,48,329,48
114,2024,스마트팩토리공학과,공학계열,50,56,20
114,2024,스포츠과학과,예체능계열,38,789,38
114,2024,스포츠의학과,예체능계열,39,371,39
114,2024,식품영양학과,자연계열,50,407,50
114,2024,에너지공학과,공학계열,40,264,40
114,2024,에너지환경공학과,공학계열,40,264,40
114,2024,영미학과,인문계열,51,357,50
114,2024,유아교육과,교육계열,44,262,44
114,2024,융합기계학과,공학계열,30,0,0
114,2024,융합바이오화학공학과,공학계열,40,32,14
114,2024,의공학과,의약계열,31,212,31
114,2024,의료생명공학과,자연계열,40,293,40
114,2024,의료IT공학과,의약계열,47,234,51
114,2024,의약공학과,의약계열,42,245,42
114,2024,의예과,의약계열,101,1535,101
114,2024,임상병리학과,의약계열,48,501,48
114,2024,작업치료학과,의약계열,48,380,48
114,2024,전기공학과,공학계열,60,406,61
114,2024,전자공학과,공학계열,50,278,50
114,2024,전자정보공학과,공학계열,45,280,45
114,2024,정보보호학과,공학계열,55,229,55
114,2024,정보통신공학과,공학계열,47,244,48
114,2024,중국학과,인문계열,45,303,45
114,2024,청소년교육 ? 상담학과,사회계열,46,380,47
114,2024,컴퓨터공학과,공학계열,57,328,57
114,2024,컴퓨터소프트웨어공학과,공학계열,57,344,60
114,2024,특수교육과,교육계열,31,195,31
114,2024,한국문화콘텐츠학과,인문계열,31,166,32
114,2024,행정학과,사회계열,41,237,41
114,2024,화학공학과,공학계열,30,0,0
114,2024,화학과,자연계열,33,182,33
114,2024,환경보건학과,의약계열,51,335,51
114,2024,회계학과,사회계열,35,177,35
114,2024,AI?빅데이터학과,공학계열,42,292,43
114,2024,IT금융경영학과,사회계열,59,546,59
114,2025,간호학과,의약계열,73,687,73
114,2025,건축학과(5),공학계열,47,472,48
114,2025,경영학과,사회계열,81,426,57
114,2025,경제금융학과,사회계열,52,380,52
114,2025,경찰행정학과,사회계열,44,539,44
114,2025,공연영상학과,예체능계열,30,236,30
114,2025,관광경영학과,사회계열,52,479,53
114,2025,국제통상학과,사회계열,71,425,71
114,2025,글로벌문화산업학과,사회계열,31,402,31
114,2025,글로벌자유전공학과,인문계열,25,50,25
114,2025,기계공학과,공학계열,46,484,46
114,2025,기타모집단위,인문계열,44,0,0
114,2025,나노화학공학과,공학계열,45,271,45
114,2025,디스플레이신소재공학과,공학계열,50,301,50
114,2025,디지털애니메이션학과,예체능계열,30,420,30
114,2025,메카트로닉스공학과,공학계열,30,2,2
114,2025,메타버스&게임학과,공학계열,41,331,41
114,2025,미디어커뮤니케이션학과,사회계열,68,525,69
114,2025,법학과,사회계열,44,318,44
114,2025,보건행정경영학과,사회계열,42,361,42
114,2025,사물인터넷학과,공학계열,45,256,45
114,2025,사회복지학과,사회계열,46,605,47
114,2025,사회체육학과,예체능계열,39,848,39
114,2025,산업경영공학과,공학계열,30,6,6
114,2025,생명과학과,자연계열,58,416,58
114,2025,세무회계학과,사회계열,30,2,2
114,2025,스마트모빌리티공학과,공학계열,40,87,13
114,2025,스마트자동차학과,공학계열,47,407,48
114,2025,스마트팩토리공학과,공학계열,50,90,19
114,2025,스포츠과학과,예체능계열,38,1050,38
114,2025,스포츠의학과,예체능계열,39,460,39
114,2025,식품영양학과,자연계열,51,368,51
114,2025,에너지공학과,공학계열,40,185,40
114,2025,에너지환경공학과,공학계열,40,337,40
114,2025,영미학과,인문계열,51,312,51
114,2025,유아교육과,교육계열,43,300,43
114,2025,융합기계학과,공학계열,30,0,0
114,2025,융합바이오공학과,공학계열,40,52,13
114,2025,의공학과,의약계열,30,128,30
114,2025,의료생명공학과,자연계열,43,203,44
114,2025,의료IT공학과,의약계열,47,313,52
114,2025,의생명융합학부(바이오의약전공),자연계열,40,196,40
114,2025,의생명융합학부(헬스케어융합전공),자연계열,35,216,35
114,2025,의약공학과,의약계열,42,235,42
114,2025,의예과,의약계열,159,2482,159
114,2025,임상병리학과,의약계열,47,477,47
114,2025,작업치료학과,의약계열,43,316,43
114,2025,전기공학과,공학계열,60,305,60
114,2025,전자공학과,공학계열,54,273,54
114,2025,전자정보공학과,공학계열,45,230,45
114,2025,정보보호학과,공학계열,50,253,51
114,2025,정보통신공학과,공학계열,47,265,47
114,2025,중국학과,인문계열,45,236,45
114,2025,청소년교육 ? 상담학과,사회계열,47,373,49
114,2025,컴퓨터공학과,공학계열,60,421,62
114,2025,컴퓨터소프트웨어공학과,공학계열,57,426,61
114,2025,탄소중립학과,공학계열,40,238,40
114,2025,특수교육과,교육계열,31,175,31
114,2025,한국문화콘텐츠학과,인문계열,34,312,34
114,2025,행정학과,사회계열,39,355,39
114,2025,화학공학과,공학계열,30,0,0
114,2025,화학과,자연계열,32,245,32
114,2025,환경보건학과,의약계열,49,312,49
114,2025,회계학과,사회계열,33,232,33
114,2025,AI?빅데이터학과,공학계열,40,254,43
114,2025,IT금융경영학과,사회계열,59,377,59
114,2026,간호학과,의약계열,72,696,72
114,2026,건축학과(5),공학계열,46,335,46
114,2026,경영학과,사회계열,67,357,57
114,2026,경제금융학과,사회계열,52,374,52
114,2026,경찰행정학과,사회계열,48,711,48
114,2026,공연영상학과,예체능계열,30,330,30
114,2026,관광경영학과,사회계열,52,336,52
114,2026,국제통상학과,사회계열,73,428,73
114,2026,글로벌문화산업학과,사회계열,31,405,30
114,2026,글로벌보건학과,의약계열,8,9,8
114,2026,글로벌산업공학과,공학계열,25,50,25
114,2026,글로벌자유전공학과,인문계열,31,43,31
114,2026,기계공학과,공학계열,48,492,48
114,2026,기타모집단위,인문계열,28,0,0
114,2026,나노화학공학과,공학계열,44,465,44
114,2026,디스플레이신소재공학과,공학계열,50,239,50
114,2026,디지털애니메이션학과,예체능계열,30,376,30
114,2026,메카트로닉스공학과,공학계열,30,3,3
114,2026,메타버스&게임학과,공학계열,41,397,41
114,2026,미디어커뮤니케이션학과,사회계열,64,774,64
114,2026,법학과,사회계열,47,269,47
114,2026,보건행정경영학과,사회계열,43,475,43
114,2026,사물인터넷학과,공학계열,45,229,45
114,2026,사회복지학과,사회계열,51,605,51
114,2026,산업경영공학과,공학계열,30,4,4
114,2026,생명과학과,자연계열,54,343,54
114,2026,세무회계학과,사회계열,30,2,1
114,2026,스마트자동차학과,공학계열,46,333,46
114,2026,스마트제조관리공학과,공학계열,30,22,8
114,2026,스포츠과학과,예체능계열,39,1274,39
114,2026,스포츠응용산업학과,예체능계열,39,741,39
114,2026,스포츠의학과,예체능계열,39,670,39
114,2026,식품영양학과,자연계열,51,528,51
114,2026,에너지공학과,공학계열,40,344,40
114,2026,에너지환경공학과,공학계열,40,355,40
114,2026,영미학과,인문계열,51,384,51
114,2026,유아교육과,교육계열,41,281,41
114,2026,의공학과,의약계열,30,218,30
114,2026,의료생명공학과,자연계열,41,287,40
114,2026,의료IT공학과,의약계열,46,301,46
114,2026,의생명융합학부(바이오의약전공),자연계열,40,426,39
114,2026,의생명융합학부(헬스케어융합전공),자연계열,35,337,35
114,2026,의약공학과,의약계열,42,387,42
114,2026,의예과,의약계열,102,1762,113
114,2026,임상병리학과,의약계열,49,433,49
114,2026,작업치료학과,의약계열,46,345,46
114,2026,전기공학과,공학계열,64,373,64
114,2026,전자공학과,공학계열,52,301,52
114,2026,전자정보공학과,공학계열,45,298,45
114,2026,정보보호학과,공학계열,52,420,52
114,2026,정보통신공학과,공학계열,48,281,48
114,2026,중국학과,인문계열,45,315,45
114,2026,첨단융합공학부,공학계열,130,313,73
114,2026,청소년교육 · 상담학과,사회계열,47,326,47
114,2026,컴퓨터공학과,공학계열,56,291,56
114,2026,컴퓨터소프트웨어공학과,공학계열,60,408,60
114,2026,탄소중립학과,공학계열,40,355,40
114,2026,특수교육과,교육계열,31,312,31
114,2026,한국문화콘텐츠학과,인문계열,34,259,34
114,2026,행정학과,사회계열,41,248,41
114,2026,화학과,자연계열,33,195,33
114,2026,환경보건학과,의약계열,51,370,51
114,2026,회계학과,사회계열,35,144,35
114,2026,AI·빅데이터학과,공학계열,41,280,41
114,2026,IT금융경영학과,사회계열,58,662,58
115,2024,건축학부,공학계열,69,936,69
115,2024,건축학부 실내건축전공,공학계열,31,334,31
115,2024,경영학부,사회계열,210,1700,210
115,2024,경제학과,사회계열,101,722,101
115,2024,국어국문학과,인문계열,51,368,49
115,2024,국제무역학과,사회계열,55,464,55
115,2024,국제법무학과,사회계열,44,370,43
115,2024,글로벌미디어학부,공학계열,114,1058,114
115,2024,글로벌통상학과,사회계열,179,849,178
115,2024,금융경제학과,사회계열,55,734,55
115,2024,금융학부,사회계열,54,411,54
115,2024,기계공학부,공학계열,109,1355,109
115,2024,기독교학과,인문계열,33,401,31
115,2024,독어독문학과,인문계열,35,338,34
115,2024,물리학과,자연계열,49,480,49
115,2024,미디어경영학과,사회계열,43,667,41
115,2024,법학과,사회계열,70,855,70
115,2024,벤처경영학과,사회계열,4,4,4
115,2024,벤처중소기업학과,사회계열,74,509,74
115,2024,복지경영학과,사회계열,5,5,5
115,2024,불어불문학과,인문계열,33,450,33
115,2024,사학과,인문계열,35,426,34
115,2024,사회복지학부,사회계열,55,709,55
115,2024,산업?정보시스템공학과,공학계열,102,1026,102
115,2024,소프트웨어학부,공학계열,96,1170,95
115,2024,수학과,자연계열,41,495,41
115,2024,스포츠학부,예체능계열,56,859,56
115,2024,신소재공학과,공학계열,103,1628,103
115,2024,언론홍보학과,사회계열,76,493,76
115,2024,영어영문학과,인문계열,88,1092,88
115,2024,예술창작학부 문예창작전공,인문계열,28,792,28
115,2024,예술창작학부 영화예술전공,예체능계열,40,1655,40
115,2024,융합특성화자유전공학부,공학계열,56,758,56
115,2024,의생명시스템학부,자연계열,57,1485,57
115,2024,일어일문학과,인문계열,41,635,41
115,2024,전기공학부,공학계열,126,1218,126
115,2024,전자정보공학부 전자공학전공,공학계열,113,1358,112
115,2024,전자정보공학부 IT융합전공,공학계열,112,1491,112
115,2024,정보보호학과,사회계열,20,254,20
115,2024,정보사회학과,사회계열,32,305,32
115,2024,정보통계?보험수리학과,자연계열,45,436,45
115,2024,정치외교학과,사회계열,41,458,38
115,2024,중어중문학과,인문계열,39,291,39
115,2024,철학과,인문계열,35,565,34
115,2024,컴퓨터학부,공학계열,107,1356,106
115,2024,평생교육학과,교육계열,32,360,32
115,2024,행정학부,사회계열,79,583,79
115,2024,혁신경영학과,사회계열,12,12,12
115,2024,화학공학과,공학계열,121,1299,121
115,2024,화학과,자연계열,50,660,50
115,2024,회계학과,사회계열,60,362,60
115,2024,AI융합학부,공학계열,83,1004,83
115,2025,건축학부,공학계열,60,1215,60
115,2025,건축학부 실내건축전공,공학계열,28,280,28
115,2025,경영학부,사회계열,181,1801,179
115,2025,경제학과,사회계열,91,758,91
115,2025,국어국문학과,인문계열,34,430,34
115,2025,국제무역학과,사회계열,53,449,53
115,2025,국제법무학과,사회계열,37,537,37
115,2025,글로벌미디어학부,공학계열,84,1067,84
115,2025,글로벌통상학과,사회계열,138,1254,138
115,2025,금융경제학과,사회계열,53,725,53
115,2025,금융학부,사회계열,46,444,46
115,2025,기계공학부,공학계열,97,1845,97
115,2025,기독교학과,인문계열,28,300,28
115,2025,독어독문학과,인문계열,30,559,30
115,2025,물리학과,자연계열,42,585,42
115,2025,미디어경영학과,사회계열,41,577,41
115,2025,법학과,사회계열,63,687,63
115,2025,벤처경영학과,사회계열,2,3,2
115,2025,벤처중소기업학과,사회계열,63,663,63
115,2025,복지경영학과,사회계열,6,6,6
115,2025,불어불문학과,인문계열,30,485,30
115,2025,사학과,인문계열,31,420,31
115,2025,사회복지학부,사회계열,52,990,52
115,2025,산업?정보시스템공학과,공학계열,90,1320,90
115,2025,소프트웨어학부,공학계열,81,1531,81
115,2025,수학과,자연계열,37,507,37
115,2025,스포츠학부,예체능계열,58,1137,58
115,2025,신소재공학과,공학계열,92,1705,92
115,2025,언론홍보학과,사회계열,47,560,47
115,2025,영어영문학과,인문계열,77,963,76
115,2025,예술창작학부 문예창작전공,인문계열,26,900,26
115,2025,예술창작학부 영화예술전공,예체능계열,40,1899,40
115,2025,의생명시스템학부,자연계열,52,1120,52
115,2025,일어일문학과,인문계열,38,549,38
115,2025,자유전공학부(인문),무전공,183,1936,0
115,2025,자유전공학부(자연),무전공,256,2029,0
115,2025,전기공학부,공학계열,113,1693,113
115,2025,전자정보공학부 전자공학전공,공학계열,85,1542,85
115,2025,전자정보공학부 IT융합전공,공학계열,86,1372,86
115,2025,정보보호학과,사회계열,20,212,18
115,2025,정보사회학과,사회계열,27,400,27
115,2025,정보통계?보험수리학과,자연계열,40,572,40
115,2025,정치외교학과,사회계열,40,553,39
115,2025,중어중문학과,인문계열,30,363,30
115,2025,철학과,인문계열,31,564,31
115,2025,컴퓨터학부,공학계열,83,1357,83
115,2025,평생교육학과,교육계열,29,496,28
115,2025,행정학부,사회계열,68,833,67
115,2025,혁신경영학과,사회계열,7,8,7
115,2025,화학공학과,공학계열,97,1468,97
115,2025,화학과,자연계열,42,650,42
115,2025,회계학과,사회계열,53,454,52
115,2025,AI융합학부,공학계열,56,910,56
115,2026,건축학부,공학계열,65,1466,65
115,2026,건축학부 실내건축전공,공학계열,27,288,27
115,2026,경영학부,사회계열,151,2437,151
115,2026,경제학과,사회계열,88,777,88
115,2026,국어국문학과,인문계열,30,490,30
115,2026,국제무역학과,사회계열,53,318,53
115,2026,국제법무학과,사회계열,38,410,38
115,2026,글로벌미디어학부,공학계열,86,894,85
115,2026,글로벌통상학과,사회계열,121,1098,121
115,2026,금융경제학과,사회계열,53,537,53
115,2026,금융학부,사회계열,46,392,46
115,2026,기계공학부,공학계열,101,1543,101
115,2026,기독교학과,인문계열,29,328,28
115,2026,독어독문학과,인문계열,33,827,33
115,2026,디지털미디어학과,사회계열,41,363,41
115,2026,물리학과,자연계열,47,588,47
115,2026,법학과,사회계열,63,799,63
115,2026,벤처경영학과,사회계열,5,5,5
115,2026,벤처중소기업학과,사회계열,63,691,63
115,2026,복지경영학과,사회계열,3,3,2
115,2026,불어불문학과,인문계열,29,453,29
115,2026,사학과,인문계열,31,423,30
115,2026,사회복지학부,사회계열,49,789,49
115,2026,산업·정보시스템공학과,공학계열,90,1020,90
115,2026,수학과,자연계열,37,530,37
115,2026,스포츠학부,예체능계열,56,1397,56
115,2026,신소재공학과,공학계열,96,1933,96
115,2026,언론홍보학과,사회계열,37,629,37
115,2026,영어영문학과,인문계열,76,1115,75
115,2026,예술창작학부 문예창작전공,인문계열,25,1004,25
115,2026,예술창작학부 영화예술전공,예체능계열,39,2103,39
115,2026,의생명시스템학부,자연계열,55,1491,55
115,2026,일어일문학과,인문계열,34,560,34
115,2026,자유전공학부(인문),무전공,183,1179,0
115,2026,자유전공학부(자연),무전공,214,2216,0
115,2026,전기공학부,공학계열,119,1296,119
115,2026,전자정보공학부 전자공학전공,공학계열,92,1164,92
115,2026,전자정보공학부 IT융합전공,공학계열,89,1166,89
115,2026,정보보호학과,사회계열,20,244,20
115,2026,정보사회학과,사회계열,27,466,27
115,2026,정보통계·보험수리학과,자연계열,40,429,40
115,2026,정치외교학과,사회계열,35,647,34
115,2026,중어중문학과,인문계열,30,376,30
115,2026,철학과,인문계열,30,946,30
115,2026,컴퓨터학부,공학계열,88,1135,88
115,2026,평생교육학과,교육계열,29,418,28
115,2026,행정학부,사회계열,68,810,68
115,2026,혁신경영학과,사회계열,3,3,3
115,2026,화학공학과,공학계열,94,1398,94
115,2026,화학과,자연계열,50,742,50
115,2026,회계학과,사회계열,53,403,52
115,2026,AI소프트웨어학부,공학계열,172,2401,172
116,2024,2차전지재료학과,공학계열,40,46,27
116,2024,게임디자인?애니메이션학과,예체능계열,40,64,8
116,2024,관광사업경영학과,사회계열,80,101,54
116,2024,기타모집단위,인문계열,48,0,0
116,2024,말산업학과,자연계열,40,49,40
116,2024,문화유산학과,인문계열,40,45,7
116,2024,방사선학과,의약계열,20,50,21
116,2024,사회복지학과,사회계열,40,65,34
116,2024,스마트팜농산업학과,자연계열,30,40,29
116,2024,악기제작학과,예체능계열,40,73,43
116,2024,외식조리학과,자연계열,40,57,26
116,2024,원자력에너지산업학과,공학계열,40,6,1
116,2024,장례문화산업학과,사회계열,35,48,35
116,2024,재난안전경영학과,공학계열,30,40,30
116,2024,축구?생활체육학과,예체능계열,40,35,0
116,2024,치위생학과,의약계열,40,71,41
116,2024,태권도?경호탐정학과,예체능계열,40,53,40
116,2024,호텔경영학과,사회계열,40,20,4
116,2024,AI융합미디어창업학과,예체능계열,40,43,40
116,2024,AI전기자동차학과,공학계열,40,45,40
116,2024,K-뷰티?음악학과,예체능계열,40,61,40
116,2024,K-푸드창업학과,자연계열,36,60,11
116,2025,관광사업경영학과,사회계열,65,81,57
116,2025,글로벌융합학부,사회계열,150,96,74
116,2025,기타모집단위,인문계열,43,0,0
116,2025,말산업학과,자연계열,44,68,40
116,2025,미래에너지산업학과,공학계열,44,39,35
116,2025,방사선학과,의약계열,20,33,20
116,2025,사회복지학과,사회계열,44,93,43
116,2025,생활체육리더양성학과,예체능계열,40,43,39
116,2025,스마트배터리학과,공학계열,44,42,37
116,2025,스마트팜농산업학과,자연계열,44,54,42
116,2025,실감미디어창업학과,예체능계열,50,44,40
116,2025,악기제작학과,예체능계열,40,23,20
116,2025,장례문화산업학과,사회계열,41,55,41
116,2025,재난안전경영학과,공학계열,44,44,42
116,2025,조선플랜트학과,공학계열,44,23,19
116,2025,치위생학과,의약계열,44,76,27
116,2025,향장아트학과,예체능계열,41,51,41
116,2025,AI전기자동차학과,공학계열,44,50,44
116,2026,관광사업경영학과,사회계열,40,32,2
116,2026,글로벌외식조리학과,자연계열,34,20,8
116,2026,글로벌융합학부,사회계열,80,50,13
116,2026,기타모집단위,인문계열,40,0,0
116,2026,말산업학과,자연계열,34,34,28
116,2026,반려동물학과,자연계열,25,15,7
116,2026,방사선학과,의약계열,20,42,20
116,2026,사회복지학과,사회계열,44,44,32
116,2026,산업안전보건학과,의약계열,43,41,38
116,2026,스마트팜농축산업학과,자연계열,23,35,19
116,2026,스포츠리더양성학과,예체능계열,42,58,36
116,2026,악기제작학과,예체능계열,30,32,29
116,2026,장례문화산업학과,사회계열,31,43,30
116,2026,치위생학과,의약계열,44,62,34
116,2026,AI융합미디어창업학과(2026),사회계열,34,36,31
116,2026,AI전기자동차학과,공학계열,34,51,30
116,2026,K뷰티예술학과,예체능계열,30,60,30
117,2024,간호학과,의약계열,77,916,77
117,2024,건축학과,공학계열,21,124,12
117,2024,경영학과,사회계열,43,179,32
117,2024,경찰행정학과,사회계열,57,237,51
117,2024,광고홍보영상미디어학부,사회계열,60,233,41
117,2024,교육학과,교육계열,22,104,19
117,2024,국어교육과,교육계열,33,96,30
117,2024,국제계열,사회계열,33,50,0
117,2024,기업경영학과,사회계열,7,7,7
117,2024,기타모집단위,인문계열,20,0,0
117,2024,문헌정보학과,인문계열,31,152,26
117,2024,문화콘텐츠학과,인문계열,20,104,9
117,2024,물리치료학과,의약계열,63,670,62
117,2024,미디어문예창작학과,사회계열,30,107,22
117,2024,미래융합학과,공학계열,128,267,83
117,2024,반려동물학과,자연계열,71,481,63
117,2024,배터리?자동차공학부,공학계열,30,141,17
117,2024,보건행정학과,사회계열,32,164,19
117,2024,뷰티케어학과,예체능계열,32,110,26
117,2024,사회복지상담학과,사회계열,60,273,56
117,2024,사회복지학과,사회계열,69,245,57
117,2024,산업설비융합학과,공학계열,4,4,4
117,2024,상담심리복지학과,사회계열,42,161,27
117,2024,소방안전학과,공학계열,57,226,46
117,2024,수학교육과,교육계열,22,69,20
117,2024,시각디자인학과,예체능계열,26,147,18
117,2024,식품영양학과,자연계열,40,193,22
117,2024,식품조리학과,자연계열,48,238,42
117,2024,실내건축디자인학과,예체능계열,26,119,24
117,2024,역사교육과,교육계열,33,121,32
117,2024,영어교육과,교육계열,34,103,31
117,2024,웹툰학과,예체능계열,30,159,27
117,2024,유아교육과,교육계열,33,159,32
117,2024,일본어일본학과,인문계열,25,167,17
117,2024,일어교육과,교육계열,22,81,18
117,2024,자동차?기계공학과,공학계열,42,68,40
117,2024,전기전자공학과,공학계열,22,129,11
117,2024,체육학부,예체능계열,51,173,51
117,2024,치위생학과,의약계열,47,302,45
117,2024,컴퓨터공학부,공학계열,42,199,22
117,2024,컴퓨터교육과,교육계열,23,88,22
117,2024,패션디자인학과,예체능계열,25,129,23
117,2024,항공교통관리학과,공학계열,30,124,25
117,2024,항공기계공학과,공학계열,27,138,19
117,2024,항공물류학과,사회계열,30,160,22
117,2024,항공서비스학과,사회계열,43,145,39
117,2024,항공운항학과,공학계열,33,128,29
117,2024,항공정비학과,공학계열,46,210,42
117,2024,행정학과,사회계열,20,77,11
117,2024,호텔?의료관광경영학부,사회계열,41,211,37
117,2025,간호학과,의약계열,107,1053,107
117,2025,건축학과,공학계열,1,0,0
117,2025,"건축학과(4년제, 5년제)",공학계열,20,103,20
117,2025,경영학과,사회계열,49,194,37
117,2025,경찰행정학과,사회계열,58,300,55
117,2025,광고홍보영상미디어학부,사회계열,69,280,51
117,2025,교육학과,교육계열,22,98,20
117,2025,국어교육과,교육계열,33,112,30
117,2025,국제대학,사회계열,58,64,0
117,2025,글로벌공과대학,공학계열,140,203,0
117,2025,글로벌비즈니스학과,사회계열,45,16,10
117,2025,기업경영학과,사회계열,7,7,7
117,2025,문헌정보학과,인문계열,30,158,22
117,2025,문화콘텐츠학과,인문계열,20,90,17
117,2025,물리치료학과,의약계열,63,476,60
117,2025,미디어문예창작학과,사회계열,32,132,25
117,2025,미래융합학과,공학계열,100,346,87
117,2025,반려동물학과,자연계열,71,446,67
117,2025,보건행정학과,사회계열,24,122,16
117,2025,뷰티케어학과,예체능계열,36,169,25
117,2025,사회복지상담학과,사회계열,65,206,56
117,2025,사회복지학과,사회계열,68,338,59
117,2025,산업디자인융합학과,예체능계열,10,3,2
117,2025,산업설비융합학과,공학계열,4,4,4
117,2025,상담치료복지학과,사회계열,40,154,33
117,2025,소방안전?응급구조학과,공학계열,64,332,60
117,2025,수학교육과,교육계열,22,58,20
117,2025,시각디자인학과,예체능계열,21,110,15
117,2025,식품영양베이커리학부,자연계열,43,227,37
117,2025,식품조리학과,자연계열,49,236,43
117,2025,신소재반도체공학과,공학계열,0,5,4
117,2025,실내건축디자인학과,예체능계열,20,108,18
117,2025,역사교육과,교육계열,33,206,30
117,2025,영어교육과,교육계열,33,104,30
117,2025,웹툰학과,예체능계열,30,120,30
117,2025,유아교육과,교육계열,33,139,32
117,2025,일본어일본학과,인문계열,25,153,18
117,2025,일어교육과,교육계열,22,113,20
117,2025,자동차?기계공학과,공학계열,65,150,130
117,2025,전기전자공학과,공학계열,2,12,8
117,2025,체육학부,예체능계열,52,254,51
117,2025,치위생학과,의약계열,46,365,43
117,2025,컴퓨터공학과,공학계열,4,23,23
117,2025,컴퓨터교육과,교육계열,22,111,21
117,2025,패션디자인학과,예체능계열,25,122,24
117,2025,항공교통물류학부,공학계열,44,251,38
117,2025,항공서비스학과,사회계열,48,193,42
117,2025,항공운항학과,공학계열,30,146,30
117,2025,항공정비학과,공학계열,48,266,46
117,2025,행정학과,사회계열,20,79,15
117,2025,호텔?의료관광경영학부,사회계열,2,0,0
117,2025,호텔관광경영학부,사회계열,41,201,36
117,2025,K-Culture학과,인문계열,3,67,53
117,2026,간호학과,의약계열,109,1174,109
117,2026,"건축학과(4년제, 5년제)",공학계열,20,160,20
117,2026,게임콘텐츠디자인학과,예체능계열,20,125,20
117,2026,경영학과,사회계열,38,243,38
117,2026,경찰행정학과,사회계열,57,489,56
117,2026,교육학과,교육계열,22,123,21
117,2026,국어교육과,교육계열,33,150,33
117,2026,국제대학,사회계열,79,160,78
117,2026,글로벌공과대학,공학계열,176,278,177
117,2026,글로벌비즈니스학과,사회계열,0,9,0
117,2026,기업경영학과,사회계열,5,5,5
117,2026,문헌정보학과,인문계열,30,246,30
117,2026,문화콘텐츠학과,인문계열,20,126,20
117,2026,물리치료학과,의약계열,64,832,64
117,2026,미디어문예창작학과,사회계열,27,201,26
117,2026,미디어커뮤니케이션학부,사회계열,60,391,59
117,2026,미래융합학과,공학계열,110,394,112
117,2026,반려동물학부,자연계열,84,503,84
117,2026,뷰티케어학과,예체능계열,33,216,30
117,2026,사회복지상담학과,사회계열,84,409,85
117,2026,사회복지학과,사회계열,59,430,59
117,2026,산업설비융합학과,공학계열,5,5,5
117,2026,상담치료복지학과,사회계열,30,144,29
117,2026,소방안전학과,공학계열,52,297,52
117,2026,수학교육과,교육계열,22,86,20
117,2026,실내건축디자인학과,예체능계열,20,125,20
117,2026,역사교육과,교육계열,33,204,33
117,2026,영어교육과,교육계열,32,126,30
117,2026,외식조리학부,자연계열,77,481,73
117,2026,웹툰학과,예체능계열,33,185,33
117,2026,유아교육과,교육계열,32,187,32
117,2026,융합기술공학과,공학계열,20,111,20
117,2026,응급구조학과,의약계열,34,349,34
117,2026,일본어일본학과,인문계열,20,189,20
117,2026,일어교육과,교육계열,22,130,21
117,2026,체육학부,예체능계열,52,332,51
117,2026,치위생학과,의약계열,46,613,46
117,2026,컴퓨터교육과,교육계열,22,176,22
117,2026,패션디자인학과,예체능계열,27,153,27
117,2026,항공교통물류학부,공학계열,37,213,37
117,2026,항공서비스학과,사회계열,48,255,47
117,2026,항공운항학과,공학계열,35,152,35
117,2026,항공정비학과,공학계열,53,401,53
117,2026,호텔관광학과,사회계열,0,2,0
117,2026,호텔관광학부,사회계열,35,293,35
118,2024,간호학과,의약계열,102,1636,102
118,2024,겨루기전공,예체능계열,30,94,30
118,2024,경찰행정학과,사회계열,30,318,30
118,2024,공연예술학과,예체능계열,30,713,30
118,2024,국제개발협력학과,사회계열,32,259,32
118,2024,글로벌관광경영학과,사회계열,86,792,86
118,2024,글로벌무역학과,사회계열,40,298,40
118,2024,기계공학과,공학계열,30,244,30
118,2024,모델콘텐츠학과,예체능계열,31,241,31
118,2024,미디어영상학과,예체능계열,35,593,41
118,2024,미래스포츠융합학과,예체능계열,30,430,30
118,2024,미래자동차공학과,공학계열,32,279,32
118,2024,바이오식품외식산업학과,자연계열,22,264,22
118,2024,방사선학과,의약계열,67,1042,67
118,2024,빅데이터경영학과,사회계열,35,411,35
118,2024,사이버드론봇군사학과,공학계열,30,181,29
118,2024,사회복지학과,사회계열,35,496,35
118,2024,산업디자인학과,예체능계열,33,289,33
118,2024,상담심리학과,인문계열,34,441,34
118,2024,소프트웨어융합학과,공학계열,62,627,62
118,2024,스포츠의학과,예체능계열,34,388,34
118,2024,시범문화전공,예체능계열,40,230,40
118,2024,식품영양학과,자연계열,29,362,29
118,2024,실내디자인학과,예체능계열,34,317,36
118,2024,안경광학과,공학계열,29,291,29
118,2024,에너지공학과,공학계열,30,369,30
118,2024,유아교육과,교육계열,69,575,69
118,2024,임상병리학과,의약계열,68,957,68
118,2024,전자공학과,공학계열,32,238,32
118,2024,첨단소재공학과,공학계열,30,345,30
118,2024,치기공학과,의약계열,74,575,74
118,2024,치위생학과,의약계열,53,729,53
118,2024,토지행정학과,사회계열,41,245,41
118,2024,패션디자인학과,예체능계열,36,394,34
118,2024,품새전공,예체능계열,30,193,30
118,2024,행정학과,사회계열,41,267,41
118,2024,K-뷰티학과,예체능계열,34,447,34
118,2024,K-POP학과,예체능계열,20,87,20
118,2025,간호학과,의약계열,102,2152,102
118,2025,간호헬스케어학과(보건),의약계열,2,2,2
118,2025,겨루기전공,예체능계열,30,110,30
118,2025,경영대학(자율전공),사회계열,240,2071,240
118,2025,공연예술학과,예체능계열,30,808,30
118,2025,글로벌경영학과,사회계열,3,8,3
118,2025,기계공학과,공학계열,30,467,30
118,2025,기계자동차학과,공학계열,0,2,0
118,2025,기타모집단위,인문계열,28,0,0
118,2025,모델콘텐츠학과,예체능계열,30,280,30
118,2025,모델학과,예체능계열,0,1,0
118,2025,미디어커뮤니케이션학과,사회계열,0,1,0
118,2025,미래스포츠융합학과,예체능계열,30,424,30
118,2025,미래자동차공학과,공학계열,32,281,32
118,2025,바이오식품외식산업학과,자연계열,21,236,21
118,2025,방사선학과,의약계열,73,1318,73
118,2025,사이버드론봇군사학과,공학계열,30,286,30
118,2025,사회과학대학(자율전공),사회계열,187,1776,187
118,2025,산업디자인학과,예체능계열,32,314,32
118,2025,소프트웨어공학과,공학계열,1,1,1
118,2025,소프트웨어융합학과,공학계열,60,690,60
118,2025,스포츠의학과,예체능계열,34,241,34
118,2025,스포츠학부,예체능계열,1,4,1
118,2025,시범문화전공,예체능계열,40,261,40
118,2025,식품영양학과,자연계열,28,260,28
118,2025,실내디자인학과,예체능계열,41,306,41
118,2025,안경광학과,공학계열,26,281,26
118,2025,에너지공학과,공학계열,32,305,32
118,2025,유아교육과,교육계열,68,674,68
118,2025,유아통합교육학과,교육계열,0,1,0
118,2025,임상병리학과,의약계열,75,982,75
118,2025,전자공학과,공학계열,30,317,30
118,2025,첨단소재공학과,공학계열,31,232,31
118,2025,치기공학과,의약계열,71,479,71
118,2025,치위생학과,의약계열,55,746,55
118,2025,패션디자인학과,예체능계열,32,446,32
118,2025,품새전공,예체능계열,30,200,30
118,2025,K-뷰티학과,예체능계열,35,492,35
118,2025,K-POP학과,예체능계열,21,110,21
118,2025,K뷰티패션학과,예체능계열,1,3,1
118,2026,간호학과,의약계열,103,2284,103
118,2026,겨루기전공,예체능계열,31,131,31
118,2026,경영대학(자율전공),사회계열,276,2784,276
118,2026,공연예술학과,예체능계열,30,936,30
118,2026,글로벌경영학과,사회계열,24,56,24
118,2026,기계공학과,공학계열,33,269,33
118,2026,기계자동차학과,공학계열,1,1,1
118,2026,기타모집단위,인문계열,27,0,0
118,2026,모델콘텐츠학과,예체능계열,31,335,31
118,2026,미디어커뮤니케이션학과,사회계열,3,4,3
118,2026,미래스포츠융합학과,예체능계열,30,271,30
118,2026,미래자동차공학과,공학계열,44,213,44
118,2026,바이오식품외식산업학과,자연계열,20,139,20
118,2026,방사선학과,의약계열,74,1587,74
118,2026,사이버드론봇군사학과,공학계열,31,299,31
118,2026,사회과학대학(자율전공),사회계열,189,2017,189
118,2026,산업디자인학과,예체능계열,33,309,33
118,2026,소프트웨어융합학과,공학계열,69,689,69
118,2026,스포츠의학과,예체능계열,34,363,34
118,2026,스포츠학부,예체능계열,1,1,1
118,2026,시범문화전공,예체능계열,40,324,40
118,2026,식품영양학과,자연계열,29,272,29
118,2026,실내디자인학과,예체능계열,38,299,38
118,2026,안경광학과,공학계열,26,211,26
118,2026,에너지공학과,공학계열,31,238,31
118,2026,유아교육과,교육계열,68,731,68
118,2026,유아통합교육학과,교육계열,0,1,0
118,2026,임상병리학과,의약계열,75,1203,75
118,2026,전자공학과,공학계열,32,317,32
118,2026,첨단소재공학과,공학계열,30,397,30
118,2026,치기공학과,의약계열,75,663,75
118,2026,치위생학과,의약계열,52,990,52
118,2026,패션디자인학과,예체능계열,33,402,33
118,2026,품새전공,예체능계열,30,224,30
118,2026,한국어교육학과,교육계열,9,10,9
118,2026,K-뷰티학과,예체능계열,36,627,36
118,2026,K-POP학과,예체능계열,20,92,20
118,2026,K뷰티패션학과,예체능계열,2,4,2
119,2024,기독교교육과 미디어학과,인문계열,30,20,14
119,2024,기독교상담학과,인문계열,30,18,9
119,2024,기타모집단위,인문계열,10,7,0
119,2024,사회복지선교학과,인문계열,30,15,12
119,2024,신학과,인문계열,40,34,19
119,2025,기독교교육과 미디어학과,인문계열,30,21,11
119,2025,기독교상담학과,인문계열,30,22,11
119,2025,기타모집단위,인문계열,9,2,0
119,2025,사회복지선교학과,인문계열,30,20,10
119,2025,신학과,인문계열,40,39,18
119,2026,기독교교육과 미디어학과,인문계열,30,24,15
119,2026,기독교상담학과,인문계열,30,17,6
119,2026,기타모집단위,인문계열,9,6,0
119,2026,사회복지선교학과,인문계열,30,29,11
119,2026,신학과,인문계열,40,33,16
119,2026,종교문화콘텐츠학과,인문계열,147,0,147
120,2024,간호학과,의약계열,73,1053,74
120,2024,건설시스템공학과,공학계열,41,407,41
120,2024,건축학과,공학계열,77,1419,83
120,2024,경영인텔리전스학과,사회계열,44,422,44
120,2024,경영학과,사회계열,118,2788,143
120,2024,경제학과,사회계열,55,519,57
120,2024,교통시스템공학과,공학계열,40,325,40
120,2024,국방디지털융합학과,공학계열,30,251,30
120,2024,국어국문학과,인문계열,33,901,42
120,2024,글로벌경영학과,사회계열,52,256,50
120,2024,금융공학과,사회계열,40,251,40
120,2024,기계공학과,공학계열,139,1989,146
120,2024,기타모집단위,인문계열,37,0,0
120,2024,디지털미디어학과,사회계열,102,1337,111
120,2024,문화콘텐츠학과,인문계열,30,746,45
120,2024,물리학과,자연계열,35,274,35
120,2024,불어불문학과,인문계열,30,277,30
120,2024,사이버보안학과,공학계열,42,308,44
120,2024,사학과,인문계열,30,346,31
120,2024,사회학과,사회계열,33,703,34
120,2024,산업공학과,공학계열,89,856,89
120,2024,생명과학과,자연계열,48,668,51
120,2024,소프트웨어학과,공학계열,109,2295,136
120,2024,수학과,자연계열,42,749,43
120,2024,스포츠레저학과,예체능계열,10,26,10
120,2024,심리학과,인문계열,46,522,52
120,2024,약학과,의약계열,36,978,36
120,2024,영어영문학과,인문계열,63,642,65
120,2024,융합시스템공학과,공학계열,53,330,49
120,2024,응용화학생명공학과,자연계열,75,818,76
120,2024,의학과(예과),의약계열,41,5000,47
120,2024,전자공학과,공학계열,198,3753,202
120,2024,정치외교학과,사회계열,32,668,33
120,2024,지능형반도체공학과,공학계열,40,507,40
120,2024,첨단신소재공학과,공학계열,46,761,47
120,2024,행정학과,사회계열,45,408,46
120,2024,화학공학과,공학계열,47,1141,51
120,2024,화학과,자연계열,39,488,41
120,2024,환경안전공학과,자연계열,40,520,39
120,2024,AI모빌리티공학과,공학계열,40,535,40
120,2025,간호학과,의약계열,73,867,74
120,2025,건설시스템공학과,공학계열,33,324,33
120,2025,건축학과,공학계열,64,1369,70
120,2025,경영인텔리전스학과,사회계열,36,304,36
120,2025,경영학과,사회계열,98,2979,166
120,2025,경제정치사회융합학부,사회계열,114,1386,117
120,2025,교통시스템공학과,공학계열,33,281,33
120,2025,국방디지털융합학과,공학계열,30,167,30
120,2025,국어국문학과,인문계열,27,609,44
120,2025,글로벌경영학과,사회계열,55,219,50
120,2025,금융공학과,사회계열,32,209,32
120,2025,기계공학과,공학계열,120,1238,127
120,2025,기타모집단위,인문계열,40,272,0
120,2025,디지털미디어학과,사회계열,84,772,103
120,2025,문화콘텐츠학과,인문계열,25,332,65
120,2025,미래모빌리티공학과,공학계열,137,1680,137
120,2025,불어불문학과,인문계열,25,211,24
120,2025,사이버보안학과,공학계열,35,281,36
120,2025,사학과,인문계열,25,218,26
120,2025,산업공학과,공학계열,74,547,75
120,2025,소프트웨어학과,공학계열,89,1950,115
120,2025,수학과,자연계열,34,653,34
120,2025,스포츠레저학과,예체능계열,10,47,10
120,2025,심리학과,인문계열,38,459,43
120,2025,약학과,의약계열,36,5220,36
120,2025,영어영문학과,인문계열,52,433,56
120,2025,융합시스템공학과,공학계열,56,320,50
120,2025,응용화학과,자연계열,34,285,34
120,2025,의학과(예과),의약계열,112,3763,114
120,2025,자유전공학부(인문),무전공,61,1037,61
120,2025,자유전공학부(자연),무전공,113,1542,115
120,2025,전자공학과,공학계열,153,3155,160
120,2025,지능형반도체공학과,공학계열,40,482,40
120,2025,첨단바이오융합대학,공학계열,78,722,79
120,2025,첨단신소재공학과,공학계열,88,994,89
120,2025,프런티어과학학부,자연계열,114,1456,114
120,2025,행정학과,사회계열,37,797,38
120,2025,화학공학과,공학계열,39,636,41
120,2025,환경안전공학과,자연계열,33,385,33
120,2026,간호학과,의약계열,73,926,74
120,2026,건설시스템공학과,공학계열,32,345,33
120,2026,건축학과,공학계열,62,1091,66
120,2026,경영인텔리전스학과,사회계열,35,765,34
120,2026,경영학과,사회계열,96,2802,97
120,2026,경제정치사회융합학부,사회계열,114,2114,116
120,2026,교통시스템공학과,공학계열,32,280,32
120,2026,국방디지털융합학과,공학계열,30,248,30
120,2026,국어국문학과,인문계열,27,690,38
120,2026,국제경영학과,사회계열,0,143,94
120,2026,글로벌경영학과,사회계열,57,220,50
120,2026,금융공학과,사회계열,32,210,31
120,2026,기계공학과,공학계열,120,1498,127
120,2026,기타모집단위,인문계열,34,273,0
120,2026,디지털미디어학과,사회계열,83,856,93
120,2026,문화콘텐츠학과,인문계열,26,418,47
120,2026,미래모빌리티공학과,공학계열,137,1414,137
120,2026,불어불문학과,인문계열,25,274,25
120,2026,사이버보안학과,공학계열,35,307,35
120,2026,사학과,인문계열,25,244,26
120,2026,산업공학과,공학계열,73,871,74
120,2026,소프트웨어학과,공학계열,89,1184,119
120,2026,수학과,자연계열,34,573,34
120,2026,스포츠레저학과,예체능계열,10,35,10
120,2026,심리학과,인문계열,38,829,50
120,2026,약학과,의약계열,36,4262,36
120,2026,영어영문학과,인문계열,51,464,59
120,2026,융합시스템공학과,공학계열,57,319,54
120,2026,응용화학과,자연계열,33,283,32
120,2026,의학과(예과),의약계열,42,2558,44
120,2026,자유전공학부(인문),무전공,62,820,63
120,2026,자유전공학부(자연),무전공,113,1526,115
120,2026,전자공학과,공학계열,151,2830,157
120,2026,지능형반도체공학과,공학계열,81,1203,81
120,2026,첨단바이오융합대학,공학계열,111,856,113
120,2026,첨단신소재공학과,공학계열,88,1014,92
120,2026,프런티어과학학부,자연계열,114,1695,117
120,2026,행정학과,사회계열,36,379,36
120,2026,화학공학과,공학계열,38,571,39
120,2026,환경안전공학과,자연계열,33,680,32
121,2024,게임콘텐츠학과,공학계열,23,231,23
121,2024,공연예술학과,예체능계열,22,963,22
121,2024,관광경영학과,사회계열,47,549,47
121,2024,국어국문학과,인문계열,32,361,32
121,2024,글로벌경영학과,사회계열,128,1410,121
121,2024,기독교교육과,교육계열,28,163,28
121,2024,기타모집단위,인문계열,22,0,0
121,2024,도시정보공학과,공학계열,82,638,75
121,2024,디지털미디어디자인학과(공학),공학계열,36,571,36
121,2024,러시아언어문화학과,인문계열,28,346,28
121,2024,뷰티메디컬디자인학과,예체능계열,20,303,20
121,2024,소프트웨어학과,공학계열,45,489,45
121,2024,스마트시티공학과,공학계열,36,208,36
121,2024,스포츠과학과,예체능계열,24,109,24
121,2024,스포츠산업학과,사회계열,21,83,21
121,2024,식품영양학과,자연계열,45,485,45
121,2024,신학과,인문계열,28,253,28
121,2024,영미언어문화학과,인문계열,32,389,32
121,2024,유아교육과,교육계열,36,426,36
121,2024,음악학과,예체능계열,37,177,37
121,2024,정보전기전자공학과,공학계열,122,1468,119
121,2024,중국언어문화학과,인문계열,33,299,33
121,2024,체육학과,예체능계열,24,86,24
121,2024,컴퓨터공학과,공학계열,47,511,47
121,2024,통계데이터사이언스학과,자연계열,73,751,64
121,2024,해양바이오공학과,자연계열,24,158,24
121,2024,행정학과,사회계열,74,651,65
121,2024,화장품발명디자인학과,공학계열,34,371,34
121,2024,환경에너지공학과,공학계열,42,396,42
121,2024,AI융합학과,공학계열,21,282,21
121,2025,게임콘텐츠학과,공학계열,20,245,20
121,2025,공연예술학과,예체능계열,20,843,20
121,2025,관광경영학과,사회계열,37,366,37
121,2025,국어국문학과,인문계열,25,205,25
121,2025,글로벌경영학과,사회계열,107,1079,90
121,2025,기독교교육과,교육계열,28,188,28
121,2025,기타모집단위,인문계열,22,0,0
121,2025,도시정보공학과,공학계열,72,724,62
121,2025,디지털미디어디자인학과(공학),공학계열,29,450,30
121,2025,러시아언어문화학과,인문계열,22,274,22
121,2025,뷰티메디컬디자인학과,예체능계열,18,340,18
121,2025,사회계열자유전공,사회계열,28,404,28
121,2025,소프트웨어학과,공학계열,35,338,35
121,2025,스마트시티공학과,공학계열,36,232,36
121,2025,스포츠계열자유전공,예체능계열,19,120,19
121,2025,스포츠과학과,예체능계열,15,144,15
121,2025,스포츠산업체육학과,예체능계열,30,173,30
121,2025,식품영양학과,자연계열,35,395,37
121,2025,신학과,인문계열,26,249,26
121,2025,영미언어문화학과,인문계열,25,189,25
121,2025,유아교육과,교육계열,37,353,37
121,2025,음악학과,예체능계열,26,169,26
121,2025,이공계열자유전공,무전공,65,578,65
121,2025,인문계열자유전공,인문계열,26,308,26
121,2025,자유전공,무전공,92,1257,92
121,2025,정보전기전자공학과,공학계열,108,1001,96
121,2025,중국언어문화학과,인문계열,25,253,25
121,2025,컴퓨터공학과,공학계열,37,427,37
121,2025,통계데이터사이언스학과,자연계열,56,491,50
121,2025,해양바이오공학과,자연계열,22,159,22
121,2025,행정학과,사회계열,56,456,50
121,2025,화장품발명디자인학과,공학계열,27,347,27
121,2025,환경에너지공학과,공학계열,32,361,32
121,2025,AI융합학과,공학계열,17,128,17
121,2026,게임콘텐츠학과,공학계열,20,213,20
121,2026,공연예술학과,예체능계열,20,878,20
121,2026,관광경영학과,사회계열,37,355,37
121,2026,국어국문학과,인문계열,25,202,25
121,2026,글로벌경영학과,사회계열,107,1050,90
121,2026,글로벌통상비즈니스학과,사회계열,138,161,138
121,2026,기독교교육과,교육계열,28,189,28
121,2026,기타모집단위,인문계열,22,0,0
121,2026,도시정보공학과,공학계열,72,594,63
121,2026,디지털미디어디자인학과(공학),공학계열,31,406,31
121,2026,러시아언어문화학과,인문계열,21,226,21
121,2026,뷰티메디컬디자인학과,예체능계열,24,275,24
121,2026,사회계열자유전공,사회계열,28,464,28
121,2026,소프트웨어학과,공학계열,35,245,35
121,2026,스마트시티공학과,공학계열,35,440,35
121,2026,스포츠계열자유전공,예체능계열,19,133,19
121,2026,스포츠과학과,예체능계열,15,123,15
121,2026,스포츠응용산업학과,예체능계열,30,175,30
121,2026,식품영양학과,자연계열,35,293,43
121,2026,신학과,인문계열,26,165,26
121,2026,영미언어문화학과,인문계열,25,190,25
121,2026,유아교육과,교육계열,37,374,37
121,2026,음악학과,예체능계열,15,81,15
121,2026,이공계열자유전공,무전공,66,619,67
121,2026,인문계열자유전공,인문계열,26,676,26
121,2026,자유전공,무전공,93,1342,93
121,2026,정보전기전자공학과,공학계열,108,673,92
121,2026,중국언어문화학과,인문계열,25,163,25
121,2026,컴퓨터공학과,공학계열,37,268,37
121,2026,통계데이터사이언스학과,자연계열,56,619,50
121,2026,해양바이오공학과,자연계열,21,179,21
121,2026,행정학과,사회계열,56,404,50
121,2026,화장품발명디자인학과,공학계열,27,266,28
121,2026,환경에너지공학과,공학계열,32,362,32
121,2026,AI융합학과,공학계열,17,164,17
121,2026,K-컬처한국어학과,인문계열,48,62,48
121,2026,K-컬처한국어학과(강화),인문계열,48,56,48
122,2024,간호학과,의약계열,76,468,76
122,2024,건축공학(4년제),공학계열,42,690,79
122,2024,건축학(5년제),공학계열,38,0,0
122,2024,경영학과,사회계열,345,3468,346
122,2024,경제학부,사회계열,205,1814,205
122,2024,관현악과,예체능계열,41,281,41
122,2024,교육학부,교육계열,58,631,58
122,2024,교회음악과,예체능계열,17,41,17
122,2024,국어국문학과,인문계열,58,517,58
122,2024,글로벌인재학부,사회계열,143,651,144
122,2024,기계공학부,공학계열,137,1219,136
122,2024,기타모집단위,인문계열,5,0,0
122,2024,노어노문학과,인문계열,32,430,32
122,2024,대기과학과,자연계열,32,331,32
122,2024,도시공학과,공학계열,38,571,38
122,2024,독어독문학과,인문계열,32,472,32
122,2024,디스플레이융합공학과,공학계열,30,330,30
122,2024,문헌정보학과,인문계열,40,421,40
122,2024,문화인류학과,인문계열,20,153,20
122,2024,물리학과,자연계열,39,382,39
122,2024,불어불문학과,인문계열,35,463,35
122,2024,사학과,인문계열,51,628,51
122,2024,사회복지학과,사회계열,30,175,30
122,2024,사회학과,사회계열,48,460,48
122,2024,사회환경시스템공학부,자연계열,79,803,79
122,2024,산업공학과,공학계열,48,420,49
122,2024,생명공학과,자연계열,69,787,68
122,2024,생화학과,자연계열,37,342,38
122,2024,성악과,예체능계열,24,359,24
122,2024,수학과,자연계열,46,481,46
122,2024,스포츠응용산업학과,예체능계열,47,408,47
122,2024,시스템반도체공학과,공학계열,99,895,99
122,2024,시스템생물학과,자연계열,35,434,35
122,2024,식품영양학과,자연계열,36,396,36
122,2024,신소재공학부,공학계열,113,1177,113
122,2024,신학과,인문계열,50,344,50
122,2024,실내건축학과,공학계열,33,276,33
122,2024,심리학과,인문계열,54,577,56
122,2024,아동?가족학과,자연계열,30,234,30
122,2024,아시아학전공,인문계열,20,212,10
122,2024,약학과,의약계열,42,897,42
122,2024,언더우드 생명과학공학전공,자연계열,19,162,18
122,2024,언더우드학부,인문계열,187,1069,187
122,2024,언론홍보영상학부,사회계열,61,670,61
122,2024,영어영문학과,인문계열,81,799,81
122,2024,융합과학공학부,공학계열,87,1343,87
122,2024,융합인문사회과학부,인문계열,176,2024,186
122,2024,응용통계학과,자연계열,73,780,71
122,2024,의류환경학과,자연계열,34,229,34
122,2024,의예과,의약계열,123,962,123
122,2024,인공지능학과,공학계열,71,755,70
122,2024,작곡과,예체능계열,19,95,19
122,2024,전기전자공학부,공학계열,224,2054,220
122,2024,정치외교학과,사회계열,100,947,101
122,2024,중어중문학과,인문계열,41,421,41
122,2024,지구시스템과학과,자연계열,34,372,34
122,2024,천문우주학과,자연계열,33,378,33
122,2024,철학과,인문계열,39,550,39
122,2024,체육교육학과,교육계열,49,339,49
122,2024,치의예과,의약계열,66,1574,66
122,2024,컴퓨터과학과,공학계열,97,1030,98
122,2024,통합디자인학과,예체능계열,31,290,31
122,2024,피아노과,예체능계열,20,138,20
122,2024,행정학과,사회계열,90,940,90
122,2024,화공생명공학부,공학계열,103,967,103
122,2024,화학과,자연계열,49,471,48
122,2024,IT융합공학과,공학계열,20,276,20
122,2025,간호학과,의약계열,84,536,83
122,2025,건축공학(4년제),공학계열,42,908,89
122,2025,건축학(5년제),공학계열,38,0,0
122,2025,경영학과,사회계열,344,3249,347
122,2025,경제학부,사회계열,146,1523,145
122,2025,관현악과,예체능계열,40,264,40
122,2025,교육학부,교육계열,58,586,58
122,2025,교회음악과,예체능계열,17,46,17
122,2025,국어국문학과,인문계열,56,558,56
122,2025,글로벌인재학부,무전공,160,831,164
122,2025,기계공학부,공학계열,142,1552,143
122,2025,기타모집단위,인문계열,4,0,0
122,2025,노어노문학과,인문계열,33,452,33
122,2025,대기과학과,자연계열,30,375,35
122,2025,도시공학과,공학계열,37,466,43
122,2025,독어독문학과,인문계열,33,423,33
122,2025,디스플레이융합공학과,공학계열,30,395,30
122,2025,문헌정보학과,인문계열,39,420,39
122,2025,문화인류학과,인문계열,19,148,20
122,2025,물리학과,자연계열,40,407,40
122,2025,불어불문학과,인문계열,36,488,36
122,2025,사학과,인문계열,52,557,52
122,2025,사회복지학과,사회계열,29,222,29
122,2025,사회학과,사회계열,50,677,51
122,2025,사회환경시스템공학부,자연계열,79,1010,87
122,2025,산업공학과,공학계열,43,535,46
122,2025,상경계열,사회계열,70,268,70
122,2025,생명공학과,자연계열,69,900,70
122,2025,생명과학부,자연계열,20,95,20
122,2025,생화학과,자연계열,25,332,29
122,2025,성악과,예체능계열,24,376,24
122,2025,수학과,자연계열,42,582,42
122,2025,스포츠응용산업학과,예체능계열,48,350,48
122,2025,시스템반도체공학과,공학계열,100,1221,100
122,2025,시스템생물학과,자연계열,26,407,27
122,2025,식품영양학과,자연계열,33,290,34
122,2025,신소재공학부,공학계열,123,1453,125
122,2025,신학과,인문계열,49,329,49
122,2025,실내건축학과,공학계열,26,196,26
122,2025,심리학과,인문계열,47,614,47
122,2025,아동?가족학과,자연계열,30,244,30
122,2025,아시아학전공,인문계열,20,236,14
122,2025,약학과,의약계열,43,1046,43
122,2025,언더우드 생명과학공학전공,자연계열,21,138,21
122,2025,언더우드학부,인문계열,202,1104,202
122,2025,언론홍보영상학부,사회계열,63,754,63
122,2025,영어영문학과,인문계열,87,757,87
122,2025,융합과학공학부,공학계열,93,1120,93
122,2025,융합인문사회과학부,인문계열,181,1541,187
122,2025,응용통계학과,자연계열,59,577,59
122,2025,의류환경학과,자연계열,38,274,38
122,2025,의예과,의약계열,115,1200,115
122,2025,작곡과,예체능계열,19,82,19
122,2025,전기전자공학부,공학계열,223,2742,221
122,2025,정치외교학과,사회계열,99,938,101
122,2025,중어중문학과,인문계열,35,436,35
122,2025,지구시스템과학과,자연계열,36,376,39
122,2025,지능형반도체전공,공학계열,41,467,45
122,2025,천문우주학과,자연계열,32,419,34
122,2025,철학과,인문계열,41,499,41
122,2025,첨단컴퓨팅학부,공학계열,172,2037,172
122,2025,체육교육학과,교육계열,49,320,49
122,2025,치의예과,의약계열,63,2084,65
122,2025,통합디자인학과,예체능계열,31,257,31
122,2025,피아노과,예체능계열,21,98,21
122,2025,행정학과,사회계열,91,880,91
122,2025,화공생명공학부,공학계열,105,1295,107
122,2025,화학과,자연계열,58,578,63
122,2025,IT융합공학전공,사회계열,25,370,27
122,2026,간호학과,의약계열,83,473,82
122,2026,건축공학(4년제),공학계열,0,819,73
122,2026,건축공학과,공학계열,74,0,0
122,2026,경영학과,사회계열,280,2538,285
122,2026,경제학부,사회계열,137,1037,137
122,2026,관현악과,예체능계열,40,298,40
122,2026,교육학부,교육계열,62,604,62
122,2026,교회음악과,예체능계열,18,70,18
122,2026,국어국문학과,인문계열,53,543,53
122,2026,글로벌인재학부,무전공,106,878,108
122,2026,기계공학부,공학계열,128,1311,128
122,2026,기타모집단위,인문계열,1,0,0
122,2026,노어노문학과,인문계열,36,458,36
122,2026,대기과학과,자연계열,27,403,27
122,2026,도시공학과,공학계열,39,481,39
122,2026,독어독문학과,인문계열,33,566,33
122,2026,디스플레이융합공학과,공학계열,30,330,30
122,2026,모빌리티시스템전공,공학계열,29,301,29
122,2026,문헌정보학과,인문계열,41,502,41
122,2026,문화인류학과,인문계열,20,151,20
122,2026,물리학과,자연계열,36,458,36
122,2026,불어불문학과,인문계열,35,454,35
122,2026,사학과,인문계열,49,526,49
122,2026,사회복지학과,사회계열,31,225,31
122,2026,사회학과,사회계열,44,604,44
122,2026,사회환경시스템공학부,자연계열,80,1056,81
122,2026,산업공학과,공학계열,40,432,40
122,2026,상경계열,사회계열,70,273,70
122,2026,생명공학과,자연계열,61,710,61
122,2026,생명과학부,자연계열,20,172,20
122,2026,생화학과,자연계열,21,315,21
122,2026,성악과,예체능계열,25,460,25
122,2026,수학과,자연계열,41,492,41
122,2026,스포츠응용산업학과,예체능계열,49,365,49
122,2026,시스템반도체공학과,공학계열,100,1013,99
122,2026,시스템생물학과,자연계열,28,343,28
122,2026,식품영양학과,자연계열,37,288,38
122,2026,신소재공학부,공학계열,105,1034,104
122,2026,신학과,인문계열,51,407,51
122,2026,실내건축학과,공학계열,29,234,30
122,2026,심리학과,인문계열,46,520,46
122,2026,아동·가족학과,자연계열,30,217,30
122,2026,아시아학전공,인문계열,20,278,13
122,2026,약학과,의약계열,38,881,38
122,2026,언더우드 생명과학공학전공,자연계열,22,139,22
122,2026,언더우드학부,인문계열,187,1157,187
122,2026,언론홍보영상학부,사회계열,53,691,53
122,2026,영어영문학과,인문계열,84,679,83
122,2026,융합과학공학부,공학계열,94,1259,94
122,2026,융합인문사회과학부,인문계열,176,1651,183
122,2026,응용통계학과,자연계열,50,478,50
122,2026,의류환경학과,자연계열,34,233,34
122,2026,의예과,의약계열,122,992,122
122,2026,작곡과,예체능계열,19,104,19
122,2026,전기전자공학부,공학계열,183,1736,183
122,2026,정치외교학과,사회계열,85,847,88
122,2026,중어중문학과,인문계열,46,484,46
122,2026,지구시스템과학과,자연계열,33,408,33
122,2026,지능형반도체전공,공학계열,38,447,38
122,2026,진리자유학부,무전공,264,3106,263
122,2026,천문우주학과,자연계열,31,428,31
122,2026,철학과,인문계열,40,527,40
122,2026,첨단컴퓨팅학부,공학계열,180,1518,179
122,2026,체육교육학과,교육계열,50,306,50
122,2026,치의예과,의약계열,65,1533,65
122,2026,통합디자인학과,예체능계열,34,255,35
122,2026,피아노과,예체능계열,20,157,20
122,2026,행정학과,사회계열,81,844,80
122,2026,화공생명공학부,공학계열,92,1021,92
122,2026,화학과,자연계열,55,538,55
122,2026,IT융합공학전공,사회계열,26,387,26
123,2024,간호학과,의약계열,54,852,54
123,2024,글로벌엘리트학부,인문계열,113,160,113
123,2024,기타모집단위,인문계열,21,0,0
123,2024,데이터사이언스학부,자연계열,41,263,41
123,2024,동아시아국제학부,사회계열,46,144,46
123,2024,디자인예술학부,예체능계열,63,452,63
123,2024,디지털헬스케어학부,공학계열,55,310,55
123,2024,물리치료학과,의약계열,42,440,42
123,2024,방사선학과,의약계열,35,312,35
123,2024,소프트웨어학부,공학계열,124,889,124
123,2024,의예과,의약계열,98,5420,98
123,2024,임상병리학과,의약계열,49,367,49
123,2024,자율융합계열,인문계열,746,4853,746
123,2024,작업치료학과,의약계열,38,214,38
123,2024,치위생학과,의약계열,29,209,29
123,2024,AI반도체학부,공학계열,52,303,52
123,2024,AI보건정보관리학과,의약계열,32,210,32
123,2025,간호학과,의약계열,54,761,55
123,2025,글로벌엘리트학부,인문계열,66,196,66
123,2025,기타모집단위,인문계열,33,0,0
123,2025,데이터사이언스학부,자연계열,40,285,40
123,2025,동아시아국제학부,사회계열,46,284,46
123,2025,디자인예술학부,예체능계열,61,470,61
123,2025,디지털헬스케어학부,공학계열,54,298,54
123,2025,물리치료학과,의약계열,38,376,40
123,2025,방사선학과,의약계열,34,281,35
123,2025,소프트웨어학부,공학계열,124,958,124
123,2025,의예과,의약계열,106,3451,106
123,2025,임상병리학과,의약계열,49,346,50
123,2025,자율융합계열,무전공,743,5121,745
123,2025,작업치료학과,의약계열,37,223,38
123,2025,치위생학과,의약계열,29,194,30
123,2025,AI반도체학부,공학계열,53,366,52
123,2025,AI보건정보관리학과,의약계열,32,330,33
123,2026,간호학과,의약계열,55,900,55
123,2026,글로벌엘리트학부,인문계열,69,117,69
123,2026,데이터사이언스학부,자연계열,40,416,40
123,2026,동아시아국제학부,사회계열,48,208,48
123,2026,디자인예술학부,예체능계열,61,516,61
123,2026,디지털헬스케어학부,공학계열,54,472,54
123,2026,물리치료학과,의약계열,40,534,40
123,2026,방사선학과,의약계열,34,596,34
123,2026,소프트웨어학부,공학계열,150,1199,150
123,2026,의예과,의약계열,98,3163,98
123,2026,임상병리학과,의약계열,50,338,50
123,2026,자율융합계열,무전공,743,7049,743
123,2026,작업치료학과,의약계열,37,332,37
123,2026,치위생학과,의약계열,29,261,29
123,2026,AI반도체학부,공학계열,53,486,53
123,2026,AI보건정보관리학과,의약계열,32,238,32
124,2024,건설시스템공학과,공학계열,77,601,76
124,2024,건축학부,공학계열,146,893,146
124,2024,경영학과,사회계열,179,975,178
124,2024,경제금융학부,사회계열,169,788,0
124,2024,경찰행정학과,사회계열,50,518,52
124,2024,관현악전공,예체능계열,0,72,0
124,2024,교육학과,교육계열,33,194,33
124,2024,국악및작곡전공,예체능계열,0,69,0
124,2024,국어교육과,교육계열,33,136,33
124,2024,국어국문학과,인문계열,60,258,60
124,2024,군사학과,사회계열,40,159,39
124,2024,글로벌교육학부,인문계열,30,349,0
124,2024,글로벌비즈니스학과,사회계열,42,281,42
124,2024,글로벌통번역학부,인문계열,0,42,55
124,2024,기계공학부,공학계열,223,1432,223
124,2024,도시공학과,공학계열,42,260,42
124,2024,독일언어문화전공,인문계열,30,162,0
124,2024,로봇공학과,공학계열,65,313,65
124,2024,무역학부,사회계열,137,697,0
124,2024,무용학전공,예체능계열,0,66,0
124,2024,문화인류학과,인문계열,34,222,34
124,2024,물리학과,자연계열,36,248,36
124,2024,미디어커뮤니케이션학과,사회계열,40,478,40
124,2024,미래자동차공학과,공학계열,98,515,98
124,2024,사회학과,사회계열,32,185,31
124,2024,산림자원학과,자연계열,37,276,36
124,2024,산업경영학과,사회계열,50,70,49
124,2024,산업디자인학과,예체능계열,45,272,45
124,2024,새마을국제개발학과,사회계열,43,314,43
124,2024,생명공학과,자연계열,64,389,64
124,2024,생명과학과,자연계열,45,226,45
124,2024,생활제품디자인학과,예체능계열,45,279,45
124,2024,성악전공,예체능계열,0,45,0
124,2024,소프트웨어융합전공,공학계열,63,363,0
124,2024,수학과,자연계열,41,208,41
124,2024,수학교육과,교육계열,32,198,32
124,2024,시각디자인학과,예체능계열,62,430,62
124,2024,식품경제외식학과,사회계열,60,399,60
124,2024,식품공학과,자연계열,50,352,49
124,2024,식품영양학과,자연계열,55,291,55
124,2024,신소재공학부,공학계열,134,906,0
124,2024,심리학과,인문계열,48,341,49
124,2024,약학부,의약계열,80,2132,80
124,2024,역사학과,인문계열,52,256,52
124,2024,영어교육과,교육계열,45,270,45
124,2024,영어영문학과,인문계열,77,301,77
124,2024,영어통번역전공,인문계열,26,117,0
124,2024,원예생명과학과,자연계열,38,250,38
124,2024,유럽언어문화학부,인문계열,7,66,67
124,2024,유아교육과,교육계열,33,160,32
124,2024,음악학부,예체능계열,94,0,81
124,2024,응용중국어통번역전공,인문계열,29,209,0
124,2024,의류패션학과,자연계열,56,376,56
124,2024,의생명공학과,자연계열,41,221,41
124,2024,의예과,의약계열,79,1076,79
124,2024,일어일문학과,인문계열,35,284,35
124,2024,전공자유선택학부,인문계열,188,1207,189
124,2024,전기공학과,공학계열,114,539,113
124,2024,전자공학과,공학계열,133,627,139
124,2024,정보통신공학전공,공학계열,87,399,0
124,2024,정치외교학과,사회계열,61,279,61
124,2024,조경학과,공학계열,38,322,37
124,2024,주거환경학과,자연계열,45,322,45
124,2024,중국언어문화학과,인문계열,52,283,51
124,2024,철학과,인문계열,34,290,33
124,2024,체육학부,예체능계열,82,0,82
124,2024,체육학전공,예체능계열,0,440,0
124,2024,컴퓨터공학전공,공학계열,114,693,0
124,2024,통계학과,자연계열,51,227,51
124,2024,트랜스아트과,예체능계열,40,116,40
124,2024,특수체육교육과,교육계열,30,200,30
124,2024,파이버시스템공학과,공학계열,51,370,51
124,2024,프랑스어문전공,인문계열,30,147,0
124,2024,피아노전공,예체능계열,0,86,0
124,2024,한문교육과,교육계열,33,158,32
124,2024,항공운송학과,공학계열,20,133,5
124,2024,행정학과,사회계열,84,507,85
124,2024,화학공학부,공학계열,243,1053,242
124,2024,화학과,자연계열,75,331,73
124,2024,환경공학과,자연계열,58,353,56
124,2024,회계세무학과,사회계열,65,302,64
124,2024,회화과,예체능계열,49,117,49
124,2024,휴먼서비스학과,사회계열,47,257,47
124,2025,건설시스템공학과,공학계열,67,465,67
124,2025,건축학부,공학계열,147,862,147
124,2025,경영학과,사회계열,184,1106,185
124,2025,경제금융학부,사회계열,162,742,0
124,2025,경찰행정학과,사회계열,50,528,52
124,2025,교육학과,교육계열,33,227,33
124,2025,국어교육과,교육계열,33,165,33
124,2025,국어국문학과,인문계열,59,279,59
124,2025,국제개발새마을학과,사회계열,43,250,43
124,2025,군사학과,사회계열,30,158,30
124,2025,글로벌교육학부,인문계열,29,200,0
124,2025,글로벌비즈니스학과,사회계열,42,229,42
124,2025,기계공학부,공학계열,221,1237,0
124,2025,도시공학과,공학계열,41,269,41
124,2025,독일언어문화전공,인문계열,29,158,0
124,2025,로봇공학과,공학계열,65,356,64
124,2025,무역학부,사회계열,130,698,0
124,2025,무용학전공,예체능계열,26,51,0
124,2025,문화인류학과,인문계열,34,187,34
124,2025,물리학과,자연계열,35,253,35
124,2025,미디어커뮤니케이션학과,사회계열,41,353,42
124,2025,미래자동차공학과,공학계열,99,694,99
124,2025,사회학과,사회계열,33,224,32
124,2025,산림자원학과,자연계열,37,336,37
124,2025,산업경영학과,사회계열,50,99,50
124,2025,산업디자인학과,예체능계열,45,250,45
124,2025,생명공학과,자연계열,65,425,65
124,2025,생명과학과,자연계열,45,317,44
124,2025,생활제품디자인학과,예체능계열,45,236,45
124,2025,소프트웨어융합전공,공학계열,66,349,66
124,2025,수학과,자연계열,40,260,40
124,2025,수학교육과,교육계열,33,175,32
124,2025,스마트모빌리티학과,공학계열,30,20,11
124,2025,시각디자인학과,예체능계열,64,384,64
124,2025,식품경제외식학과,사회계열,60,351,60
124,2025,식품공학과,자연계열,50,280,50
124,2025,식품영양학과,자연계열,55,337,55
124,2025,신소재공학부,공학계열,127,784,0
124,2025,심리학과,인문계열,47,303,49
124,2025,약학부,의약계열,80,1610,80
124,2025,역사학과,인문계열,50,277,50
124,2025,영어교육과,교육계열,44,210,42
124,2025,영어영문학과,인문계열,69,354,69
124,2025,영어통번역전공,인문계열,27,123,0
124,2025,원예생명과학과,자연계열,38,239,35
124,2025,유럽언어문화학부,인문계열,6,36,63
124,2025,유아교육과,교육계열,33,237,33
124,2025,음악학부,예체능계열,59,252,59
124,2025,응용중국어통번역전공,인문계열,28,235,0
124,2025,의류패션학과,자연계열,55,308,55
124,2025,의생명공학과,자연계열,40,213,40
124,2025,의예과,의약계열,103,1306,103
124,2025,일어일문학과,인문계열,35,231,35
124,2025,전공자유선택학부,무전공,369,2788,371
124,2025,전기공학과,공학계열,107,507,107
124,2025,전자공학과,공학계열,134,674,134
124,2025,정보통신공학전공,공학계열,88,347,88
124,2025,정치외교학과,사회계열,54,364,54
124,2025,조경학과,공학계열,37,267,37
124,2025,주거환경학과,자연계열,46,252,46
124,2025,중국언어문화학과,인문계열,52,270,52
124,2025,차세대반도체학과,공학계열,30,189,30
124,2025,철학과,인문계열,34,197,34
124,2025,체육학전공,예체능계열,61,503,0
124,2025,컴퓨터공학전공,공학계열,109,629,110
124,2025,통계학과,자연계열,51,229,51
124,2025,트랜스아트과,예체능계열,38,167,38
124,2025,특수체육교육과,교육계열,30,209,30
124,2025,파이버시스템공학과,공학계열,47,434,47
124,2025,프랑스어문전공,인문계열,29,149,0
124,2025,한문교육과,교육계열,33,164,33
124,2025,행정학과,사회계열,76,412,76
124,2025,화학공학부,공학계열,189,775,189
124,2025,화학과,자연계열,68,288,68
124,2025,환경공학과,자연계열,58,383,57
124,2025,회계세무학과,사회계열,67,352,66
124,2025,회화과,예체능계열,44,136,44
124,2025,휴먼서비스학과,사회계열,47,236,47
124,2026,건설시스템공학과,공학계열,61,479,61
124,2026,건축학부,공학계열,146,754,146
124,2026,경영학과,사회계열,168,1009,187
124,2026,경제금융학부,사회계열,156,935,0
124,2026,경찰행정학과,사회계열,50,399,51
124,2026,교육학과,교육계열,33,210,33
124,2026,국어교육과,교육계열,33,204,33
124,2026,국어국문학과,인문계열,56,552,58
124,2026,국제개발새마을학과,사회계열,43,348,43
124,2026,군사학과,사회계열,30,190,30
124,2026,글로벌교육학부,인문계열,26,176,0
124,2026,글로벌비즈니스학과,사회계열,42,354,43
124,2026,기계공학부,공학계열,220,1475,0
124,2026,기타모집단위,인문계열,50,0,0
124,2026,도시공학과,공학계열,41,326,40
124,2026,독일언어문화전공,인문계열,32,246,0
124,2026,로봇공학과,공학계열,65,449,65
124,2026,무역학부,사회계열,121,671,0
124,2026,무용학전공,예체능계열,20,65,0
124,2026,문화인류학과,인문계열,34,248,34
124,2026,물리학과,자연계열,35,214,35
124,2026,미디어커뮤니케이션학과,사회계열,36,336,45
124,2026,미래자동차공학과,공학계열,96,921,98
124,2026,사회학과,사회계열,32,263,32
124,2026,산림자원학과,자연계열,37,333,35
124,2026,산업경영학과,사회계열,50,97,50
124,2026,산업디자인학과,예체능계열,45,232,45
124,2026,생명공학과,자연계열,63,627,64
124,2026,생명과학과,자연계열,45,287,45
124,2026,생활제품디자인학과,예체능계열,45,232,45
124,2026,소프트웨어융합전공,공학계열,64,300,67
124,2026,수학과,자연계열,39,310,39
124,2026,수학교육과,교육계열,33,176,33
124,2026,스마트모빌리티학과,공학계열,30,19,8
124,2026,시각디자인학과,예체능계열,60,401,63
124,2026,식품경제외식학과,사회계열,60,292,61
124,2026,식품공학과,자연계열,49,363,48
124,2026,식품영양학과,자연계열,55,412,57
124,2026,신소재공학부,공학계열,127,734,0
124,2026,심리학과,인문계열,42,374,45
124,2026,약학부,의약계열,80,976,80
124,2026,역사학과,인문계열,48,318,48
124,2026,영어교육과,교육계열,44,484,44
124,2026,영어영문학과,인문계열,68,395,69
124,2026,영어통번역전공,인문계열,26,194,0
124,2026,원예생명과학과,자연계열,38,351,38
124,2026,유아교육과,교육계열,33,248,33
124,2026,음악학부,예체능계열,53,207,53
124,2026,응용중국어통번역전공,인문계열,26,420,0
124,2026,의류패션학과,자연계열,55,297,55
124,2026,의생명공학과,자연계열,37,229,37
124,2026,의예과,의약계열,79,1199,79
124,2026,일어일문학과,인문계열,35,265,36
124,2026,전공자유선택학부,무전공,418,2392,417
124,2026,전기공학과,공학계열,107,527,109
124,2026,전자공학과,공학계열,128,562,128
124,2026,정보통신공학전공,공학계열,87,391,87
124,2026,정치외교학과,사회계열,49,294,49
124,2026,조경학과,공학계열,37,233,37
124,2026,주거환경학과,자연계열,43,239,43
124,2026,중국언어문화학과,인문계열,52,313,54
124,2026,차세대반도체학과,공학계열,30,219,30
124,2026,철학과,인문계열,34,470,34
124,2026,체육학전공,예체능계열,60,629,0
124,2026,컴퓨터공학전공,공학계열,107,626,109
124,2026,통계학과,자연계열,51,273,51
124,2026,트랜스아트과,예체능계열,38,183,38
124,2026,특수체육교육과,교육계열,30,211,30
124,2026,파이버시스템공학과,공학계열,45,536,45
124,2026,프랑스어문전공,인문계열,29,230,0
124,2026,한문교육과,교육계열,33,392,33
124,2026,행정학과,사회계열,76,394,75
124,2026,화학공학부,공학계열,189,988,189
124,2026,화학과,자연계열,62,355,62
124,2026,환경공학과,자연계열,53,426,54
124,2026,회계세무학과,사회계열,65,366,65
124,2026,회화과,예체능계열,42,324,42
124,2026,휴먼서비스학과,사회계열,47,402,47
125,2024,국제언어다문화학과,인문계열,15,34,15
125,2024,기독교교육학과,교육계열,25,32,24
125,2024,사회복지학과,사회계열,21,33,20
125,2024,상담심리학과,인문계열,21,33,20
125,2024,신학과,인문계열,39,52,37
125,2025,국제언어다문화학과,인문계열,15,36,15
125,2025,기독교교육학과,교육계열,23,36,23
125,2025,사회복지학과,사회계열,20,31,20
125,2025,상담심리학과,인문계열,20,35,20
125,2025,신학과,인문계열,38,70,38
125,2026,국제언어다문화학과,인문계열,15,27,15
125,2026,기독교교육학과,교육계열,24,27,24
125,2026,사회복지학과,사회계열,20,29,20
125,2026,상담심리학과,인문계열,20,31,20
125,2026,신학과,인문계열,38,58,38
126,2024,간호학과,의약계열,95,748,115
126,2024,게임VR학과,예체능계열,30,128,29
126,2024,경찰행정학과,사회계열,60,217,60
126,2024,관광컨벤션학과,사회계열,0,6,6
126,2024,글로벌학부,사회계열,0,43,43
126,2024,기타모집단위,인문계열,157,0,0
126,2024,노인복지상담학과,사회계열,40,62,40
126,2024,동양무예학과,예체능계열,30,54,30
126,2024,동양상담복지학과,인문계열,40,56,40
126,2024,드론공간정보공학과,자연계열,20,16,15
126,2024,디자인학부,예체능계열,70,196,48
126,2024,물리치료학과,의약계열,40,349,45
126,2024,미용건강관리학과,예체능계열,25,38,25
126,2024,미용예술학과,예체능계열,50,388,51
126,2024,방송사진예술학과,예체능계열,25,97,26
126,2024,법학과,사회계열,25,61,25
126,2024,부동산학과,사회계열,35,85,35
126,2024,사회복지학과,사회계열,35,76,35
126,2024,스포츠공무원학부,예체능계열,40,159,41
126,2024,실버재활학과,예체능계열,20,37,20
126,2024,아동?가족상담학과,사회계열,20,37,20
126,2024,연기공연예술학과,예체능계열,25,67,20
126,2024,외식경영학과,사회계열,25,145,26
126,2024,웰빙조리창업학과,자연계열,25,41,25
126,2024,웹툰학과,예체능계열,50,179,42
126,2024,융합전공학부,사회계열,131,265,131
126,2024,의료경영학과,사회계열,25,77,25
126,2024,인문문화융합학과,인문계열,30,37,30
126,2024,자유전공학부,인문계열,20,67,20
126,2024,조리예술학부,자연계열,140,607,144
126,2024,치위생학과,의약계열,40,226,30
126,2024,태권도학과,예체능계열,35,82,35
126,2024,패션디자인학과,예체능계열,25,99,18
126,2024,항공관광학과,사회계열,30,168,35
126,2024,해운항공?드론물류학과,사회계열,0,2,2
126,2024,헬스케어학과,의약계열,20,33,20
126,2024,호텔경영학과,사회계열,30,202,40
126,2025,간호학과,의약계열,95,1120,109
126,2025,게임VR학과,예체능계열,25,126,25
126,2025,경찰행정학과,사회계열,45,169,45
126,2025,관광컨벤션학과,사회계열,0,9,9
126,2025,글로벌학부,사회계열,0,35,34
126,2025,기타모집단위,인문계열,165,0,0
126,2025,노인복지상담학과,사회계열,40,65,40
126,2025,동양무예학과,예체능계열,30,62,30
126,2025,동양상담복지학부,인문계열,200,1,0
126,2025,드론공간정보공학과,자연계열,20,1,0
126,2025,디자인학부(실내환경디자인전공),예체능계열,20,75,20
126,2025,디자인학부(패션디자인전공),예체능계열,20,98,20
126,2025,레저스포츠관광학과,예체능계열,25,133,25
126,2025,만화애니메이션학과,예체능계열,25,149,26
126,2025,물류경영학과,사회계열,0,8,8
126,2025,물리치료학과,의약계열,40,410,47
126,2025,미용건강관리학과,예체능계열,25,54,25
126,2025,미용예술학과,예체능계열,50,348,50
126,2025,법학과,사회계열,0,1,0
126,2025,부동산학과,사회계열,45,59,35
126,2025,사회복지학과,사회계열,45,78,45
126,2025,시니어모델학과,예체능계열,3,49,3
126,2025,실버재활학과,예체능계열,25,33,23
126,2025,아동?가족상담학과,사회계열,20,29,20
126,2025,연기공연미디어학부(방송사진미디어전공),예체능계열,20,82,20
126,2025,연기공연미디어학부(연기공연예술전공),예체능계열,20,51,20
126,2025,웰빙조리창업학과,자연계열,25,61,25
126,2025,웹툰학과,예체능계열,45,193,49
126,2025,융합전공학부,사회계열,200,14,14
126,2025,인문문화융합학과,인문계열,30,47,30
126,2025,자기설계전공학부,무전공,314,690,314
126,2025,조리예술학부,자연계열,120,544,131
126,2025,치위생학과,의약계열,40,225,42
126,2025,컴퓨터공학과,공학계열,0,15,14
126,2025,태권도학과,예체능계열,35,71,35
126,2025,항공관광학과,사회계열,25,136,25
126,2025,헬스케어학과,의약계열,20,34,20
126,2025,호텔관광학과,사회계열,25,147,42
126,2025,AI그래픽콘텐츠학과,예체능계열,25,80,24
126,2026,간호학과,의약계열,114,834,114
126,2026,게임VR학과,예체능계열,26,157,26
126,2026,경찰행정학과,사회계열,45,190,44
126,2026,관광컨벤션학과,사회계열,6,25,6
126,2026,글로벌학부,사회계열,33,36,33
126,2026,기계·자동차공학과,공학계열,18,25,18
126,2026,노인복지상담학과,사회계열,40,64,40
126,2026,동양무예학과,예체능계열,30,64,30
126,2026,동양상담복지학과,인문계열,74,92,74
126,2026,동양조리전공,자연계열,21,126,21
126,2026,디자인학부,예체능계열,20,113,20
126,2026,레저스포츠관광학과,예체능계열,26,122,26
126,2026,만화애니메이션학과,예체능계열,28,129,28
126,2026,물류경영학과,사회계열,3,18,3
126,2026,물리치료학과,의약계열,49,260,49
126,2026,미용건강관리학과,예체능계열,30,61,30
126,2026,미용예술학과,예체능계열,55,509,55
126,2026,부동산학과,사회계열,37,69,37
126,2026,사회복지학과,사회계열,38,66,38
126,2026,서양조리전공,자연계열,21,161,21
126,2026,실버재활학과,예체능계열,21,44,21
126,2026,아동·가족상담학과,사회계열,20,39,20
126,2026,연기공연미디어학부(방송사진미디어전공),예체능계열,20,69,20
126,2026,연기공연미디어학부(연기공연예술전공),예체능계열,20,55,20
126,2026,웰빙조리창업학과,자연계열,20,50,20
126,2026,웹툰학과,예체능계열,48,188,48
126,2026,융합전공학부,사회계열,159,226,159
126,2026,인문문화융합학과,인문계열,30,41,29
126,2026,자기설계전공학부,무전공,209,497,209
126,2026,전기전자공학과,공학계열,14,14,14
126,2026,치위생학과,의약계열,41,219,41
126,2026,컴퓨터공학과,공학계열,13,13,13
126,2026,태권도학과,예체능계열,35,73,35
126,2026,한국어문화교육학과,교육계열,25,50,25
126,2026,항공관광학과,사회계열,29,197,29
126,2026,헬스케어학과,의약계열,20,31,20
126,2026,호텔관광학과,사회계열,52,176,52
126,2026,AI그래픽학과,예체능계열,20,78,20
126,2026,Bakery&Beverage전공,자연계열,33,269,33
126,2026,K-Food조리전공,자연계열,34,151,34
127,2024,원불교학부,인문계열,52,3,2
127,2025,원불교학부,인문계열,52,9,3
127,2026,원불교학부,인문계열,52,8,6
128,2024,간호학부,의약계열,123,661,121
128,2025,간호학부,의약계열,123,876,121
128,2026,간호학부,의약계열,123,731,121
129,2024,공연예술전공,예체능계열,11,34,9
129,2024,국제매니지먼트학부,인문계열,118,359,118
129,2024,귀금속보석디자인전공,예체능계열,31,162,31
129,2024,만화게임영상전공,예체능계열,50,349,50
129,2024,미술조형전공,예체능계열,9,9,9
129,2024,뷰티디자인전공,예체능계열,15,66,15
129,2024,스포츠과학과,예체능계열,27,48,27
129,2024,시각?영상디자인전공,예체능계열,23,81,23
129,2024,실용음악전공,예체능계열,12,36,9
129,2024,애니메이션&웹툰전공,예체능계열,42,248,42
129,2024,연극영화전공,예체능계열,23,77,20
129,2024,융합조형디자인전공,예체능계열,60,189,60
129,2025,게임애니메이션학과,공학계열,26,89,26
129,2025,공연예술전공,예체능계열,9,35,9
129,2025,귀금속보석디자인전공,예체능계열,25,118,25
129,2025,만화게임영상전공,예체능계열,29,322,29
129,2025,미술조형전공,예체능계열,24,24,24
129,2025,뷰티디자인전공,예체능계열,18,102,18
129,2025,스포츠과학과,예체능계열,17,34,16
129,2025,스포츠융합학과,예체능계열,20,31,19
129,2025,시각영상디자인전공,예체능계열,23,130,23
129,2025,실용음악전공,예체능계열,9,46,9
129,2025,애니메이션&웹툰전공,예체능계열,33,430,33
129,2025,연극영화전공,예체능계열,16,51,14
129,2025,융합조형디자인전공,예체능계열,23,100,23
129,2026,게임애니메이션학과,공학계열,30,115,30
129,2026,공연예술전공,예체능계열,9,44,9
129,2026,국제매니지먼트학부,인문계열,435,523,426
129,2026,글로벌문화예술경영학부,사회계열,121,162,100
129,2026,금속조형디자인전공,예체능계열,28,127,28
129,2026,만화게임영상전공,예체능계열,27,413,27
129,2026,미술문화복지학과,예체능계열,51,51,51
129,2026,뷰티디자인전공,예체능계열,21,138,20
129,2026,스포츠과학과,예체능계열,18,43,18
129,2026,스포츠융합복지학과,예체능계열,16,22,16
129,2026,시각영상디자인전공,예체능계열,26,166,26
129,2026,실용음악전공,예체능계열,10,46,10
129,2026,애니메이션&웹툰전공,예체능계열,30,500,30
129,2026,연극영화전공,예체능계열,12,60,12
129,2026,융합조형디자인전공,예체능계열,25,102,25
130,2024,경영학과,사회계열,45,483,54
130,2024,경찰행정학과,사회계열,45,381,47
130,2024,경호학과,예체능계열,50,623,53
130,2024,골프학과,예체능계열,30,108,31
130,2024,관광경영학과,사회계열,35,251,39
130,2024,국악과,예체능계열,32,93,32
130,2024,동양무예학과,예체능계열,60,139,60
130,2024,무도스포츠학과,예체능계열,35,93,36
130,2024,무용과,예체능계열,35,221,35
130,2024,문화재학과,인문계열,30,174,32
130,2024,문화콘텐츠학과,인문계열,30,415,35
130,2024,물리치료학과,의약계열,30,556,35
130,2024,미디어디자인학과,예체능계열,40,375,47
130,2024,사회복지학과,사회계열,45,318,48
130,2024,산업환경보건학과,자연계열,40,263,42
130,2024,생명과학과,자연계열,30,273,31
130,2024,스포츠레저학과,예체능계열,45,418,50
130,2024,식품조리학부,자연계열,40,332,43
130,2024,실용음악과,예체능계열,30,578,30
130,2024,연극학과,예체능계열,40,856,42
130,2024,영화영상학과,예체능계열,30,492,34
130,2024,유도경기지도학과,예체능계열,65,208,65
130,2024,유도학과,예체능계열,60,244,61
130,2024,중국학과,인문계열,35,297,37
130,2024,체육학과,예체능계열,55,431,59
130,2024,태권도학과,예체능계열,115,1001,119
130,2024,특수체육교육과,교육계열,30,266,30
130,2024,회화학과,예체능계열,30,118,30
130,2024,AI학부,공학계열,75,951,82
130,2025,경영학과,사회계열,43,432,43
130,2025,경찰행정학과,사회계열,35,373,35
130,2025,경호학과,예체능계열,36,251,36
130,2025,골프학부,예체능계열,42,287,42
130,2025,관광경영학과,사회계열,29,253,29
130,2025,국악과,예체능계열,18,93,18
130,2025,기타모집단위,인문계열,25,0,0
130,2025,무도계열전공학부,예체능계열,48,421,48
130,2025,무도학과,예체능계열,60,193,60
130,2025,무용과,예체능계열,25,195,25
130,2025,무전공학부,무전공,124,935,124
130,2025,문화예술계열전공학부,예체능계열,39,225,39
130,2025,문화유산학과,인문계열,24,218,24
130,2025,문화콘텐츠학과,인문계열,26,473,26
130,2025,물리치료학과,의약계열,34,387,34
130,2025,미디어디자인학과,예체능계열,40,603,40
130,2025,바이오생명공학과,자연계열,23,288,22
130,2025,보건환경안전학과,자연계열,32,231,32
130,2025,사회복지학과,사회계열,36,298,36
130,2025,스포츠레저학과,예체능계열,41,490,41
130,2025,식품조리학부,자연계열,35,443,35
130,2025,실용음악과,예체능계열,23,690,23
130,2025,연극학과,예체능계열,32,888,32
130,2025,영화영상학과,예체능계열,26,556,26
130,2025,유도경기지도학과,예체능계열,40,52,40
130,2025,유도학과,예체능계열,62,376,62
130,2025,인문사회계열전공학부,사회계열,40,347,40
130,2025,자연계열전공학부,무전공,34,354,34
130,2025,중국학과,인문계열,28,266,28
130,2025,체육계열전공학부,예체능계열,24,257,24
130,2025,체육학과,예체능계열,41,783,41
130,2025,태권도학과,예체능계열,88,1068,88
130,2025,특수체육교육과,교육계열,32,330,30
130,2025,회화학과,예체능계열,23,106,23
130,2025,AI융합학부,공학계열,65,577,65
130,2026,경영학과,사회계열,47,301,47
130,2026,경찰행정학과,사회계열,32,381,33
130,2026,경호학과,예체능계열,39,373,40
130,2026,골프학부,예체능계열,42,326,42
130,2026,관광경영학과,사회계열,30,222,30
130,2026,국악과,예체능계열,16,122,16
130,2026,기타모집단위,인문계열,25,0,0
130,2026,무도계열전공학부,예체능계열,48,303,48
130,2026,무도학과,예체능계열,55,207,55
130,2026,무용과,예체능계열,25,219,25
130,2026,무전공학부,무전공,122,665,121
130,2026,문화예술계열전공학부,예체능계열,39,238,39
130,2026,문화유산학과,인문계열,24,237,24
130,2026,문화콘텐츠학과,인문계열,27,259,27
130,2026,물리치료학과,의약계열,35,582,35
130,2026,미디어디자인학과,예체능계열,36,584,36
130,2026,바이오생명공학과,자연계열,23,422,23
130,2026,보건환경안전학과,자연계열,32,287,32
130,2026,사회복지학과,사회계열,33,339,33
130,2026,스포츠레저학과,예체능계열,39,544,39
130,2026,식품영양학과,자연계열,27,441,27
130,2026,식품조리학과,자연계열,34,268,34
130,2026,실용음악과,예체능계열,24,880,24
130,2026,연극학과,예체능계열,32,987,32
130,2026,영화영상학과,예체능계열,26,846,26
130,2026,유도경기지도학과,예체능계열,40,50,40
130,2026,유도학과,예체능계열,61,481,61
130,2026,인문사회계열전공학부,사회계열,40,258,40
130,2026,자연계열전공학부,무전공,34,434,34
130,2026,중국학과,인문계열,29,281,29
130,2026,체육계열전공학부,예체능계열,24,164,25
130,2026,체육학과,예체능계열,42,574,43
130,2026,태권도학과,예체능계열,87,1155,87
130,2026,특수체육교육과,교육계열,32,247,31
130,2026,회화학과,예체능계열,22,104,22
130,2026,AI융합학부,공학계열,65,1141,65
131,2024,간호학과,의약계열,150,1321,150
131,2024,건축?인테리어디자인학과,공학계열,30,134,30
131,2024,경영학부,사회계열,49,105,49
131,2024,경찰학과,사회계열,30,94,32
131,2024,경찰행정학과,사회계열,40,214,40
131,2024,관광학과,사회계열,20,39,20
131,2024,국어교육과,교육계열,25,95,26
131,2024,군사안보학과,사회계열,35,88,38
131,2024,군사학과,사회계열,45,209,45
131,2024,기타모집단위,인문계열,27,0,0
131,2024,문예창작학과,인문계열,20,77,21
131,2024,물리치료학과,의약계열,48,621,48
131,2024,미디어영상학과,예체능계열,41,169,42
131,2024,산림조경원예학과,자연계열,50,57,50
131,2024,상담심리학과,인문계열,30,104,31
131,2024,생명과학과,자연계열,35,65,34
131,2024,생활체육학과,예체능계열,46,127,40
131,2024,소방방재학과,공학계열,50,288,52
131,2024,소방행정학과,사회계열,40,151,42
131,2024,수학교육과,교육계열,25,68,25
131,2024,스마트관광학과,사회계열,30,32,29
131,2024,스포츠마케팅학과,사회계열,20,87,20
131,2024,스포츠지도학과,예체능계열,64,178,59
131,2024,식품영양학과,자연계열,25,110,25
131,2024,심리운동?상담학과,인문계열,30,32,30
131,2024,심리학과,인문계열,35,138,35
131,2024,아동사회복지학부,사회계열,40,161,42
131,2024,약학과,의약계열,54,868,53
131,2024,유아특수교육과,교육계열,38,88,37
131,2024,응급구조학과,의약계열,40,199,43
131,2024,작업치료학과,의약계열,30,179,30
131,2024,재활상담학과,사회계열,33,98,30
131,2024,전기자동차공학부,공학계열,26,92,28
131,2024,정보보안학과,사회계열,28,86,28
131,2024,제약공학과,자연계열,10,32,10
131,2024,조경학과,공학계열,20,77,22
131,2024,창업컨설팅학과,사회계열,50,59,50
131,2024,체육학과,예체능계열,70,186,66
131,2024,컴퓨터공학부,공학계열,25,93,25
131,2024,태권도학과,예체능계열,76,235,72
131,2024,특수교육과,교육계열,37,105,35
131,2024,패션스타일링학과,예체능계열,24,68,24
131,2024,한약학과,의약계열,50,670,44
131,2024,한의예과,의약계열,35,569,35
131,2024,호텔외식조리학과,자연계열,35,236,35
131,2025,간호학과,의약계열,168,1149,168
131,2025,건축?인테리어디자인학과,공학계열,30,120,30
131,2025,경찰행정학과,사회계열,30,199,30
131,2025,국어교육과,교육계열,25,93,25
131,2025,군사안보학과,사회계열,30,97,30
131,2025,군사학과,사회계열,45,181,46
131,2025,기타모집단위,인문계열,32,0,0
131,2025,문예창작학과,인문계열,20,100,22
131,2025,물리치료학과,의약계열,48,467,48
131,2025,산림조경원예학과,자연계열,50,52,47
131,2025,생활체육학과,예체능계열,52,121,41
131,2025,소방방재학과,공학계열,30,163,31
131,2025,수소모빌리티학과,공학계열,20,21,20
131,2025,수소테크 자율전공학부,무전공,40,150,71
131,2025,수학교육과,교육계열,25,74,25
131,2025,스마트관광학과,사회계열,30,39,30
131,2025,스포츠지도학과,예체능계열,64,193,62
131,2025,식품영양학과,자연계열,25,102,25
131,2025,심리운동?상담학과,인문계열,30,33,30
131,2025,심리학과,인문계열,30,126,31
131,2025,아동사회복지학부,사회계열,40,156,40
131,2025,약학과,의약계열,46,900,49
131,2025,유아특수교육과,교육계열,37,72,37
131,2025,응급구조학과,의약계열,40,224,40
131,2025,작업치료학과,의약계열,30,193,30
131,2025,전기자동차공학부,공학계열,25,72,25
131,2025,정보보안학과,사회계열,25,71,25
131,2025,조경학과,공학계열,20,60,21
131,2025,창업컨설팅학과,사회계열,50,63,50
131,2025,체육학과,예체능계열,61,179,55
131,2025,컴퓨터공학부,공학계열,25,87,25
131,2025,태권도학과,예체능계열,76,249,73
131,2025,특수교육과,교육계열,37,118,35
131,2025,한약학과,의약계열,44,493,45
131,2025,한의예과,의약계열,32,681,34
131,2025,호텔외식조리학과,자연계열,40,239,41
131,2025,휴먼테크 자율전공학부(전주),무전공,100,396,100
131,2025,휴먼테크 자율전공학부(진천),무전공,130,315,130
131,2026,간호학과,의약계열,168,1259,168
131,2026,건축·인테리어디자인학과,공학계열,30,129,30
131,2026,경찰행정학과,사회계열,30,177,31
131,2026,국어교육과,교육계열,23,169,23
131,2026,군사안보학과,사회계열,30,127,31
131,2026,군사학과,사회계열,45,208,46
131,2026,기타모집단위,인문계열,32,0,0
131,2026,문예창작학과,인문계열,20,111,20
131,2026,물리치료학과,의약계열,48,520,48
131,2026,산림조경원예학과,자연계열,50,56,50
131,2026,생활체육학부,예체능계열,70,208,66
131,2026,소방방재학과,공학계열,40,281,48
131,2026,수소모빌리티학과,공학계열,24,35,24
131,2026,수소테크 자율전공학부,무전공,69,230,70
131,2026,스마트관광학과,사회계열,30,32,30
131,2026,스포츠문화예술학부,예체능계열,60,162,61
131,2026,스포츠지도학과,예체능계열,66,246,66
131,2026,식품영양학과,자연계열,25,121,26
131,2026,심리운동·상담학과,인문계열,30,39,30
131,2026,심리학과,인문계열,30,181,31
131,2026,아동사회복지학부,사회계열,35,194,36
131,2026,약학과,의약계열,49,801,48
131,2026,유아특수교육과,교육계열,32,88,32
131,2026,응급구조학과,의약계열,40,339,43
131,2026,작업치료학과,의약계열,30,212,31
131,2026,정보보안학과,사회계열,26,92,27
131,2026,조경학과,공학계열,30,122,32
131,2026,창업컨설팅학과,사회계열,50,56,50
131,2026,체육학과,예체능계열,61,210,59
131,2026,태권도학과,예체능계열,76,283,74
131,2026,특수교육과,교육계열,33,147,33
131,2026,한약학과,의약계열,49,421,46
131,2026,한의예과,의약계열,34,498,35
131,2026,호텔외식조리학과,자연계열,40,338,43
131,2026,휴먼테크 자율전공학부(전주),무전공,75,267,78
131,2026,휴먼테크 자율전공학부(진천),무전공,125,276,126
132,2024,간호학과,의약계열,65,1179,65
132,2024,글로벌조리학부 글로벌외식창업전공,사회계열,42,244,42
132,2024,글로벌조리학부 글로벌조리전공,자연계열,64,335,64
132,2024,글로벌조리학부 Lyfe조리전공,자연계열,30,186,30
132,2024,글로벌호텔매니지먼트학과,사회계열,50,210,50
132,2024,기타모집단위,인문계열,115,0,0
132,2024,동물의료관리학과,자연계열,33,284,33
132,2024,물류시스템학과,공학계열,40,136,40
132,2024,물리치료학과,의약계열,54,966,54
132,2024,보건의료경영학과,의약계열,46,330,43
132,2024,뷰티디자인경영학과,예체능계열,57,486,57
132,2024,사회복지학과,사회계열,67,392,63
132,2024,소방?안전학부,공학계열,74,342,74
132,2024,솔브릿지경영학부,사회계열,102,261,102
132,2024,스포츠건강재활학과,예체능계열,77,556,77
132,2024,언어치료·청각재활학과,의약계열,31,162,31
132,2024,외식조리영양학부,자연계열,65,307,65
132,2024,"외식조리학부 외식,조리경영전공",사회계열,48,356,48
132,2024,외식조리학부 외식조리전공,자연계열,112,1196,112
132,2024,외식조리학부 제과제빵?조리전공,자연계열,60,1255,60
132,2024,외식조리학부 한식?조리과학전공,자연계열,55,449,55
132,2024,유아교육과,교육계열,44,349,44
132,2024,융합경영학부 경영학전공,사회계열,34,296,33
132,2024,융합경영학부 글로벌융합비즈니스학과,사회계열,34,162,34
132,2024,응급구조학과,의약계열,55,592,55
132,2024,작업치료학과,의약계열,44,366,44
132,2024,철도건설시스템학부 건축공학전공,공학계열,40,237,40
132,2024,철도건설시스템학부 글로벌철도학과,공학계열,20,85,20
132,2024,철도건설시스템학부 철도건설시스템전공,공학계열,51,201,51
132,2024,철도경영학과,사회계열,85,288,85
132,2024,철도시스템학부 철도소프트웨어전공,공학계열,40,159,40
132,2024,철도시스템학부 철도전기시스템전공,공학계열,80,288,80
132,2024,철도차량시스템학과,공학계열,90,550,90
132,2024,테크노미디어융합학부 게임멀티미디어전공,공학계열,52,261,52
132,2024,테크노미디어융합학부 글로벌미디어영상학과,예체능계열,42,156,42
132,2024,테크노미디어융합학부 미디어디자인?영상전공,예체능계열,65,408,65
132,2024,호텔관광경영학과,사회계열,61,373,61
132,2024,휴먼디지털인터페이스학부,공학계열,4,4,4
132,2024,AI?빅데이터학과,공학계열,92,299,92
132,2024,Endicott 자율융합학부,인문계열,85,416,85
132,2024,IT융합학부 컴퓨터?소프트웨어전공,공학계열,40,205,40
132,2024,IT융합학부 컴퓨터공학전공,공학계열,52,296,52
132,2025,간호학과,의약계열,65,1311,65
132,2025,글로벌조리학부 글로벌외식창업전공,사회계열,40,296,42
132,2025,글로벌조리학부 글로벌조리전공,자연계열,60,403,62
132,2025,글로벌조리학부 Lyfe조리전공,자연계열,30,127,30
132,2025,글로벌호텔매니지먼트학과,사회계열,61,246,62
132,2025,기타모집단위,인문계열,218,0,0
132,2025,동물의료관리학과,자연계열,30,399,33
132,2025,물류시스템학과,공학계열,40,188,41
132,2025,물리치료학과,의약계열,50,720,54
132,2025,보건의료경영학과,의약계열,43,281,40
132,2025,뷰티디자인경영학과,예체능계열,61,568,66
132,2025,사회복지학과,사회계열,54,448,53
132,2025,소방?안전학부,공학계열,70,521,72
132,2025,소프트웨어학부 컴퓨터?소프트웨어전공,공학계열,40,213,40
132,2025,소프트웨어학부 컴퓨터공학전공,공학계열,50,297,51
132,2025,솔브릿지경영학부,사회계열,92,288,92
132,2025,스포츠건강재활학과,예체능계열,70,574,75
132,2025,언어치료·청각재활학과,의약계열,30,203,31
132,2025,외식조리영양학과,자연계열,40,313,48
132,2025,"외식조리학부 외식,조리경영전공",사회계열,40,468,49
132,2025,외식조리학부 외식조리전공,자연계열,100,1465,111
132,2025,외식조리학부 제과제빵?조리전공,자연계열,80,1635,82
132,2025,외식조리학부 한식?조리과학전공,자연계열,50,559,55
132,2025,유아교육과,교육계열,42,256,42
132,2025,융합경영학부 경영학전공,사회계열,30,258,30
132,2025,융합경영학부 글로벌융합비즈니스학과,사회계열,41,154,41
132,2025,응급구조학과,의약계열,50,502,53
132,2025,자유전공학부,무전공,93,798,95
132,2025,작업치료학과,의약계열,40,380,42
132,2025,철도건설시스템학부 건축공학전공,공학계열,40,282,42
132,2025,철도건설시스템학부 글로벌철도학과,공학계열,20,74,20
132,2025,철도건설시스템학부 철도건설시스템전공,공학계열,50,306,53
132,2025,철도경영학과,사회계열,80,477,86
132,2025,철도시스템학부 철도소프트웨어전공,공학계열,40,254,41
132,2025,철도시스템학부 철도전기시스템전공,공학계열,70,414,77
132,2025,철도차량시스템학과,공학계열,80,853,89
132,2025,테크노미디어융합학부 게임멀티미디어전공,공학계열,50,310,51
132,2025,테크노미디어융합학부 글로벌미디어영상학과,예체능계열,40,174,40
132,2025,테크노미디어융합학부 미디어디자인?영상전공,예체능계열,60,427,65
132,2025,호텔관광경영학과,사회계열,60,415,64
132,2025,휴먼디지털인터페이스학부,공학계열,4,4,4
132,2025,AI?빅데이터학과,공학계열,81,286,81
132,2026,간호학과,의약계열,65,1285,65
132,2026,게임멀티미디어학부 게임그래픽전공,예체능계열,40,309,41
132,2026,게임멀티미디어학부 게임소프트웨어전공,공학계열,30,247,30
132,2026,"글로벌조리학부 글로벌외식,조리경영전공",사회계열,31,353,33
132,2026,글로벌조리학부 글로벌조리전공,자연계열,61,481,62
132,2026,글로벌조리학부 Lyfe조리전공,자연계열,30,222,30
132,2026,글로벌호스피탈리티학과,사회계열,48,293,48
132,2026,기타모집단위,인문계열,179,0,0
132,2026,동물관리학부 동물의료관리학과,자연계열,30,366,30
132,2026,동물관리학부 토탈펫케어학과,자연계열,30,237,32
132,2026,물리치료학과,의약계열,50,720,54
132,2026,보건복지자율전공학부,무전공,20,172,19
132,2026,보건의료경영학과,의약계열,33,442,30
132,2026,뷰티디자인경영학과,예체능계열,57,719,59
132,2026,사회복지학과,사회계열,44,580,44
132,2026,소방·안전학부,공학계열,60,750,62
132,2026,소프트웨어학부 컴퓨터·소프트웨어전공,공학계열,40,431,41
132,2026,소프트웨어학부 컴퓨터공학전공,공학계열,40,425,42
132,2026,솔브릿지경영학부,사회계열,85,417,84
132,2026,스포츠건강재활학과,예체능계열,70,666,75
132,2026,언어치료·청각재활학과,의약계열,30,171,30
132,2026,외식조리영양학과,자연계열,40,330,48
132,2026,외식조리자율전공학부,무전공,30,649,37
132,2026,"외식조리학부 외식,조리경영전공",사회계열,40,381,48
132,2026,외식조리학부 외식조리전공,자연계열,101,1138,112
132,2026,외식조리학부 제과제빵·조리전공,자연계열,82,1909,84
132,2026,외식조리학부 한식·조리과학전공,자연계열,50,588,55
132,2026,유아교육과,교육계열,42,351,44
132,2026,응급구조학과,의약계열,50,639,54
132,2026,자유전공학부,무전공,67,757,71
132,2026,작업치료학과,의약계열,40,347,43
132,2026,철도건설시스템학부 건축공학전공,공학계열,40,380,41
132,2026,철도건설시스템학부 글로벌철도학과,공학계열,20,105,21
132,2026,철도건설시스템학부 철도건설시스템전공,공학계열,50,386,51
132,2026,철도경영학과,사회계열,80,545,86
132,2026,철도시스템학부 철도소프트웨어전공,공학계열,40,208,41
132,2026,철도시스템학부 철도전기시스템전공,공학계열,70,569,74
132,2026,철도자율전공학부,공학계열,40,325,44
132,2026,철도차량시스템학과,공학계열,80,822,86
132,2026,테크노미디어융합학부 글로벌미디어영상학과,예체능계열,46,398,47
132,2026,테크노미디어융합학부 미디어디자인·영상전공,예체능계열,60,595,62
132,2026,호텔관광경영학과,사회계열,52,505,57
132,2026,휴먼디지털인터페이스학부,공학계열,2,2,2
132,2026,AI·빅데이터학과,공학계열,67,193,68
132,2026,AI경영학과,사회계열,68,301,68
133,2024,반도체공학과,공학계열,40,2074,51
133,2024,새내기학부(경영계열),사회계열,30,363,26
133,2024,새내기학부(이공계열),공학계열,410,5036,406
133,2025,반도체공학과,공학계열,40,2422,40
133,2025,새내기학부(경영계열),사회계열,30,413,30
133,2025,새내기학부(이공계열),공학계열,410,7190,427
133,2026,반도체공학과,공학계열,40,2764,41
133,2026,새내기학부(경영계열),사회계열,30,522,31
133,2026,새내기학부(이공계열),공학계열,410,8309,420
134,2024,간호학전공,의약계열,102,774,102
134,2024,건설환경공학부,공학계열,88,347,71
134,2024,건축학부,공학계열,85,383,85
134,2024,경영계열,사회계열,19,106,35
134,2024,경영정보학전공,사회계열,46,163,46
134,2024,경영학부,사회계열,153,503,137
134,2024,경제학전공,사회계열,47,156,42
134,2024,경찰학전공,사회계열,44,218,43
134,2024,공학계열,공학계열,51,478,104
134,2024,과학기술융합계열,자연계열,10,135,32
134,2024,국어국문학전공,인문계열,48,180,34
134,2024,국제관계학전공,사회계열,36,115,34
134,2024,기계자동차공학전공,공학계열,157,963,147
134,2024,기타모집단위,인문계열,51,0,0
134,2024,나노반도체공학전공,공학계열,51,220,49
134,2024,나노에너지화학전공,자연계열,47,153,38
134,2024,데이터응용수학전공,자연계열,33,132,22
134,2024,디자인학부,예체능계열,6,25,9
134,2024,디지털콘텐츠디자인학전공,예체능계열,26,99,25
134,2024,미술학부,예체능계열,0,27,9
134,2024,법학전공,사회계열,44,149,40
134,2024,사회 ?복지학전공,사회계열,43,215,39
134,2024,사회과학계열,사회계열,17,146,47
134,2024,산업경영?산업안전공학부,공학계열,68,251,64
134,2024,산업디자인학전공,예체능계열,26,78,25
134,2024,생명과학부,자연계열,56,215,54
134,2024,생활과학계열,자연계열,14,107,29
134,2024,섬유디자인학전공,예체능계열,28,98,27
134,2024,성악전공,예체능계열,5,8,2
134,2024,스페인?중남미학전공,인문계열,32,98,24
134,2024,스포츠과학부,예체능계열,74,403,74
134,2024,시각디자인학전공,예체능계열,26,107,25
134,2024,식품영양학전공,자연계열,43,203,42
134,2024,실내공간디자인학전공,예체능계열,25,108,25
134,2024,아동?가정복지학전공,사회계열,55,174,44
134,2024,역사?문화학전공,인문계열,33,98,26
134,2024,영어영문학전공,인문계열,50,183,48
134,2024,음악학부,예체능계열,3,16,8
134,2024,의공학전공,공학계열,29,111,27
134,2024,의류학전공,자연계열,33,126,33
134,2024,의예과,의약계열,40,524,40
134,2024,인문계열,인문계열,21,176,68
134,2024,일본어?일본학전공,인문계열,35,153,35
134,2024,입체조형예술전공,예체능계열,10,27,8
134,2024,재료공학전공,공학계열,95,304,91
134,2024,전기전자공학전공,공학계열,174,841,164
134,2024,조선해양공학전공,공학계열,69,263,66
134,2024,주거환경학전공,자연계열,34,97,31
134,2024,중국어?중국학전공,인문계열,34,104,23
134,2024,프랑스어?프랑스학전공,인문계열,25,99,17
134,2024,피아노전공,예체능계열,12,29,7
134,2024,한국어문학전공,인문계열,2,2,2
134,2024,항공우주공학전공,공학계열,37,148,37
134,2024,행정학전공,사회계열,51,142,35
134,2024,화학공학전공,공학계열,70,454,70
134,2024,회계학전공,사회계열,49,152,49
134,2024,회화?미디어아트전공,예체능계열,26,84,19
134,2024,AI융합전공,공학계열,50,249,49
134,2024,IT융합전공,공학계열,71,293,70
134,2025,간호학과,의약계열,102,781,102
134,2025,건축?도시환경학부,무전공,206,750,206
134,2025,경영경제융합학부,사회계열,320,1222,320
134,2025,공공인재학부,사회계열,279,1333,278
134,2025,글로벌인문학부,인문계열,260,1174,259
134,2025,기타모집단위,인문계열,53,0,0
134,2025,디자인융합학부,예체능계열,177,597,176
134,2025,미래모빌리티공학부,공학계열,270,1733,269
134,2025,바이오메디컬헬스학부,무전공,136,528,136
134,2025,스포츠과학부,예체능계열,75,417,75
134,2025,신소재?반도체융합학부(나노반도체공학트랙),공학계열,53,250,0
134,2025,신소재?반도체융합학부(신소재공학트랙),공학계열,96,441,0
134,2025,에너지화학공학부,무전공,125,852,125
134,2025,예술학부(미술계열트랙),예체능계열,37,164,0
134,2025,예술학부(음악계열트랙),예체능계열,20,47,0
134,2025,의예과,의약계열,110,1137,110
134,2025,자율전공학부,무전공,50,508,50
134,2025,전기전자융합학부,공학계열,183,793,183
134,2025,ICT융합학부(인공지능트랙),공학계열,53,176,0
134,2025,ICT융합학부(인공지능트랙제외),무전공,177,863,0
134,2026,간호학과,의약계열,103,568,103
134,2026,건축·도시환경학부,무전공,183,856,183
134,2026,경영경제융합학부,사회계열,281,1278,281
134,2026,공공인재학부,사회계열,255,1168,256
134,2026,글로벌인문학부,인문계열,227,1377,227
134,2026,기타모집단위,인문계열,51,0,0
134,2026,디자인융합학부,예체능계열,165,671,165
134,2026,미래모빌리티공학부,공학계열,255,1495,256
134,2026,바이오메디컬헬스학부,무전공,122,682,122
134,2026,사회복지상담학과,사회계열,20,16,9
134,2026,스포츠과학부,예체능계열,70,577,70
134,2026,스포츠헬스케어학과,예체능계열,15,11,7
134,2026,신소재·반도체융합학부,공학계열,135,919,135
134,2026,에너지화학공학부,공학계열,118,653,119
134,2026,예술학부(미술계열트랙),예체능계열,34,165,0
134,2026,예술학부(음악계열트랙),예체능계열,13,88,0
134,2026,의예과,의약계열,40,479,41
134,2026,인공지능융합학과,공학계열,15,14,11
134,2026,자율전공학부,무전공,100,406,100
134,2026,전기전자융합학부,공학계열,172,898,172
134,2026,ICT융합학부,공학계열,211,1415,212
135,2024,가정교육과,교육계열,27,110,27
135,2024,가족아동복지학과,사회계열,30,147,30
135,2024,간호학과,의약계열,151,952,150
135,2024,건설환경공학과,공학계열,49,167,46
135,2024,건축공학과,공학계열,60,247,58
135,2024,건축학과,공학계열,42,222,41
135,2024,게임콘텐츠학과,공학계열,35,228,35
135,2024,경영학과,사회계열,149,701,149
135,2024,경제금융학과,사회계열,38,157,38
135,2024,경찰행정학과,사회계열,69,438,69
135,2024,교육학과,교육계열,18,61,18
135,2024,국방기술학과,공학계열,30,103,30
135,2024,국어교육과,교육계열,27,98,27
135,2024,국어국문학과,인문계열,20,95,20
135,2024,군사학과,사회계열,30,105,29
135,2024,금속?주얼리디자인학과,예체능계열,30,91,30
135,2024,기계공학부,공학계열,66,260,64
135,2024,도시공학과,공학계열,33,135,33
135,2024,동물보건학과,자연계열,60,331,60
135,2024,문예창작학과,인문계열,28,140,28
135,2024,미술과,예체능계열,35,115,34
135,2024,반려동물산업학과,자연계열,31,276,32
135,2024,복지?보건학부,사회계열,104,401,104
135,2024,뷰티디자인학부,예체능계열,52,266,50
135,2024,산림조경학과,공학계열,35,155,35
135,2024,생명과학부,자연계열,32,136,32
135,2024,생명환경학과,자연계열,20,98,20
135,2024,소방행정학과,사회계열,69,317,69
135,2024,수학교육과,교육계열,27,111,27
135,2024,스포츠과학부,예체능계열,120,456,119
135,2024,시각정보디자인학과,예체능계열,40,150,40
135,2024,식품생명공학과,자연계열,30,126,28
135,2024,식품영양학과,자연계열,37,181,35
135,2024,실내?산업디자인학과,예체능계열,35,119,35
135,2024,안전보건학과,공학계열,30,125,30
135,2024,약학과,의약계열,47,671,47
135,2024,역사교육과,교육계열,27,134,27
135,2024,역사문화학과,인문계열,25,117,25
135,2024,영어교육과,교육계열,27,102,26
135,2024,영어영문학과,인문계열,27,92,27
135,2024,원불교학과,인문계열,13,18,13
135,2024,원예산업학과,자연계열,48,207,48
135,2024,유아교육과,교육계열,34,173,34
135,2024,응급구조학과,의약계열,44,448,44
135,2024,의료상담학과,사회계열,32,132,32
135,2024,의예과,의약계열,97,1435,97
135,2024,일어교육과,교육계열,25,140,25
135,2024,자율전공학부,공학계열,30,216,30
135,2024,작업치료학과,의약계열,61,326,61
135,2024,전기공학과,공학계열,85,346,83
135,2024,전자공학과,공학계열,55,243,53
135,2024,중국학과,인문계열,22,72,20
135,2024,중등특수교육과,교육계열,27,96,27
135,2024,철도시스템공학부,공학계열,35,156,35
135,2024,체육교육과,교육계열,35,366,35
135,2024,치의예과,의약계열,84,725,84
135,2024,컴퓨터?소프트웨어공학과,공학계열,121,527,121
135,2024,패션디자인산업학과,예체능계열,30,192,30
135,2024,한문교육과,교육계열,27,103,27
135,2024,한약학과,의약계열,45,406,45
135,2024,한의예과,의약계열,95,854,95
135,2024,행정?언론학부,사회계열,86,347,86
135,2024,화학공학과,공학계열,37,124,35
135,2024,회계세무학과,사회계열,40,150,40
135,2025,가정교육과,교육계열,27,110,27
135,2025,가족아동복지학과,사회계열,25,131,25
135,2025,간호학과,의약계열,151,1229,151
135,2025,건설환경공학과,공학계열,40,155,40
135,2025,건축공학과,공학계열,52,201,52
135,2025,건축학과,공학계열,41,192,41
135,2025,게임콘텐츠학과,공학계열,35,145,35
135,2025,경영학과,사회계열,131,533,139
135,2025,경제금융학과,사회계열,27,140,27
135,2025,경찰행정학과,사회계열,74,542,74
135,2025,교육학과,교육계열,18,79,18
135,2025,국방기술학과,공학계열,30,105,30
135,2025,국어교육과,교육계열,27,109,27
135,2025,군사학과,사회계열,40,130,40
135,2025,기계공학부,공학계열,57,216,57
135,2025,농생명?바이오계열,자연계열,142,495,140
135,2025,도시공학과,공학계열,28,152,27
135,2025,동물보건학과,자연계열,60,264,60
135,2025,디자인융합계열,예체능계열,146,642,147
135,2025,반려동물산업학과,자연계열,30,233,30
135,2025,복지?보건학부,사회계열,87,369,87
135,2025,뷰티디자인학부,예체능계열,43,245,43
135,2025,소방행정학과,사회계열,66,359,66
135,2025,수학교육과,교육계열,27,100,26
135,2025,스포츠과학부,예체능계열,110,508,110
135,2025,식품영양학과,자연계열,39,203,39
135,2025,안전보건학과,공학계열,27,106,27
135,2025,약학과,의약계열,47,712,47
135,2025,역사교육과,교육계열,27,135,27
135,2025,영어교육과,교육계열,27,98,27
135,2025,원불교학과,인문계열,13,36,13
135,2025,유아교육과,교육계열,34,194,34
135,2025,응급구조학과,의약계열,48,401,48
135,2025,의료상담학과,사회계열,32,144,30
135,2025,의예과,의약계열,157,1902,157
135,2025,일어교육과,교육계열,25,123,25
135,2025,자율전공학부,공학계열,201,673,201
135,2025,작업치료학과,의약계열,61,335,61
135,2025,전기공학과,공학계열,74,296,74
135,2025,전자공학과,공학계열,40,260,39
135,2025,중등특수교육과,교육계열,26,80,26
135,2025,창의문화융합계열,무전공,117,404,115
135,2025,철도시스템공학부,공학계열,35,108,35
135,2025,체육교육과,교육계열,35,420,35
135,2025,치의예과,의약계열,84,680,84
135,2025,컴퓨터?소프트웨어공학과,공학계열,93,314,94
135,2025,한문교육과,교육계열,26,94,26
135,2025,한약학과,의약계열,45,468,45
135,2025,한의예과,의약계열,95,933,95
135,2025,행정공공기관학과,사회계열,44,180,44
135,2025,화학공학과,공학계열,33,155,30
135,2025,회계세무학과,사회계열,30,114,30
135,2026,가정교육과,교육계열,27,198,27
135,2026,간호학과,의약계열,348,3019,347
135,2026,건축학과,공학계열,38,243,38
135,2026,경영계열,사회계열,275,748,198
135,2026,경영학과,사회계열,0,1,0
135,2026,경제금융·회계세무계열,사회계열,60,275,60
135,2026,경찰·공공행정계열,사회계열,107,825,107
135,2026,공학1계열,공학계열,122,676,110
135,2026,공학2계열,공학계열,232,970,231
135,2026,공학3계열,공학계열,129,495,130
135,2026,국방기술학과,공학계열,30,105,30
135,2026,국어교육과,교육계열,27,171,27
135,2026,국어국문학과,인문계열,0,1,0
135,2026,국제농업학부(외국인 전용),자연계열,0,49,47
135,2026,군사학과,사회계열,40,223,40
135,2026,그린바이오계열,자연계열,68,212,67
135,2026,기계공학부,공학계열,0,1,0
135,2026,농생명·바이오학과,자연계열,30,27,27
135,2026,동물보건학과,자연계열,60,287,60
135,2026,디자인융합계열,예체능계열,157,642,157
135,2026,물리치료학과,의약계열,91,986,91
135,2026,미용피부관리과,예체능계열,53,128,57
135,2026,반려동물산업학과,자연계열,55,223,55
135,2026,방사선학과,의약계열,127,992,127
135,2026,보건행정학과,사회계열,50,244,50
135,2026,부사관과,사회계열,30,70,29
135,2026,뷰티디자인학과,예체능계열,47,303,48
135,2026,뷰티디자인학부,예체능계열,0,1,0
135,2026,사회복지학과,사회계열,79,344,78
135,2026,소방행정·방재계열,사회계열,60,300,60
135,2026,수학교육과,교육계열,27,112,27
135,2026,스마트농업계열,자연계열,118,470,110
135,2026,스포츠과학부,예체능계열,110,738,109
135,2026,식품영양학과,자연계열,54,189,54
135,2026,안경광학과,공학계열,34,96,34
135,2026,안전보건학과,공학계열,27,116,27
135,2026,약학과,의약계열,47,464,47
135,2026,언어재활학과,의약계열,42,143,42
135,2026,역사교육과,교육계열,27,217,27
135,2026,영어교육과,교육계열,27,129,27
135,2026,외식조리과,자연계열,65,174,65
135,2026,원불교학과,인문계열,13,36,13
135,2026,웰니스케어과,사회계열,20,52,29
135,2026,유아교육과,교육계열,72,246,72
135,2026,응급구조학과,의약계열,58,417,57
135,2026,의료상담학과,사회계열,34,124,34
135,2026,의생명공학계열,자연계열,81,379,81
135,2026,의예과,의약계열,97,966,97
135,2026,일어교육과,교육계열,27,191,27
135,2026,임상병리학과,의약계열,108,532,108
135,2026,자율전공학부,무전공,147,974,150
135,2026,작업치료학과,의약계열,53,283,53
135,2026,전기공학과,공학계열,0,1,0
135,2026,중등특수교육과,교육계열,27,110,27
135,2026,창의문화융합계열,무전공,117,439,117
135,2026,체육교육과,교육계열,35,550,35
135,2026,치기공학과,의약계열,67,295,98
135,2026,치위생학과,의약계열,111,603,111
135,2026,치의예과,의약계열,84,814,84
135,2026,푸드테크계열,자연계열,63,241,64
135,2026,한문교육과,교육계열,27,110,27
135,2026,한약학과,의약계열,44,384,44
135,2026,한의예과,의약계열,95,992,95
135,2026,호텔관광과,사회계열,33,133,65
136,2024,간호학과,의약계열,133,608,130
136,2024,건강스포츠학부,예체능계열,75,174,75
136,2024,경영학과,사회계열,25,44,25
136,2024,경찰정보보안학과,사회계열,25,59,25
136,2024,기타모집단위,인문계열,15,0,0
136,2024,물리치료학과,의약계열,39,143,37
136,2024,불교문화학과,인문계열,25,33,25
136,2024,사회복지서비스상담학과,사회계열,25,58,25
136,2024,사회복지학과,사회계열,21,75,20
136,2024,스마트경영학과,사회계열,25,32,25
136,2024,역사문화콘텐츠학과,인문계열,30,42,30
136,2024,외식조리제과제빵학부,자연계열,45,146,46
136,2024,유아교육과,교육계열,28,66,20
136,2024,중등특수교육전공,교육계열,23,51,21
136,2024,지능형전력시스템공학과,공학계열,25,68,24
136,2024,초등특수교육전공,교육계열,23,40,21
136,2024,한국어학과,인문계열,5,9,5
136,2025,간호학과,의약계열,135,705,115
136,2025,경영학과,사회계열,11,23,11
136,2025,경찰정보보안학과,사회계열,25,64,25
136,2025,기타모집단위,인문계열,15,0,0
136,2025,라이프융합학과,무전공,25,34,25
136,2025,물리치료학과,의약계열,39,147,36
136,2025,불교문화학과,인문계열,25,33,25
136,2025,사회복지서비스상담학과,사회계열,25,45,25
136,2025,사회복지학과,사회계열,10,39,10
136,2025,스마트경영학과,사회계열,25,36,25
136,2025,시니어웰니스학과,자연계열,25,34,25
136,2025,역사문화콘텐츠학과,인문계열,30,57,30
136,2025,외식제과제빵창업학과,자연계열,26,115,26
136,2025,유아교육과,교육계열,25,56,25
136,2025,전력시스템공학과,공학계열,25,54,25
136,2025,중등특수교육전공,교육계열,18,39,17
136,2025,첨단산업학과,공학계열,20,22,20
136,2025,체육학부,예체능계열,60,197,60
136,2025,초등특수교육전공,교육계열,22,50,21
136,2025,한국어학과,인문계열,2,3,2
136,2026,간호학과,의약계열,131,607,124
136,2026,경영학과,사회계열,10,52,10
136,2026,경찰정보보안학과,사회계열,25,78,26
136,2026,기타모집단위,인문계열,28,0,0
136,2026,라이프융합학과,무전공,25,47,25
136,2026,물리치료학과,의약계열,38,160,37
136,2026,반려동물학부,자연계열,25,57,25
136,2026,불교문화학과,인문계열,25,33,25
136,2026,사회복지서비스상담학과,사회계열,25,51,25
136,2026,사회복지학과,사회계열,10,35,12
136,2026,스마트경영학과,사회계열,25,26,25
136,2026,시니어웰니스학과,자연계열,25,38,25
136,2026,역사문화콘텐츠학과,인문계열,30,60,30
136,2026,외식제과제빵창업학과,자연계열,25,129,26
136,2026,유아교육과,교육계열,25,73,26
136,2026,전력시스템공학과,공학계열,25,64,25
136,2026,중등특수교육전공,교육계열,17,52,17
136,2026,첨단산업학과,공학계열,20,23,20
136,2026,체육학부,예체능계열,60,169,60
136,2026,초등특수교육전공,교육계열,21,55,21
136,2026,한국어학과,인문계열,2,37,5
137,2024,간호학과,의약계열,92,84,84
137,2024,경찰·소방행정학부,사회계열,40,40,40
137,2024,경찰학부,사회계열,40,82,40
137,2024,국방인재개발학과,사회계열,30,57,30
137,2024,드론응용학과,공학계열,21,81,20
137,2024,문화복지융합학과,사회계열,40,51,40
137,2024,물리치료학과,의약계열,39,35,35
137,2024,미디어콘텐츠학과,인문계열,21,67,20
137,2024,미래라이프융합학부,예체능계열,30,52,30
137,2024,미래모빌리티학과,공학계열,20,49,20
137,2024,보건행정학과,사회계열,20,20,20
137,2024,뷰티케어학과,예체능계열,41,416,41
137,2024,사회복지학부,사회계열,93,90,90
137,2024,산업안전보건학과,의약계열,25,56,25
137,2024,스마트팜학과,자연계열,20,20,20
137,2024,스마트평생교육학부,사회계열,36,36,36
137,2024,스포츠학부,예체능계열,40,40,40
137,2024,와인사이언스학과,자연계열,20,20,20
137,2024,유아교육과,교육계열,20,94,20
137,2024,응급구조학과,의약계열,30,30,30
137,2024,작업치료학과,의약계열,58,220,50
137,2024,중등특수교육과,교육계열,30,55,30
137,2024,초등특수교육과,교육계열,30,70,30
137,2024,치위생학과,의약계열,38,31,31
137,2024,호텔외식조리학과,자연계열,30,30,30
137,2024,AI소프트웨어학과,공학계열,20,79,20
137,2025,간호학과,의약계열,122,549,108
137,2025,경찰·소방행정학부,사회계열,41,119,41
137,2025,국방인재개발학과,사회계열,22,29,20
137,2025,드론로봇응용학과,공학계열,20,58,20
137,2025,문화복지융합학과,사회계열,52,70,52
137,2025,물리치료학과,의약계열,42,216,35
137,2025,미디어콘텐츠학과,인문계열,20,43,19
137,2025,미래라이프융합학부,예체능계열,48,75,48
137,2025,미래자동차학과,공학계열,20,71,20
137,2025,뷰티케어학과,예체능계열,46,422,40
137,2025,사회복지학부,사회계열,156,216,156
137,2025,산업안전보건학과,의약계열,25,45,25
137,2025,스마트팜학과,자연계열,32,63,32
137,2025,스마트평생교육학부,사회계열,113,132,113
137,2025,스포츠학부,예체능계열,40,67,40
137,2025,와인사이언스학과,자연계열,23,33,23
137,2025,유아교육과,교육계열,20,50,20
137,2025,응급구조학과,의약계열,30,90,30
137,2025,자율설계학부,무전공,22,44,23
137,2025,작업치료학과,의약계열,50,105,50
137,2025,중등특수교육과,교육계열,30,48,30
137,2025,창의설계학부,무전공,20,40,20
137,2025,초등특수교육과,교육계열,30,60,30
137,2025,치위생학과,의약계열,36,146,31
137,2025,호텔외식조리학과,자연계열,30,92,30
137,2025,AI소프트웨어학과,공학계열,20,59,20
137,2026,간호학과,의약계열,120,703,111
137,2026,경찰·소방행정학부,사회계열,42,230,40
137,2026,국방인재개발학과,사회계열,20,37,20
137,2026,드론로봇응용학과,공학계열,22,95,20
137,2026,문화복지융합학부,사회계열,72,111,72
137,2026,문화복지학과,사회계열,6,8,6
137,2026,물리치료학과,의약계열,33,156,33
137,2026,미디어콘텐츠학과,인문계열,22,121,20
137,2026,미래라이프융합학부,예체능계열,53,62,53
137,2026,미래자동차학과,공학계열,22,114,22
137,2026,뷰티케어학과,예체능계열,47,421,44
137,2026,사회복지학부,사회계열,170,312,164
137,2026,산업안전보건학과,의약계열,25,59,25
137,2026,스마트팜학과,자연계열,20,66,20
137,2026,스마트평생교육학부,사회계열,28,30,28
137,2026,스포츠학부,예체능계열,40,103,40
137,2026,와인사이언스학과,자연계열,20,31,20
137,2026,유아교육과,교육계열,22,87,21
137,2026,응급구조학과,의약계열,30,149,30
137,2026,자율설계학부,무전공,95,182,95
137,2026,작업치료학과,의약계열,50,170,50
137,2026,중등특수교육과,교육계열,30,68,30
137,2026,창의설계학부,무전공,78,162,78
137,2026,초등특수교육과,교육계열,30,69,30
137,2026,치위생학과,의약계열,33,189,31
137,2026,파크골프지도학과,예체능계열,80,94,80
137,2026,한국어문화학과,인문계열,2,2,2
137,2026,호텔조리베이커리학과,자연계열,30,123,30
137,2026,AI소프트웨어학과,공학계열,21,112,20
138,2024,간호학과,의약계열,178,1678,174
138,2024,물리치료학과,의약계열,77,892,77
138,2024,바이오공학부,자연계열,170,1308,170
138,2024,방사선학과,의약계열,69,721,69
138,2024,스마트의료정보학부,의약계열,168,1090,167
138,2024,안경광학과,공학계열,44,418,43
138,2024,응급구조학과,의약계열,44,508,43
138,2024,의예과,의약계열,50,557,50
138,2024,임상병리학과,의약계열,114,1016,112
138,2024,치위생학과,의약계열,45,503,44
138,2024,휴먼서비스학부,사회계열,148,1682,148
138,2025,간호학과,의약계열,178,2854,174
138,2025,물리치료학과,의약계열,76,1063,76
138,2025,방사선학과,의약계열,69,1169,68
138,2025,안경광학과,공학계열,44,531,43
138,2025,응급구조학과,의약계열,44,620,43
138,2025,의료경영학과,사회계열,44,476,43
138,2025,의예과,의약계열,108,1452,108
138,2025,인문사회계열학부,무전공,136,1523,135
138,2025,임상병리학과,의약계열,115,1216,113
138,2025,자연계열학부,무전공,181,1530,180
138,2025,자유전공학부,무전공,76,525,75
138,2025,첨단학부,공학계열,41,280,40
138,2025,치위생학과,의약계열,44,681,43
138,2026,간호학과,의약계열,178,2852,175
138,2026,글로벌빅데이터AI학과,공학계열,58,0,0
138,2026,물리치료학과,의약계열,76,1026,75
138,2026,방사선학과,의약계열,69,956,68
138,2026,안경광학과,공학계열,44,495,43
138,2026,응급구조학과,의약계열,44,588,44
138,2026,의료경영학과,사회계열,44,557,43
138,2026,의예과,의약계열,49,635,49
138,2026,인문사회계열학부,무전공,137,2188,136
138,2026,임상병리학과,의약계열,114,1440,112
138,2026,자연계열학부,무전공,181,1578,180
138,2026,자유전공학부,무전공,76,1275,75
138,2026,첨단학부,공학계열,41,854,98
138,2026,치위생학과,의약계열,44,521,44
139,2024,간호학부,의약계열,78,824,104
139,2024,건축도시시스템공학과,공학계열,34,408,29
139,2024,건축학과(5년),공학계열,33,413,34
139,2024,경영학부,사회계열,116,1253,131
139,2024,공과대학,공학계열,0,127,0
139,2024,과학교육과,교육계열,86,442,93
139,2024,교육공학과,교육계열,30,374,33
139,2024,교육학과,교육계열,27,202,28
139,2024,국어교육과,교육계열,27,148,29
139,2024,국제학부,사회계열,68,275,70
139,2024,기타모집단위,인문계열,438,0,0
139,2024,기후에너지시스템공학과,공학계열,40,482,34
139,2024,뇌?인지과학부,자연계열,31,227,31
139,2024,데이터사이언스학과,공학계열,40,234,40
139,2024,디자인학부(신),예체능계열,80,832,90
139,2024,무용과,예체능계열,38,108,39
139,2024,사이버보안학과,공학계열,36,353,31
139,2024,사회과교육과,교육계열,71,321,76
139,2024,사회과학대학,사회계열,290,2723,0
139,2024,섬유?패션학부,예체능계열,47,263,0
139,2024,수학교육과,교육계열,27,124,27
139,2024,스크랜튼학부,인문계열,40,1314,0
139,2024,식품생명공학과,자연계열,33,414,29
139,2024,신산업융합대학,자연계열,177,2371,0
139,2024,약학부,의약계열,122,3668,0
139,2024,영어교육과,교육계열,37,191,39
139,2024,영어영문학부,인문계열,91,890,87
139,2024,유아교육과,교육계열,29,163,31
139,2024,음악대학,예체능계열,166,711,0
139,2024,의예과,의약계열,76,452,76
139,2024,인공지능대학,공학계열,0,64,0
139,2024,인공지능학과,공학계열,41,241,43
139,2024,인문과학대학,인문계열,299,3197,0
139,2024,자연과학대학,자연계열,119,1221,0
139,2024,전자전기공학전공,공학계열,35,362,28
139,2024,조형예술학부,예체능계열,113,712,0
139,2024,지능형반도체공학전공,공학계열,60,464,60
139,2024,체육과학부,예체능계열,45,316,48
139,2024,초등교육과,교육계열,39,235,42
139,2024,커뮤니케이션·미디어학부,사회계열,79,752,105
139,2024,컴퓨터공학과,공학계열,69,729,61
139,2024,특수교육과,교육계열,35,290,39
139,2024,호크마교양대학,인문계열,0,1002,359
139,2024,화공신소재공학과,공학계열,60,644,53
139,2024,화학생명분자과학부,자연계열,133,2228,74
139,2024,환경공학과,자연계열,43,479,38
139,2024,휴먼기계바이오공학과,공학계열,66,771,56
139,2025,간호학부,의약계열,78,854,118
139,2025,건축도시시스템공학과,공학계열,33,395,28
139,2025,건축학과(5년),공학계열,33,422,33
139,2025,경영학부,사회계열,116,1258,102
139,2025,과학교육과,교육계열,87,545,94
139,2025,교육공학과,교육계열,30,287,32
139,2025,교육학과,교육계열,27,174,29
139,2025,국어교육과,교육계열,27,177,30
139,2025,국제학부,사회계열,68,345,67
139,2025,기타모집단위,인문계열,574,0,0
139,2025,기후에너지시스템공학과,공학계열,40,497,36
139,2025,뇌?인지과학부,자연계열,31,195,30
139,2025,디자인학부(신),예체능계열,80,830,89
139,2025,무용과,예체능계열,38,154,38
139,2025,사이버보안학과,공학계열,36,342,33
139,2025,사회과교육과,교육계열,71,363,77
139,2025,사회과학대학,사회계열,290,2804,0
139,2025,생명과학과,자연계열,66,1013,67
139,2025,섬유?패션학부,예체능계열,47,230,0
139,2025,수학교육과,교육계열,27,171,30
139,2025,스크랜튼학부,인문계열,41,1335,0
139,2025,식품생명공학과,자연계열,33,377,29
139,2025,신산업융합대학,자연계열,177,2307,0
139,2025,약학부,의약계열,121,3314,0
139,2025,영어교육과,교육계열,37,188,38
139,2025,영어영문학부,인문계열,91,849,88
139,2025,유아교육과,교육계열,29,139,29
139,2025,음악대학,예체능계열,165,735,0
139,2025,의예과,의약계열,76,460,76
139,2025,인공지능데이터사이언스학부,공학계열,114,1533,117
139,2025,인문과학대학,인문계열,299,3173,0
139,2025,자연과학대학,자연계열,118,1199,0
139,2025,전자전기공학전공,공학계열,64,606,57
139,2025,조형예술학부,예체능계열,113,659,0
139,2025,지능형반도체공학전공,공학계열,60,420,66
139,2025,체육과학부,예체능계열,46,402,49
139,2025,초등교육과,교육계열,39,291,43
139,2025,커뮤니케이션·미디어학부,사회계열,79,823,80
139,2025,컴퓨터공학과,공학계열,69,582,57
139,2025,특수교육과,교육계열,35,177,38
139,2025,호크마학부,무전공,0,1014,344
139,2025,화공신소재공학과,공학계열,60,615,53
139,2025,화학?나노과학과,자연계열,67,911,65
139,2025,환경공학과,자연계열,43,450,39
139,2025,휴먼기계바이오공학과,공학계열,66,645,56
139,2026,간호학부,의약계열,78,1103,107
139,2026,건축도시시스템공학과,공학계열,33,370,28
139,2026,건축학과(5년),공학계열,33,392,29
139,2026,경영학부,사회계열,116,1751,104
139,2026,경제학과,사회계열,64,0,59
139,2026,과학교육과,교육계열,86,536,92
139,2026,교육공학과,교육계열,30,230,34
139,2026,교육학과,교육계열,27,188,29
139,2026,국어교육과,교육계열,27,187,29
139,2026,국어국문학과,인문계열,69,0,70
139,2026,국제사무학과,사회계열,28,0,24
139,2026,국제학부,사회계열,69,840,66
139,2026,기독교학과,인문계열,20,0,20
139,2026,기타모집단위,인문계열,475,0,0
139,2026,기후에너지시스템공학과,공학계열,40,411,35
139,2026,뇌·인지과학부,자연계열,30,268,29
139,2026,독어독문학과,인문계열,31,0,31
139,2026,디자인학부(신),예체능계열,80,863,90
139,2026,무용과,예체능계열,38,113,38
139,2026,문헌정보학과,인문계열,23,0,21
139,2026,불어불문학과,인문계열,47,0,42
139,2026,사이버보안학과,공학계열,36,338,28
139,2026,사학과,인문계열,32,0,34
139,2026,사회과교육과,교육계열,71,416,77
139,2026,사회과학대학,사회계열,0,3815,0
139,2026,사회복지학과,사회계열,24,0,23
139,2026,사회학과,사회계열,32,0,27
139,2026,생명과학과,자연계열,66,1056,63
139,2026,섬유·패션학부,예체능계열,47,178,0
139,2026,소비자학과,자연계열,27,0,23
139,2026,수학교육과,교육계열,28,183,30
139,2026,스크랜튼학부,무전공,40,0,0
139,2026,식품생명공학과,자연계열,33,421,32
139,2026,식품영양학과,자연계열,45,0,42
139,2026,신산업융합대학,자연계열,0,2622,0
139,2026,심리학과,인문계열,40,0,37
139,2026,약학부,의약계열,123,2629,0
139,2026,영어교육과,교육계열,37,218,38
139,2026,영어영문학부,인문계열,91,1245,86
139,2026,유아교육과,교육계열,29,218,31
139,2026,융합보건학과,의약계열,28,0,24
139,2026,융합콘텐츠학과,인문계열,28,0,30
139,2026,음악대학,예체능계열,167,734,0
139,2026,의류산업학과,자연계열,48,0,37
139,2026,의예과,의약계열,78,1575,78
139,2026,인공지능데이터사이언스학부,공학계열,114,1468,116
139,2026,인문과학대학,인문계열,0,5161,0
139,2026,자연과학대학,자연계열,118,1290,0
139,2026,자유전공,무전공,0,1692,40
139,2026,전자전기공학전공,공학계열,64,640,60
139,2026,정치외교학과,사회계열,41,0,36
139,2026,조형예술학부,예체능계열,113,348,0
139,2026,중어중문학과,인문계열,69,0,65
139,2026,지능형반도체공학전공,공학계열,60,435,63
139,2026,철학과,인문계열,31,0,29
139,2026,체육과학부,예체능계열,45,409,48
139,2026,초등교육과,교육계열,39,410,42
139,2026,커뮤니케이션·미디어학부,사회계열,79,1022,75
139,2026,컴퓨터공학과,공학계열,69,591,56
139,2026,특수교육과,교육계열,35,207,38
139,2026,행정학과,사회계열,39,0,40
139,2026,호크마학부,무전공,0,1038,341
139,2026,화공신소재공학과,공학계열,60,644,59
139,2026,화학·나노과학과,자연계열,67,1050,65
139,2026,환경공학과,자연계열,43,500,39
139,2026,휴먼기계바이오공학과,공학계열,66,588,61
140,2024,간호학과,의약계열,117,474,117
140,2024,건축학과,공학계열,34,129,34
140,2024,게임학과,공학계열,33,125,33
140,2024,경영학과,사회계열,67,271,62
140,2024,경찰?행정학과,사회계열,34,221,32
140,2024,글로벌자유전공학과,인문계열,31,38,31
140,2024,기타모집단위,인문계열,31,0,0
140,2024,멀티미디어학부,공학계열,45,171,41
140,2024,문화콘텐츠학과,인문계열,31,118,24
140,2024,물리치료학과,의약계열,42,366,44
140,2024,미디어커뮤니케이션학과,사회계열,38,176,38
140,2024,반도체공학과,공학계열,32,78,26
140,2024,반려동물보건학과,자연계열,43,271,43
140,2024,방사선화학과,자연계열,34,176,32
140,2024,법학과,사회계열,29,100,27
140,2024,보건안전공학과,공학계열,48,128,45
140,2024,보건행정학과,사회계열,40,213,40
140,2024,사회복지학과,사회계열,38,114,32
140,2024,상담심리치료학과,사회계열,45,153,45
140,2024,소방방재학과,공학계열,34,167,32
140,2024,스마트물류학과,공학계열,20,65,20
140,2024,스포츠헬스케어학과,예체능계열,63,213,63
140,2024,식품영양?식품공학부,자연계열,45,180,33
140,2024,실내건축학과,공학계열,40,134,40
140,2024,약학과,의약계열,41,420,41
140,2024,웹툰영상학과,예체능계열,23,93,22
140,2024,유아교육과,교육계열,23,101,20
140,2024,음악공연예술학과,예체능계열,25,64,17
140,2024,응급구조학과,의약계열,34,348,34
140,2024,의공학부,의약계열,62,164,45
140,2024,의료IT학과,의약계열,33,99,29
140,2024,의생명공학과,자연계열,34,114,31
140,2024,의예과,의약계열,98,615,98
140,2024,임상병리학과,의약계열,46,201,46
140,2024,자유전공학부,인문계열,35,206,33
140,2024,작업치료학과,의약계열,41,142,41
140,2024,전기?배터리공학과,공학계열,25,77,21
140,2024,전기차공학부,공학계열,35,108,24
140,2024,전자공학과,공학계열,26,81,19
140,2024,제약공학과,자연계열,82,195,81
140,2024,컴퓨터공학과,공학계열,42,169,40
140,2024,특수교육과,교육계열,25,85,25
140,2024,AI소프트웨어학부,공학계열,32,101,25
140,2025,간호학과,의약계열,111,920,111
140,2025,건축학과,공학계열,25,139,25
140,2025,게임학과,공학계열,17,98,15
140,2025,경영학과,사회계열,64,263,65
140,2025,경찰?행정학과,사회계열,17,156,17
140,2025,공학계열,공학계열,78,203,77
140,2025,글로벌자유전공학과,인문계열,37,39,37
140,2025,기계?전기차공학과,공학계열,15,96,15
140,2025,기타모집단위,인문계열,31,0,0
140,2025,멀티미디어학과,공학계열,26,105,27
140,2025,문화콘텐츠학과,인문계열,21,96,20
140,2025,물리치료학과,의약계열,46,465,46
140,2025,미디어?콘텐츠계열,무전공,58,194,50
140,2025,미디어커뮤니케이션학과,사회계열,25,144,24
140,2025,반도체?전자공학부,공학계열,30,145,26
140,2025,반려동물보건학과,자연계열,43,304,43
140,2025,방사선학과,의약계열,39,632,39
140,2025,법학과,사회계열,23,96,22
140,2025,보건안전공학과,공학계열,29,110,29
140,2025,보건행정학과,사회계열,20,159,20
140,2025,사회과학?경영계열,사회계열,114,346,108
140,2025,사회복지학과,사회계열,22,146,21
140,2025,상담심리치료학과,사회계열,23,103,24
140,2025,소방방재학과,공학계열,18,181,18
140,2025,스마트물류학과,공학계열,10,41,10
140,2025,스포츠헬스케어학과,예체능계열,63,236,62
140,2025,식품영양?식품공학부,자연계열,32,157,33
140,2025,실내건축학과(예체능),예체능계열,25,131,27
140,2025,약학과,의약계열,46,536,45
140,2025,웹툰영상학과,예체능계열,15,90,15
140,2025,유아교육과,교육계열,23,122,22
140,2025,음악치료?공연예술학과,예체능계열,16,44,17
140,2025,응급구조학과,의약계열,19,203,19
140,2025,의공학과,의약계열,30,98,28
140,2025,의료IT학과,의약계열,25,101,23
140,2025,의생명공학과,자연계열,20,73,20
140,2025,의생명보건계열,무전공,149,431,148
140,2025,의예과,의약계열,106,751,104
140,2025,임상병리학과,의약계열,46,266,46
140,2025,자유전공학부,무전공,42,253,41
140,2025,작업치료학과,의약계열,41,226,41
140,2025,전기?배터리공학과,공학계열,15,69,14
140,2025,제약공학과,자연계열,37,130,37
140,2025,컴퓨터?AI계열,공학계열,55,196,52
140,2025,컴퓨터공학과,공학계열,23,132,21
140,2025,특수교육과,교육계열,25,120,25
140,2025,AI소프트웨어학과,공학계열,19,63,18
140,2026,간호학과,의약계열,110,898,110
140,2026,경영계열,사회계열,70,319,69
140,2026,공학계열,공학계열,220,697,218
140,2026,국제경영학과,사회계열,50,62,50
140,2026,글로벌경영학과,사회계열,9,21,9
140,2026,글로벌자유전공학과,인문계열,10,17,10
140,2026,글로컬리더스학부,공학계열,20,131,20
140,2026,기계융합공학과,공학계열,8,9,8
140,2026,물리치료학과,의약계열,44,305,44
140,2026,미디어·콘텐츠계열,무전공,131,572,128
140,2026,반려동물보건학과,자연계열,42,275,42
140,2026,방사선학과,의약계열,39,391,38
140,2026,뷰티산업융합학과,예체능계열,7,22,7
140,2026,사회과학계열,사회계열,179,722,179
140,2026,스포츠헬스케어학부(경기지도전공),예체능계열,40,99,40
140,2026,스포츠헬스케어학부(스포츠산업·재활전공),예체능계열,33,211,33
140,2026,약학과,의약계열,42,372,41
140,2026,웹툰영상학과,예체능계열,15,34,15
140,2026,유아교육과,교육계열,23,156,23
140,2026,융합기술공학과,공학계열,25,62,25
140,2026,음악학과,예체능계열,15,77,15
140,2026,의생명보건계열,무전공,244,996,245
140,2026,의예과,의약계열,99,569,99
140,2026,임상병리학과,의약계열,46,289,46
140,2026,자유전공학부,무전공,42,267,42
140,2026,작업치료학과,의약계열,41,305,41
140,2026,컴퓨터·AI계열,공학계열,116,435,121
140,2026,특수교육과,교육계열,25,112,25
140,2026,한국어교육학과,교육계열,12,13,12
140,2026,혁신신약·제약공학계열,자연계열,109,360,108
140,2026,AI컴퓨터학과(영어트랙),공학계열,31,34,31
141,2024,간호학과(4년제),의약계열,54,440,54
141,2024,문화콘텐츠학과,인문계열,25,198,23
141,2024,신학과,인문계열,12,13,11
141,2024,융합디자인학과,예체능계열,54,328,52
141,2024,조형예술학과,예체능계열,39,198,35
141,2025,간호학과(4년제),의약계열,54,397,54
141,2025,문화콘텐츠학과,인문계열,19,122,17
141,2025,신학과,인문계열,12,13,11
141,2025,융합디자인학과,예체능계열,42,202,39
141,2025,자유전공,무전공,23,321,23
141,2025,조형예술학과,예체능계열,34,192,30
141,2026,간호학과(4년제),의약계열,54,547,54
141,2026,문화콘텐츠학과,인문계열,18,73,16
141,2026,신학과,인문계열,12,12,12
141,2026,융합디자인학과,예체능계열,40,229,37
141,2026,자유전공,무전공,27,121,27
141,2026,조형예술학과,예체능계열,33,170,30
142,2024,건설환경공학전공,공학계열,61,562,59
142,2024,경영학부,사회계열,108,1401,106
142,2024,경제학과,사회계열,77,721,76
142,2024,공연예술학과,예체능계열,32,1457,31
142,2024,국어교육과,교육계열,17,136,17
142,2024,국어국문학과,인문계열,35,519,34
142,2024,글로벌무역물류학과,사회계열,15,12,11
142,2024,기계공학과,공학계열,129,1384,127
142,2024,나노바이오공학전공,자연계열,30,232,30
142,2024,데이터과학과,자연계열,22,148,22
142,2024,도시건축학부,공학계열,93,735,92
142,2024,도시공학과,공학계열,41,440,40
142,2024,도시행정학과,사회계열,32,287,31
142,2024,독어독문학과,인문계열,38,416,35
142,2024,동북아국제통상전공,사회계열,42,358,42
142,2024,디자인학부,예체능계열,56,407,56
142,2024,무역학부,사회계열,116,911,114
142,2024,문헌정보학과,인문계열,33,339,32
142,2024,물리학과,자연계열,51,439,49
142,2024,미디어커뮤니케이션학과,사회계열,33,460,33
142,2024,바이오-로봇시스템공학과,공학계열,46,402,45
142,2024,법학부,사회계열,64,414,61
142,2024,분자의생명전공,자연계열,32,340,31
142,2024,불어불문학과,인문계열,37,637,35
142,2024,사회복지학과,사회계열,34,532,33
142,2024,산업경영공학과,공학계열,71,426,69
142,2024,생명공학전공,자연계열,35,253,35
142,2024,생명과학전공,자연계열,30,253,30
142,2024,서양화전공,예체능계열,15,167,15
142,2024,세무회계학과,사회계열,34,229,33
142,2024,소비자학과,자연계열,43,327,41
142,2024,수학과,자연계열,41,280,39
142,2024,수학교육과,교육계열,19,107,19
142,2024,스마트물류공학전공,사회계열,10,52,10
142,2024,스포츠과학부,예체능계열,66,674,66
142,2024,신소재공학과,공학계열,43,312,41
142,2024,안전공학과,공학계열,43,461,42
142,2024,에너지화학공학과,공학계열,44,289,43
142,2024,역사교육과,교육계열,12,98,11
142,2024,영어교육과,교육계열,17,127,16
142,2024,영어영문학과,인문계열,58,501,58
142,2024,운동건강학부,예체능계열,55,616,55
142,2024,유아교육과,교육계열,22,177,21
142,2024,윤리교육과,교육계열,12,100,12
142,2024,일본지역문화학과,인문계열,36,329,34
142,2024,일어교육과,교육계열,17,201,17
142,2024,임베디드시스템공학과,공학계열,43,362,42
142,2024,전기공학과,공학계열,80,526,78
142,2024,전자공학부,공학계열,119,714,117
142,2024,정보통신공학과,공학계열,85,724,84
142,2024,정치외교학과,사회계열,33,295,32
142,2024,중어중국학과,인문계열,57,557,55
142,2024,창의인재개발학과,사회계열,34,282,32
142,2024,체육교육과,교육계열,16,121,16
142,2024,컴퓨터공학부,공학계열,118,1033,116
142,2024,패션산업학과,자연계열,43,467,43
142,2024,한국화전공,예체능계열,14,93,14
142,2024,해양학과,공학계열,34,321,34
142,2024,행정학과,사회계열,37,283,35
142,2024,화학과,자연계열,51,457,49
142,2024,환경공학전공,자연계열,32,273,31
142,2024,IBE전공,사회계열,11,29,11
142,2025,건설환경공학전공,공학계열,54,554,53
142,2025,경영학부,사회계열,102,1362,100
142,2025,경제학과,사회계열,70,589,69
142,2025,공연예술학과,예체능계열,32,1357,31
142,2025,국어교육과,교육계열,17,131,16
142,2025,국어국문학과,인문계열,30,283,28
142,2025,국제자유전공학부,무전공,0,1,0
142,2025,글로벌무역물류학과,사회계열,15,11,10
142,2025,기계공학과,공학계열,117,1189,114
142,2025,나노바이오공학전공,자연계열,27,325,26
142,2025,데이터과학과,자연계열,24,415,23
142,2025,도시건축학부,공학계열,85,680,82
142,2025,도시공학과,공학계열,37,334,35
142,2025,도시행정학과,사회계열,30,245,28
142,2025,독어독문학과,인문계열,34,354,31
142,2025,동북아국제통상전공,사회계열,38,330,38
142,2025,디자인학부,예체능계열,57,361,57
142,2025,무역학부,사회계열,104,1354,102
142,2025,문헌정보학과,인문계열,30,323,29
142,2025,물리학과,자연계열,46,490,46
142,2025,미디어커뮤니케이션학과,사회계열,32,477,31
142,2025,바이오-로봇시스템공학과,공학계열,41,309,39
142,2025,법학부,사회계열,58,466,57
142,2025,분자의생명전공,자연계열,28,234,27
142,2025,불어불문학과,인문계열,35,330,34
142,2025,사회복지학과,사회계열,31,404,30
142,2025,산업경영공학과,공학계열,65,535,64
142,2025,생명공학전공,자연계열,32,474,32
142,2025,생명과학전공,자연계열,28,320,28
142,2025,서양화전공,예체능계열,15,207,15
142,2025,세무회계학과,사회계열,32,230,30
142,2025,소비자학과,자연계열,40,350,39
142,2025,수학과,자연계열,37,272,36
142,2025,수학교육과,교육계열,19,150,19
142,2025,스마트물류공학전공,사회계열,10,64,10
142,2025,스포츠과학부,예체능계열,67,567,67
142,2025,신소재공학과,공학계열,39,353,36
142,2025,안전공학과,공학계열,39,257,37
142,2025,에너지화학공학과,공학계열,41,335,39
142,2025,역사교육과,교육계열,12,160,12
142,2025,영어교육과,교육계열,17,125,17
142,2025,영어영문학과,인문계열,52,408,51
142,2025,운동건강학부,예체능계열,55,573,55
142,2025,유아교육과,교육계열,22,397,20
142,2025,윤리교육과,교육계열,12,86,11
142,2025,일본지역문화학과,인문계열,34,366,33
142,2025,일어교육과,교육계열,17,114,16
142,2025,임베디드시스템공학과,공학계열,39,502,37
142,2025,자유전공학부(인문),무전공,87,1237,87
142,2025,자유전공학부(자연),무전공,129,1555,129
142,2025,전기공학과,공학계열,72,472,71
142,2025,전자공학부,공학계열,109,852,106
142,2025,정보통신공학과,공학계열,77,948,74
142,2025,정치외교학과,사회계열,31,572,30
142,2025,중어중국학과,인문계열,53,515,51
142,2025,창의인재개발학과,사회계열,30,271,29
142,2025,체육교육과,교육계열,16,145,16
142,2025,컴퓨터공학부,공학계열,108,841,107
142,2025,패션산업학과,자연계열,39,710,38
142,2025,한국화전공,예체능계열,14,93,14
142,2025,해양학과,공학계열,31,319,30
142,2025,행정학과,사회계열,34,394,32
142,2025,화학과,자연계열,46,374,44
142,2025,환경공학전공,자연계열,28,352,26
142,2025,IBE전공,사회계열,24,51,24
142,2026,건설환경공학전공,공학계열,54,649,52
142,2026,경영학부,사회계열,99,954,97
142,2026,경제학과,사회계열,71,570,71
142,2026,공연예술학과,예체능계열,33,1690,31
142,2026,국어교육과,교육계열,17,158,17
142,2026,국어국문학과,인문계열,32,379,31
142,2026,기계공학과,공학계열,118,1291,115
142,2026,나노바이오공학전공,자연계열,27,188,26
142,2026,데이터과학과,자연계열,24,191,23
142,2026,도시건축학부,공학계열,83,1235,80
142,2026,도시공학과,공학계열,37,391,35
142,2026,도시행정학과,사회계열,30,374,29
142,2026,독어독문학과,인문계열,34,350,32
142,2026,동북아국제통상전공,사회계열,38,279,38
142,2026,디자인학부,예체능계열,57,367,57
142,2026,문헌정보학과,인문계열,30,285,29
142,2026,물리학과,자연계열,46,358,44
142,2026,미디어커뮤니케이션학과,사회계열,35,432,34
142,2026,바이오-로봇시스템공학과,공학계열,41,754,40
142,2026,법학부,사회계열,58,440,55
142,2026,분자의생명전공,자연계열,28,199,25
142,2026,불어불문학과,인문계열,34,280,32
142,2026,사회복지학과,사회계열,33,364,32
142,2026,산업경영공학과,공학계열,65,758,63
142,2026,생명공학전공,자연계열,32,285,32
142,2026,생명과학전공,자연계열,28,219,28
142,2026,서양화전공,예체능계열,15,176,15
142,2026,세무회계학과,사회계열,32,749,30
142,2026,소비자학과,자연계열,39,328,38
142,2026,수학과,자연계열,37,321,36
142,2026,수학교육과,교육계열,19,159,19
142,2026,스마트물류공학전공,사회계열,10,77,10
142,2026,스포츠과학부,예체능계열,67,692,66
142,2026,신소재공학과,공학계열,39,286,36
142,2026,안전공학과,공학계열,39,306,39
142,2026,에너지화학공학과,공학계열,41,319,39
142,2026,역사교육과,교육계열,12,114,12
142,2026,영어교육과,교육계열,17,433,17
142,2026,영어영문학과,인문계열,51,430,51
142,2026,운동건강학부,예체능계열,55,539,55
142,2026,유아교육과,교육계열,22,568,21
142,2026,윤리교육과,교육계열,12,118,11
142,2026,일본지역문화학과,인문계열,35,316,33
142,2026,일어교육과,교육계열,17,268,16
142,2026,임베디드시스템공학과,공학계열,39,297,38
142,2026,자유전공학부(인문),무전공,87,684,87
142,2026,자유전공학부(자연),무전공,129,1087,128
142,2026,전기공학과,공학계열,72,438,70
142,2026,전자공학부,공학계열,108,677,106
142,2026,정보통신공학과,공학계열,77,798,76
142,2026,정치외교학과,사회계열,34,656,33
142,2026,중어중국학과,인문계열,53,490,51
142,2026,창의인재개발학과,사회계열,30,259,29
142,2026,체육교육과,교육계열,16,215,16
142,2026,컴퓨터공학부,공학계열,108,909,108
142,2026,패션산업학과,자연계열,41,415,40
142,2026,한국화전공,예체능계열,14,104,14
142,2026,해양학과,공학계열,31,282,31
142,2026,행정학과,사회계열,34,336,33
142,2026,화학과,자연계열,46,503,45
142,2026,환경공학전공,자연계열,28,335,27
142,2026,Global Trade & Service학부,사회계열,108,908,106
142,2026,IBE전공,사회계열,11,26,11
143,2024,간호학과,의약계열,97,1386,100
143,2024,건축학부,공학계열,91,1308,91
143,2024,경영학과,사회계열,179,2516,179
143,2024,경제학과,사회계열,75,833,74
143,2024,고분자공학과,공학계열,52,576,52
143,2024,공간정보공학과,자연계열,44,582,44
143,2024,교육학과,교육계열,29,256,29
143,2024,국어교육과,교육계열,30,337,30
143,2024,국제통상학과,사회계열,85,1008,85
143,2024,글로벌금융학과,사회계열,45,615,44
143,2024,금융투자학과,사회계열,41,224,41
143,2024,기계공학과,공학계열,168,1925,168
143,2024,기타모집단위,인문계열,1,0,0
143,2024,데이터사이언스학과,공학계열,54,603,55
143,2024,디자인융합학과,예체능계열,42,1016,42
143,2024,디자인테크놀로지학과,예체능계열,40,420,40
143,2024,메카트로닉스공학과,공학계열,42,304,41
143,2024,문화콘텐츠문화경영학과,인문계열,78,1118,78
143,2024,물리학과,자연계열,45,494,45
143,2024,미디어커뮤니케이션학과,사회계열,66,973,65
143,2024,반도체산업융합학과,공학계열,30,157,30
143,2024,반도체시스템공학과,공학계열,40,525,40
143,2024,사학과,인문계열,33,401,33
143,2024,사회교육과,교육계열,29,395,29
143,2024,사회복지학과,사회계열,33,392,32
143,2024,사회인프라공학과,공학계열,73,830,73
143,2024,산업경영공학과,공학계열,57,666,57
143,2024,산업경영학과,사회계열,44,317,44
143,2024,생명공학과,자연계열,54,904,54
143,2024,생명과학과,자연계열,38,753,38
143,2024,소비자학과,자연계열,28,510,28
143,2024,소프트웨어융합공학과,공학계열,43,338,43
143,2024,수학과,자연계열,38,574,39
143,2024,수학교육과,교육계열,29,338,29
143,2024,스마트모빌리티공학과,공학계열,44,607,45
143,2024,스포츠과학과,예체능계열,61,638,61
143,2024,식품영양학과,자연계열,48,661,48
143,2024,신소재공학과,공학계열,116,1313,115
143,2024,아동심리학과,사회계열,32,290,31
143,2024,아태물류학부,사회계열,85,732,85
143,2024,에너지자원공학과,공학계열,27,315,27
143,2024,연극영화학과,예체능계열,29,1059,29
143,2024,영어교육과,교육계열,29,208,29
143,2024,영어영문학과,인문계열,62,658,62
143,2024,의류디자인학과,예체능계열,48,1126,48
143,2024,의예과,의약계열,52,6322,52
143,2024,인공지능공학과,공학계열,54,605,53
143,2024,일본언어문화학과,인문계열,50,808,50
143,2024,자유전공학부,인문계열,70,291,70
143,2024,전기공학과,공학계열,90,1034,90
143,2024,전자공학과,공학계열,94,1116,94
143,2024,정보통신공학과,공학계열,108,1195,108
143,2024,정치외교학과,사회계열,55,1067,55
143,2024,조선해양공학과,공학계열,67,697,67
143,2024,조형예술학과,예체능계열,27,270,27
143,2024,중국학과,인문계열,55,618,55
143,2024,철학과,인문계열,31,353,31
143,2024,체육교육과,교육계열,42,385,42
143,2024,컴퓨터공학과,공학계열,174,2258,173
143,2024,통계학과,자연계열,38,406,37
143,2024,프랑스언어문화학과,인문계열,34,535,34
143,2024,한국어문학과,인문계열,44,461,44
143,2024,항공우주공학과,공학계열,72,928,72
143,2024,해양과학과,공학계열,40,543,40
143,2024,행정학과,사회계열,71,1030,71
143,2024,화학공학과,공학계열,122,1231,122
143,2024,화학과,자연계열,54,716,54
143,2024,환경공학과,자연계열,51,753,49
143,2024,IBT학과,사회계열,25,44,25
143,2024,ISE학과,공학계열,20,36,20
143,2024,KLC학과,인문계열,3,3,3
143,2025,간호학과,의약계열,117,1463,119
143,2025,건축학부,공학계열,84,1083,84
143,2025,경영융합학부,사회계열,44,219,44
143,2025,경영학과,사회계열,125,1992,131
143,2025,경제학과,사회계열,57,746,61
143,2025,고분자공학과,공학계열,40,459,40
143,2025,공간정보공학과,자연계열,42,508,42
143,2025,공학융합학부,공학계열,131,563,130
143,2025,교육학과,교육계열,29,209,29
143,2025,국어교육과,교육계열,30,329,30
143,2025,국제통상학과,사회계열,65,797,66
143,2025,금융투자학과,사회계열,41,252,41
143,2025,기계공학과,공학계열,124,1637,126
143,2025,기타모집단위,인문계열,72,0,0
143,2025,데이터사이언스학과,공학계열,52,561,55
143,2025,디자인융합학과,예체능계열,39,1165,39
143,2025,디자인테크놀로지학과,예체능계열,40,386,40
143,2025,메카트로닉스공학과,공학계열,42,291,42
143,2025,문화콘텐츠문화경영학과,인문계열,61,878,63
143,2025,물리학과,자연계열,36,478,36
143,2025,미디어커뮤니케이션학과,사회계열,47,736,50
143,2025,반도체산업융합학과,공학계열,30,163,30
143,2025,반도체시스템공학과,공학계열,82,1154,82
143,2025,사학과,인문계열,27,369,27
143,2025,사회과학융합학부,사회계열,41,186,41
143,2025,사회교육과,교육계열,29,351,29
143,2025,사회복지학과,사회계열,25,318,27
143,2025,사회인프라공학과,공학계열,60,744,60
143,2025,산업경영공학과,공학계열,44,510,44
143,2025,산업경영학과,사회계열,44,296,44
143,2025,생명공학과,자연계열,50,736,51
143,2025,생명과학과,자연계열,37,803,37
143,2025,소비자학과,자연계열,25,270,25
143,2025,소프트웨어융합공학과,공학계열,43,265,43
143,2025,수학과,자연계열,30,372,30
143,2025,수학교육과,교육계열,29,303,29
143,2025,스마트모빌리티공학과,공학계열,42,487,43
143,2025,스포츠과학과,예체능계열,61,601,61
143,2025,식품영양학과,자연계열,40,687,40
143,2025,신소재공학과,공학계열,86,1071,90
143,2025,아동심리학과,사회계열,24,311,25
143,2025,아태물류학부,사회계열,58,720,63
143,2025,에너지자원공학과,공학계열,25,290,25
143,2025,연극영화학과,예체능계열,29,1155,29
143,2025,영미유럽인문융합학부,인문계열,69,1115,69
143,2025,영어교육과,교육계열,29,248,29
143,2025,의류디자인학과,예체능계열,48,1359,48
143,2025,의예과,의약계열,122,4349,123
143,2025,이차전지융합학과,공학계열,40,409,40
143,2025,인공지능공학과,공학계열,83,1279,85
143,2025,인문융합학부,인문계열,33,137,32
143,2025,일본언어문화학과,인문계열,42,626,42
143,2025,자연과학융합학부,자연계열,40,176,40
143,2025,자유전공융합학부,무전공,270,1233,270
143,2025,전기전자공학부,공학계열,215,3028,224
143,2025,정치외교학과,사회계열,45,742,45
143,2025,조선해양공학과,공학계열,55,689,55
143,2025,조형예술학과,예체능계열,27,412,27
143,2025,중국학과,인문계열,49,699,49
143,2025,철학과,인문계열,26,367,26
143,2025,첨단바이오의약학과,자연계열,21,450,21
143,2025,체육교육과,교육계열,42,446,42
143,2025,컴퓨터공학과,공학계열,171,1725,177
143,2025,통계학과,자연계열,28,387,29
143,2025,파이낸스경영학과,사회계열,44,495,44
143,2025,한국어문학과,인문계열,37,428,37
143,2025,항공우주공학과,공학계열,54,776,56
143,2025,해양과학과,공학계열,33,402,33
143,2025,행정학과,사회계열,56,1335,56
143,2025,화학공학과,공학계열,91,1028,96
143,2025,화학과,자연계열,43,569,43
143,2025,환경공학과,자연계열,40,528,41
143,2025,IBT학과,사회계열,25,48,25
143,2025,ISE학과,공학계열,10,37,10
143,2025,KLC학과,인문계열,4,7,4
143,2026,간호학과,의약계열,118,1165,118
143,2026,건축학부,공학계열,80,1060,83
143,2026,경영융합학부,사회계열,45,182,45
143,2026,경영학과,사회계열,121,2108,127
143,2026,경제학과,사회계열,58,937,59
143,2026,고분자공학과,공학계열,40,408,40
143,2026,공간정보공학과,자연계열,35,415,35
143,2026,공학융합학부,공학계열,131,916,131
143,2026,교육학과,교육계열,29,500,29
143,2026,국어교육과,교육계열,30,235,30
143,2026,국제통상학과,사회계열,62,732,64
143,2026,금융투자학과,사회계열,40,200,40
143,2026,기계공학과,공학계열,120,1561,126
143,2026,기타모집단위,인문계열,71,0,0
143,2026,데이터사이언스학과,공학계열,56,637,57
143,2026,디자인융합학과,예체능계열,39,1110,39
143,2026,디자인테크놀로지학과,예체능계열,40,385,40
143,2026,메카트로닉스공학과,공학계열,40,200,38
143,2026,문화콘텐츠문화경영학과,인문계열,58,778,60
143,2026,물리학과,자연계열,36,399,36
143,2026,미디어커뮤니케이션학과,사회계열,44,717,45
143,2026,바이오식품공학과,자연계열,24,343,24
143,2026,반도체산업융합학과,공학계열,29,118,29
143,2026,반도체시스템공학과,공학계열,83,787,87
143,2026,사학과,인문계열,27,398,27
143,2026,사회과학융합학부,사회계열,42,181,42
143,2026,사회교육과,교육계열,29,283,29
143,2026,사회복지학과,사회계열,24,359,25
143,2026,사회인프라공학과,공학계열,60,712,60
143,2026,산업경영공학과,공학계열,44,512,44
143,2026,산업경영학과,사회계열,42,250,42
143,2026,생명공학과,자연계열,52,541,53
143,2026,생명과학과,자연계열,37,817,38
143,2026,소비자학과,자연계열,24,270,25
143,2026,소프트웨어융합공학과,공학계열,41,197,41
143,2026,수학과,자연계열,30,370,30
143,2026,수학교육과,교육계열,29,262,29
143,2026,스마트모빌리티공학과,공학계열,46,638,46
143,2026,스포츠과학과,예체능계열,61,616,61
143,2026,식품영양학과,자연계열,24,432,24
143,2026,신소재공학과,공학계열,91,990,94
143,2026,아동심리학과,사회계열,25,248,25
143,2026,아태물류학부,사회계열,59,673,63
143,2026,에너지자원공학과,공학계열,25,282,25
143,2026,연극영화학과,예체능계열,29,1248,29
143,2026,영미유럽인문융합학부,인문계열,66,1397,66
143,2026,영어교육과,교육계열,29,235,29
143,2026,의류디자인학과,예체능계열,48,881,48
143,2026,의예과,의약계열,52,2996,52
143,2026,이차전지융합학과,공학계열,40,804,40
143,2026,인공지능공학과,공학계열,103,1069,103
143,2026,인문융합학부,인문계열,34,129,34
143,2026,일본언어문화학과,인문계열,44,707,44
143,2026,자연과학융합학부,자연계열,36,303,36
143,2026,자유전공융합학부,무전공,278,1535,278
143,2026,전기전자공학부,공학계열,209,2403,223
143,2026,정치외교학과,사회계열,44,894,44
143,2026,조선해양공학과,공학계열,55,685,55
143,2026,조형예술학과,예체능계열,27,305,27
143,2026,중국학과,인문계열,45,546,45
143,2026,철학과,인문계열,26,343,26
143,2026,첨단바이오의약학과,자연계열,23,275,23
143,2026,체육교육과,교육계열,42,348,42
143,2026,컴퓨터공학과,공학계열,170,1329,173
143,2026,통계학과,자연계열,28,349,28
143,2026,파이낸스경영학과,사회계열,45,471,45
143,2026,한국어문학과,인문계열,38,443,39
143,2026,항공우주공학과,공학계열,59,884,63
143,2026,해양과학과,공학계열,33,345,33
143,2026,행정학과,사회계열,56,813,56
143,2026,화학공학과,공학계열,89,808,94
143,2026,화학과,자연계열,43,519,43
143,2026,환경공학과,자연계열,39,543,40
143,2026,IBT학과,사회계열,31,68,31
143,2026,ISE학과,공학계열,21,37,21
143,2026,KLC학과,인문계열,6,6,6
144,2024,교회음악학과,예체능계열,57,90,47
144,2024,기독교교육과,교육계열,58,162,55
144,2024,신학과,인문계열,58,171,54
144,2025,교회음악학과,예체능계열,50,103,52
144,2025,기독교교육과,교육계열,50,199,53
144,2025,신학과,인문계열,50,236,54
144,2026,교회음악학과,예체능계열,53,110,47
144,2026,기독교교육과,교육계열,55,180,50
144,2026,신학과,인문계열,42,166,38
144,2026,자유전공,무전공,28,78,24
145,2024,가정교육과,교육계열,17,120,17
145,2024,간호학과,의약계열,88,545,88
145,2024,건축디자인학과,예체능계열,24,157,24
145,2024,건축학부,공학계열,52,374,52
145,2024,경영학부,사회계열,224,1214,226
145,2024,경제학부,사회계열,105,651,105
145,2024,고분자융합소재공학부,공학계열,62,493,62
145,2024,교육학과,교육계열,16,99,16
145,2024,국악학과,예체능계열,25,94,24
145,2024,국어교육과,교육계열,27,132,27
145,2024,국어국문학과,인문계열,54,271,54
145,2024,국제학부,사회계열,66,288,65
145,2024,글로벌비즈니스학부,사회계열,34,132,33
145,2024,기계공학부,공학계열,141,715,142
145,2024,기계설계공학과,공학계열,19,76,19
145,2024,기계시스템공학과,공학계열,18,107,17
145,2024,기계IT융합공학과,공학계열,30,26,11
145,2024,기관시스템공학과,공학계열,22,80,18
145,2024,기타모집단위,인문계열,54,0,0
145,2024,냉동공조공학과,공학계열,23,91,21
145,2024,농생명화학과,자연계열,27,191,27
145,2024,농업경제학과,사회계열,30,161,30
145,2024,독일언어문학과,인문계열,38,269,38
145,2024,동물자원학부,자연계열,59,434,59
145,2024,디자인학과,예체능계열,30,222,30
145,2024,메카트로닉스공학과,공학계열,17,87,16
145,2024,문헌정보학과,인문계열,25,150,25
145,2024,문화관광경영학과,사회계열,44,139,42
145,2024,문화인류고고학과,인문계열,25,160,25
145,2024,문화콘텐츠학부,인문계열,65,253,65
145,2024,물류교통학과,사회계열,36,104,36
145,2024,물리교육과,교육계열,20,89,20
145,2024,물리학과,자연계열,45,270,45
145,2024,미디어커뮤니케이션학과,사회계열,27,234,27
145,2024,미술학과,예체능계열,55,303,55
145,2024,바이오에너지공학과,공학계열,28,168,28
145,2024,분자생명공학과,자연계열,28,157,28
145,2024,불어불문학과,인문계열,39,257,39
145,2024,빅데이터융합학과,자연계열,41,304,41
145,2024,사학과,인문계열,32,257,32
145,2024,사회학과,사회계열,24,155,24
145,2024,산림자원학과,자연계열,29,229,29
145,2024,산업공학과,공학계열,45,296,45
145,2024,산업기술융합공학과,공학계열,48,26,10
145,2024,생명과학기술학부,자연계열,54,263,55
145,2024,생물공학과,자연계열,32,230,32
145,2024,생물교육과,교육계열,20,102,20
145,2024,생물학과,자연계열,30,205,30
145,2024,생활복지학과,자연계열,45,284,45
145,2024,석유화학소재공학과,공학계열,41,129,41
145,2024,수산생명의학과,자연계열,29,196,29
145,2024,수산해양산업관광레저융합학과,자연계열,20,8,8
145,2024,수의예과,자연계열,52,1227,52
145,2024,수학과,자연계열,42,284,42
145,2024,수학교육과,교육계열,25,115,25
145,2024,스마트수산자원관리학과,자연계열,42,151,40
145,2024,스마트융합공정공학과,공학계열,30,40,14
145,2024,스마트전기제어공학과,공학계열,24,41,16
145,2024,식품공학과,자연계열,28,183,28
145,2024,식품영양과학부,자연계열,58,339,58
145,2024,신소재공학부,공학계열,73,393,73
145,2024,심리학과,인문계열,25,201,25
145,2024,약학부,의약계열,65,621,65
145,2024,양식생물학과,자연계열,25,86,24
145,2024,에너지자원공학과,공학계열,32,182,32
145,2024,역사교육과,교육계열,19,113,19
145,2024,영어교육과,교육계열,27,155,27
145,2024,영어영문학과,인문계열,46,267,46
145,2024,원예생명공학과,자연계열,28,345,28
145,2024,유아교육과,교육계열,16,85,16
145,2024,윤리교육과,교육계열,15,100,15
145,2024,융합바이오시스템기계공학과,공학계열,37,263,37
145,2024,융합생명공학과,자연계열,20,95,18
145,2024,음악교육과,교육계열,20,92,20
145,2024,음악학과,예체능계열,59,179,59
145,2024,응용생물학과,자연계열,29,331,29
145,2024,응용식물학과,자연계열,29,212,28
145,2024,의류학과,자연계열,40,235,40
145,2024,의예과,의약계열,127,711,128
145,2024,인공지능학부,공학계열,138,695,137
145,2024,일어일문학과,인문계열,44,318,44
145,2024,임산공학과,자연계열,26,221,26
145,2024,자율전공학부(4년),인문계열,54,481,54
145,2024,전기공학과,공학계열,48,410,49
145,2024,전기컴퓨터공학부,공학계열,52,268,52
145,2024,전자컴퓨터공학부,공학계열,211,1315,210
145,2024,전자통신공학과,공학계열,24,83,23
145,2024,정치외교학과,사회계열,32,185,32
145,2024,조경학과,공학계열,29,204,29
145,2024,조선해양공학과,공학계열,24,86,20
145,2024,중어중문학과,인문계열,47,290,47
145,2024,지구과학교육과,교육계열,20,108,20
145,2024,지구환경과학부,자연계열,60,431,60
145,2024,지능형모빌리티융합학과,공학계열,63,300,63
145,2024,지리교육과,교육계열,19,148,19
145,2024,지리학과,자연계열,25,231,24
145,2024,지역 ? 바이오시스템공학과,자연계열,24,157,24
145,2024,창의융합학부,인문계열,35,299,35
145,2024,철학과,인문계열,31,255,31
145,2024,체육교육과,교육계열,23,130,23
145,2024,토목공학과,공학계열,36,307,36
145,2024,통계학과,자연계열,22,108,22
145,2024,특수교육학부,교육계열,45,236,45
145,2024,해양경찰학과,사회계열,34,237,32
145,2024,해양바이오식품학과,자연계열,21,86,19
145,2024,해양생산관리학과,자연계열,23,74,22
145,2024,해양융합과학과,자연계열,26,86,24
145,2024,행정학과,사회계열,53,511,53
145,2024,헬스케어메디컬공학부,의약계열,51,169,48
145,2024,화공생명공학과,공학계열,22,99,20
145,2024,화학공학부,공학계열,143,831,142
145,2024,화학과,자연계열,43,229,43
145,2024,화학교육과,교육계열,20,156,20
145,2024,환경시스템공학과,자연계열,28,127,26
145,2024,환경에너지공학과,공학계열,37,207,37
145,2025,가정교육과,교육계열,16,110,16
145,2025,간호학과,의약계열,88,603,88
145,2025,건축디자인학과,예체능계열,23,131,23
145,2025,건축학부,공학계열,50,570,50
145,2025,경영학부,사회계열,219,1855,216
145,2025,경제학부,사회계열,103,686,103
145,2025,고분자융합소재공학부,공학계열,61,384,61
145,2025,공학계열,공학계열,222,788,220
145,2025,교육학과,교육계열,16,150,16
145,2025,국악학과,예체능계열,25,91,24
145,2025,국어교육과,교육계열,28,200,28
145,2025,국어국문학과,인문계열,51,569,50
145,2025,국제학부,사회계열,62,282,61
145,2025,글로벌비즈니스학부,사회계열,35,142,35
145,2025,기계공학부,공학계열,141,961,140
145,2025,기관시스템공학과,공학계열,21,84,21
145,2025,기타모집단위,인문계열,19,0,0
145,2025,농생명화학과,자연계열,26,182,26
145,2025,농업경제학과,사회계열,29,272,28
145,2025,독일언어문학과,인문계열,37,281,37
145,2025,동물자원학부,자연계열,58,410,58
145,2025,디자인학과,예체능계열,31,205,31
145,2025,문헌정보학과,인문계열,25,201,25
145,2025,문화관광경영학과,사회계열,22,126,22
145,2025,문화인류고고학과,인문계열,24,181,24
145,2025,문화콘텐츠학부,인문계열,65,259,65
145,2025,물류교통학과,사회계열,33,116,32
145,2025,물리교육과,교육계열,20,107,20
145,2025,물리학과,자연계열,44,384,44
145,2025,미디어커뮤니케이션학과,사회계열,25,179,25
145,2025,미래모빌리티학과,공학계열,63,482,62
145,2025,미술학과,예체능계열,55,291,55
145,2025,바이오에너지공학과,공학계열,27,315,27
145,2025,분자생명공학과,자연계열,27,178,27
145,2025,불어불문학과,인문계열,37,269,37
145,2025,빅데이터융합학과,자연계열,63,573,63
145,2025,사학과,인문계열,31,193,31
145,2025,사회학과,사회계열,24,211,24
145,2025,산림자원학과,자연계열,26,186,26
145,2025,산업공학과,공학계열,45,250,45
145,2025,산업기술융합공학과,공학계열,48,25,12
145,2025,생명과학기술학부,자연계열,53,342,54
145,2025,생물공학과,자연계열,32,193,32
145,2025,생물교육과,교육계열,20,146,20
145,2025,생물학과,자연계열,29,177,30
145,2025,생활복지학과,자연계열,45,254,45
145,2025,석유화학소재공학과,공학계열,41,153,41
145,2025,수산생명의학과,자연계열,28,177,28
145,2025,수산해양산업관광레저융합학과,자연계열,20,6,6
145,2025,수의예과,자연계열,52,684,52
145,2025,수학과,자연계열,41,271,41
145,2025,수학교육과,교육계열,25,138,25
145,2025,스마트수산자원관리학과,자연계열,42,198,41
145,2025,스마트응용설계공학과,공학계열,20,28,11
145,2025,스마트전기제어공학과,공학계열,25,46,14
145,2025,스마트ICT융합공학과,공학계열,25,38,12
145,2025,식품공학과,자연계열,27,190,27
145,2025,식품영양과학부,자연계열,59,488,59
145,2025,신소재공학부,공학계열,71,357,71
145,2025,심리학과,인문계열,24,198,24
145,2025,약학부,의약계열,65,718,65
145,2025,에너지자원공학과,공학계열,31,204,31
145,2025,역사교육과,교육계열,19,160,19
145,2025,영어교육과,교육계열,26,212,26
145,2025,영어영문학과,인문계열,49,298,49
145,2025,원예생명공학과,자연계열,27,525,27
145,2025,유아교육과,교육계열,16,160,16
145,2025,윤리교육과,교육계열,15,99,15
145,2025,융합바이오시스템기계공학과,공학계열,37,288,37
145,2025,음악교육과,교육계열,20,81,20
145,2025,음악학과,예체능계열,60,158,60
145,2025,응용생물학과,자연계열,28,213,28
145,2025,응용식물학과,자연계열,28,204,27
145,2025,의공학부,의약계열,51,178,50
145,2025,의류학과,자연계열,40,218,40
145,2025,의학과,의약계열,165,1271,165
145,2025,인공지능학부,공학계열,137,825,136
145,2025,일어일문학과,인문계열,42,306,42
145,2025,임산공학과,자연계열,25,197,25
145,2025,자율전공학부(1년),무전공,59,612,59
145,2025,자율전공학부(4년),무전공,54,461,54
145,2025,전기공학과,공학계열,46,306,46
145,2025,전자컴퓨터공학부,공학계열,209,1079,208
145,2025,정치외교학과,사회계열,32,306,34
145,2025,조경학과,공학계열,30,288,30
145,2025,조선해양공학과,공학계열,23,111,23
145,2025,중어중문학과,인문계열,45,453,45
145,2025,지구과학교육과,교육계열,20,140,20
145,2025,지구환경과학부,자연계열,59,454,59
145,2025,지리교육과,교육계열,19,148,19
145,2025,지리학과,자연계열,24,186,23
145,2025,지역 ? 바이오시스템공학과,자연계열,23,188,23
145,2025,창의융합학부,무전공,56,395,56
145,2025,철학과,인문계열,30,209,30
145,2025,체육교육과,교육계열,23,90,23
145,2025,토목공학과,공학계열,35,298,36
145,2025,통계학과,자연계열,20,111,20
145,2025,특수교육학부,교육계열,45,269,45
145,2025,해양수산광역,자연계열,129,420,123
145,2025,행정학과,사회계열,51,404,51
145,2025,화학공학부,공학계열,140,649,140
145,2025,화학과,자연계열,42,235,42
145,2025,화학교육과,교육계열,20,116,20
145,2025,환경에너지공학과,공학계열,36,352,36
145,2026,가정교육과,교육계열,16,166,16
145,2026,간호학과,의약계열,90,763,90
145,2026,건축디자인학과,예체능계열,23,153,23
145,2026,건축학부,공학계열,50,383,49
145,2026,경영학부,사회계열,222,1444,220
145,2026,경제학부,사회계열,108,931,106
145,2026,고분자융합소재공학부,공학계열,61,284,61
145,2026,공학계열,공학계열,222,1094,222
145,2026,교육학과,교육계열,16,125,16
145,2026,국악학과,예체능계열,26,85,26
145,2026,국어교육과,교육계열,28,194,27
145,2026,국어국문학과,인문계열,51,422,51
145,2026,국제학부(영어학전공),인문계열,21,111,21
145,2026,국제학부(일본학전공),인문계열,22,172,22
145,2026,국제학부(중국학전공),인문계열,23,200,23
145,2026,글로벌비즈니스학부,사회계열,35,232,34
145,2026,기계공학부,공학계열,140,725,140
145,2026,기관시스템공학과,공학계열,21,123,21
145,2026,기타모집단위,인문계열,16,0,0
145,2026,농생명화학과,자연계열,26,169,26
145,2026,농업경제학과,사회계열,30,271,30
145,2026,독일언어문학과,인문계열,37,354,37
145,2026,동물자원학부,자연계열,58,407,57
145,2026,디자인학과,예체능계열,31,198,31
145,2026,디지털융합정보학과,공학계열,20,19,5
145,2026,문헌정보학과,인문계열,24,213,24
145,2026,문화관광경영학과,사회계열,25,183,25
145,2026,문화인류고고학과,인문계열,24,261,24
145,2026,문화콘텐츠학부,인문계열,64,439,63
145,2026,물류교통학과,사회계열,35,149,35
145,2026,물리교육과,교육계열,20,116,20
145,2026,물리학과,자연계열,44,509,44
145,2026,미디어커뮤니케이션학과,사회계열,25,211,25
145,2026,미래모빌리티학과,공학계열,63,373,63
145,2026,미술학과,예체능계열,55,317,55
145,2026,바이오에너지공학과,공학계열,27,239,27
145,2026,분자생명공학과,자연계열,28,156,27
145,2026,불어불문학과,인문계열,37,329,37
145,2026,빅데이터융합학과,자연계열,62,472,62
145,2026,사학과,인문계열,32,301,32
145,2026,사회학과,사회계열,23,167,23
145,2026,산림자원학과,자연계열,27,218,27
145,2026,산업공학과,공학계열,44,283,44
145,2026,산업기술융합공학과,공학계열,16,50,14
145,2026,생명과학기술학부,자연계열,52,371,52
145,2026,생물공학과,자연계열,31,343,30
145,2026,생물교육과,교육계열,20,240,20
145,2026,생물학과,자연계열,31,316,31
145,2026,생활복지학과,자연계열,43,297,43
145,2026,석유화학소재공학과,공학계열,41,196,41
145,2026,수산생명의학과,자연계열,28,217,28
145,2026,수산해양산업관광레저융합학과,자연계열,20,3,3
145,2026,수의예과,자연계열,52,578,52
145,2026,수학과,자연계열,41,255,41
145,2026,수학교육과,교육계열,25,157,25
145,2026,스마트수산자원관리학과,자연계열,42,190,41
145,2026,스마트응용설계공학과,공학계열,20,19,4
145,2026,스마트전기제어공학과,공학계열,25,50,12
145,2026,스마트ICT융합공학과,공학계열,25,55,14
145,2026,식품공학과,자연계열,34,197,34
145,2026,식품영양과학부,자연계열,59,441,59
145,2026,신소재공학부,공학계열,71,332,71
145,2026,심리학과,인문계열,24,586,24
145,2026,약학부,의약계열,65,528,65
145,2026,에너지자원공학과,공학계열,31,210,31
145,2026,역사교육과,교육계열,19,176,19
145,2026,영어교육과,교육계열,26,178,26
145,2026,영어영문학과,인문계열,48,300,48
145,2026,원예생명공학과,자연계열,28,308,28
145,2026,유아교육과,교육계열,16,130,16
145,2026,윤리교육과,교육계열,15,150,15
145,2026,융합바이오시스템기계공학과,공학계열,49,331,50
145,2026,음악교육과,교육계열,20,82,20
145,2026,음악학과,예체능계열,59,165,58
145,2026,응용생물학과,자연계열,27,245,27
145,2026,응용식물학과,자연계열,28,193,28
145,2026,의공학부,의약계열,51,221,50
145,2026,의류학과,자연계열,39,232,39
145,2026,의학과,의약계열,126,1024,126
145,2026,인공지능학부,공학계열,140,758,140
145,2026,일어일문학과,인문계열,44,317,44
145,2026,임산공학과,자연계열,25,261,25
145,2026,자율전공학부(1년),무전공,59,509,59
145,2026,자율전공학부(4년),무전공,54,859,53
145,2026,전기공학과,공학계열,48,292,48
145,2026,전자컴퓨터공학부,공학계열,209,920,209
145,2026,정치외교학과,사회계열,34,275,34
145,2026,조경학과,공학계열,28,234,28
145,2026,조선해양공학과,공학계열,23,200,23
145,2026,중어중문학과,인문계열,47,308,47
145,2026,지구과학교육과,교육계열,20,134,20
145,2026,지구환경과학부,자연계열,59,404,59
145,2026,지리교육과,교육계열,19,148,19
145,2026,지리학과,자연계열,24,166,24
145,2026,지역 · 바이오시스템공학과,자연계열,23,205,22
145,2026,창의융합학부,무전공,56,661,56
145,2026,철학과,인문계열,30,229,30
145,2026,체육교육과,교육계열,23,117,23
145,2026,토목공학과,공학계열,35,226,35
145,2026,통계학과,자연계열,20,186,20
145,2026,특수교육학부,교육계열,45,284,45
145,2026,해양수산광역,자연계열,129,466,124
145,2026,행정학과,사회계열,52,318,52
145,2026,화학공학부,공학계열,143,544,143
145,2026,화학과,자연계열,42,280,42
145,2026,화학교육과,교육계열,20,113,20
145,2026,환경에너지공학과,공학계열,36,260,36
146,2024,간호학과,의약계열,100,786,100
146,2024,건축공학과,공학계열,55,389,54
146,2024,경영학과,사회계열,113,626,114
146,2024,경제학부,사회계열,71,476,70
146,2024,고고문화인류학과,인문계열,26,180,26
146,2024,고분자나노공학과,공학계열,44,304,44
146,2024,공공인재학부,사회계열,35,158,35
146,2024,과학교육학부 물리교육전공,교육계열,16,93,16
146,2024,과학교육학부 생물교육전공,교육계열,16,91,16
146,2024,과학교육학부 지구과학교육전공,교육계열,16,88,16
146,2024,과학교육학부 화학교육전공,교육계열,16,80,16
146,2024,과학학과,자연계열,22,240,22
146,2024,교육학과,교육계열,16,105,16
146,2024,국어교육과,교육계열,22,121,22
146,2024,국어국문학과,인문계열,34,309,34
146,2024,국제이공학부,공학계열,62,206,62
146,2024,국제인문사회학부,사회계열,44,264,44
146,2024,기계공학과,공학계열,66,352,66
146,2024,기계설계공학부(기계설계공학전공),공학계열,53,315,53
146,2024,기계설계공학부(나노바이오기계시스템공학전공),공학계열,26,193,26
146,2024,기계시스템공학부,공학계열,76,410,76
146,2024,기타모집단위,인문계열,77,0,0
146,2024,농경제유통학부(농업경제학),사회계열,25,232,25
146,2024,농경제유통학부(식품유통학),사회계열,21,202,21
146,2024,농생명과학과,자연계열,20,12,11
146,2024,농생물학과,자연계열,32,290,32
146,2024,도시공학과,공학계열,23,132,23
146,2024,독어교육과,교육계열,11,64,11
146,2024,독일학과,인문계열,33,254,32
146,2024,동물생명공학과,자연계열,29,204,30
146,2024,동물자원과학과,자연계열,34,275,34
146,2024,목재응용과학과,자연계열,27,231,27
146,2024,무역학과,사회계열,101,691,101
146,2024,무용학과,예체능계열,23,54,23
146,2024,문헌정보학과,인문계열,34,259,34
146,2024,물리학과,자연계열,36,274,35
146,2024,미디어커뮤니케이션학과,사회계열,23,234,23
146,2024,미술학과,예체능계열,32,190,32
146,2024,바이오메디컬공학부,자연계열,43,246,43
146,2024,반도체과학기술학과,공학계열,81,477,81
146,2024,분자생물학과,자연계열,35,210,35
146,2024,사학과,인문계열,43,300,43
146,2024,사회복지학과,사회계열,30,343,30
146,2024,사회학과,사회계열,33,222,33
146,2024,산림환경과학과,자연계열,43,198,37
146,2024,산업디자인학과,예체능계열,37,370,37
146,2024,산업정보시스템공학과,공학계열,39,286,39
146,2024,생명공학부,자연계열,75,401,74
146,2024,생명과학과,자연계열,32,308,32
146,2024,생명자원융합학과,자연계열,29,30,18
146,2024,생물산업기계공학과,자연계열,30,285,30
146,2024,생물환경화학과,자연계열,35,333,35
146,2024,생태조경디자인학과,자연계열,29,206,29
146,2024,소프트웨어공학과,공학계열,40,238,39
146,2024,수의예과,자연계열,52,581,52
146,2024,수학과,자연계열,27,123,27
146,2024,수학교육과,교육계열,22,116,22
146,2024,스마트팜학과,자연계열,31,211,31
146,2024,스페인?중남미학과,인문계열,37,300,35
146,2024,스포츠과학과,예체능계열,15,86,15
146,2024,식품공학과,자연계열,48,344,49
146,2024,식품영양학과,자연계열,35,362,34
146,2024,신소재공학부 금속시스템공학전공,공학계열,39,234,39
146,2024,신소재공학부 전자재료공학전공,공학계열,42,273,42
146,2024,신소재공학부 정보소재공학전공,공학계열,41,263,41
146,2024,심리학과,인문계열,28,346,28
146,2024,아동학과(인문사회),사회계열,24,150,24
146,2024,약학과,의약계열,33,339,33
146,2024,양자시스템공학과,공학계열,16,87,16
146,2024,에코농산업벤처시스템학과,자연계열,30,18,15
146,2024,역사교육과,교육계열,13,77,13
146,2024,영어교육과,교육계열,22,132,22
146,2024,영어영문학과,인문계열,47,278,47
146,2024,원예학과,자연계열,31,302,30
146,2024,유기소재섬유공학과,공학계열,43,377,43
146,2024,윤리교육과,교육계열,16,144,16
146,2024,융합기술공학부(IT융합기전공학전공),공학계열,80,242,31
146,2024,융합기술공학부(IT응용시스템공학전공),공학계열,29,146,29
146,2024,음악과,예체능계열,27,119,27
146,2024,의류학과,자연계열,27,487,27
146,2024,의예과,의약계열,142,1295,142
146,2024,일반사회교육과,교육계열,13,87,13
146,2024,일본학과,인문계열,30,257,30
146,2024,작물생명과학과,자연계열,34,267,33
146,2024,전기공학과,공학계열,45,239,45
146,2024,전자공학부,공학계열,171,722,171
146,2024,정치외교학과,사회계열,53,352,53
146,2024,조경학과,공학계열,21,161,21
146,2024,주거환경학과,자연계열,29,302,29
146,2024,중어중문학과,인문계열,44,311,45
146,2024,지구환경과학과,자연계열,30,307,30
146,2024,지리교육과,교육계열,12,74,12
146,2024,지역건설공학과,공학계열,33,245,33
146,2024,지역산업학과,예체능계열,40,20,18
146,2024,철학과,인문계열,34,337,33
146,2024,체육교육과,교육계열,22,72,22
146,2024,치의예과,의약계열,40,424,40
146,2024,컴퓨터인공지능학부,공학계열,141,844,143
146,2024,토목/환경/자원?에너지공학부(자원?에너지공학전공),공학계열,42,272,42
146,2024,토목/환경/자원?에너지공학부(토목공학전공),공학계열,60,573,60
146,2024,토목/환경/자원?에너지공학부(환경공학전공),자연계열,41,323,41
146,2024,통계학과,자연계열,45,263,45
146,2024,프랑스·아프리카학과,인문계열,37,310,35
146,2024,한국음악학과,예체능계열,27,72,27
146,2024,한약자원학과,자연계열,24,206,24
146,2024,한옥학과,공학계열,20,23,11
146,2024,항공우주공학과,공학계열,39,313,37
146,2024,행정학과,사회계열,44,284,44
146,2024,화학공학부,공학계열,96,474,95
146,2024,화학과,자연계열,53,319,53
146,2024,회계학과,사회계열,59,368,59
146,2025,간호학과,의약계열,100,645,100
146,2025,경상계열,사회계열,340,2671,341
146,2025,고고문화인류학과,인문계열,18,116,18
146,2025,공학계열 1,공학계열,980,6379,925
146,2025,공학계열 2,공학계열,448,2120,449
146,2025,과학교육학부,교육계열,64,409,64
146,2025,교육학과,교육계열,16,117,16
146,2025,국어교육과,교육계열,22,257,22
146,2025,국어국문학과,인문계열,27,174,28
146,2025,국제이공학부,공학계열,32,226,32
146,2025,국제학부,사회계열,27,227,28
146,2025,기타모집단위,인문계열,80,0,0
146,2025,농생명과학과,자연계열,20,13,12
146,2025,농업생명과학계열,자연계열,423,3202,415
146,2025,독어교육과,교육계열,11,70,11
146,2025,독일학과,인문계열,25,368,24
146,2025,무용학과,예체능계열,22,58,22
146,2025,문헌정보학과,인문계열,24,211,24
146,2025,미술학과,예체능계열,30,198,30
146,2025,사학과,인문계열,31,213,31
146,2025,사회과교육학부,교육계열,54,439,54
146,2025,사회과학계열,사회계열,242,2317,242
146,2025,산업디자인학과,예체능계열,35,377,36
146,2025,생명자원융합학과,자연계열,29,44,20
146,2025,생활과학계열,자연계열,113,932,113
146,2025,수의예과(1년),자연계열,52,770,52
146,2025,수학교육과,교육계열,22,185,22
146,2025,스마트팜학과,자연계열,31,199,31
146,2025,스페인?중남미학과,인문계열,26,263,25
146,2025,스포츠과학과,예체능계열,15,122,16
146,2025,약학과,의약계열,33,572,33
146,2025,에코농산업벤처시스템학과,자연계열,30,20,19
146,2025,영어교육과,교육계열,22,141,22
146,2025,영어영문학과,인문계열,35,217,35
146,2025,융합자율전공학부 1,무전공,134,761,134
146,2025,융합자율전공학부 2,무전공,26,175,26
146,2025,음악과,예체능계열,25,143,25
146,2025,의예과,의약계열,171,1561,171
146,2025,인문계열,인문계열,90,503,89
146,2025,일본학과,인문계열,22,362,22
146,2025,자연과학계열 1,자연계열,191,1198,189
146,2025,자연과학계열 2,자연계열,162,823,162
146,2025,중어중문학과,인문계열,32,248,32
146,2025,지역산업학과,예체능계열,40,14,12
146,2025,철학과,인문계열,24,390,24
146,2025,체육교육과,교육계열,22,86,22
146,2025,치의예과,의약계열,40,566,40
146,2025,프랑스·아프리카학과,인문계열,27,198,25
146,2025,한국음악학과,예체능계열,27,90,26
146,2025,한옥학과,공학계열,20,18,12
146,2025,환경생명자원계열,자연계열,101,580,101
146,2026,간호학과,의약계열,100,754,100
146,2026,경상계열,사회계열,347,2449,347
146,2026,고고문화인류학과,인문계열,18,145,18
146,2026,공학계열 1,공학계열,947,5348,886
146,2026,공학계열 2,공학계열,496,2682,496
146,2026,과학교육학부,교육계열,64,373,64
146,2026,교육학과,교육계열,16,230,16
146,2026,국어교육과,교육계열,22,173,22
146,2026,국어국문학과,인문계열,28,199,28
146,2026,국제이공학부,공학계열,27,143,27
146,2026,국제학부,사회계열,40,262,40
146,2026,글로컬커머스학과,사회계열,70,102,70
146,2026,기타모집단위,인문계열,81,0,0
146,2026,농생명과학과,자연계열,20,11,11
146,2026,농업생명과학계열,자연계열,430,3405,422
146,2026,독어교육과,교육계열,11,98,11
146,2026,독일학과,인문계열,24,255,23
146,2026,무용학과,예체능계열,21,37,21
146,2026,문헌정보학과,인문계열,24,233,24
146,2026,미술학과,예체능계열,30,267,30
146,2026,사학과,인문계열,31,265,31
146,2026,사회과교육학부,교육계열,54,476,54
146,2026,사회과학계열,사회계열,247,1891,246
146,2026,산업디자인학과,예체능계열,34,399,34
146,2026,생명자원융합학과,자연계열,29,28,13
146,2026,생활과학계열,자연계열,115,1122,115
146,2026,수의예과(1년),자연계열,52,514,52
146,2026,수학교육과,교육계열,22,265,22
146,2026,스마트팜학과,자연계열,31,500,31
146,2026,스페인·중남미학과,인문계열,26,379,24
146,2026,스포츠과학과,예체능계열,16,97,17
146,2026,약학과,의약계열,33,323,33
146,2026,에코농산업벤처시스템학과,자연계열,30,21,17
146,2026,영어교육과,교육계열,22,217,22
146,2026,영어영문학과,인문계열,34,262,34
146,2026,융합자율전공학부 1,무전공,134,1728,133
146,2026,융합자율전공학부 2,무전공,26,520,26
146,2026,음악과,예체능계열,26,143,26
146,2026,의예과,의약계열,142,1276,142
146,2026,이차전지공학과,공학계열,30,227,30
146,2026,인문계열,인문계열,90,767,89
146,2026,일본학과,인문계열,22,214,22
146,2026,자연과학계열 1,자연계열,191,1468,190
146,2026,자연과학계열 2,자연계열,163,1422,163
146,2026,중어중문학과,인문계열,32,293,32
146,2026,지역산업학과,예체능계열,40,6,5
146,2026,철학과,인문계열,25,311,25
146,2026,첨단방위산업학과,공학계열,20,172,20
146,2026,체육교육과,교육계열,22,84,22
146,2026,치의예과,의약계열,40,399,40
146,2026,프랑스·아프리카학과,인문계열,27,215,27
146,2026,한국어학과,인문계열,70,97,70
146,2026,한국음악학과,예체능계열,25,126,25
146,2026,한옥학과,공학계열,20,11,2
146,2026,환경생명자원계열,자연계열,100,1059,100
146,2026,K-엔터테인먼트학과,예체능계열,31,69,31
147,2024,초등교육과,교육계열,308,1247,0
147,2025,초등교육과,교육계열,276,1322,272
147,2026,초등교육과,교육계열,274,1666,266
148,2024,가정교육과,교육계열,32,94,30
148,2024,간호학과,의약계열,87,1201,88
148,2024,건축공학과,공학계열,45,211,43
148,2024,건축학과,공학계열,42,185,39
148,2024,게임콘텐츠학과,공학계열,58,299,56
148,2024,경영계열,사회계열,0,30,12
148,2024,경영학과,사회계열,122,428,101
148,2024,경찰학과,사회계열,71,341,71
148,2024,공연방송연기학과,예체능계열,26,31,10
148,2024,공학1계열,공학계열,0,15,5
148,2024,공학2계열,공학계열,0,20,3
148,2024,공학3계열,공학계열,0,10,3
148,2024,공학4계열,공학계열,0,12,5
148,2024,과학교육과,교육계열,30,106,27
148,2024,관광경영학과,사회계열,46,138,36
148,2024,국어교육과,교육계열,33,133,31
148,2024,글로벌어문계열,인문계열,0,11,4
148,2024,금융보험학과,사회계열,41,86,29
148,2024,기계공학과,공학계열,35,138,25
148,2024,기계자동차융합공학부,공학계열,44,119,23
148,2024,기타모집단위,인문계열,22,0,0
148,2024,농식품경영학과,자연계열,35,32,23
148,2024,데이터공학과,공학계열,27,74,21
148,2024,디자인계열,예체능계열,0,26,4
148,2024,로컬벤처학부,사회계열,50,23,13
148,2024,문헌정보학과,인문계열,41,194,39
148,2024,문화관광계열,사회계열,0,17,7
148,2024,문화예술계열,예체능계열,0,12,2
148,2024,물류무역학과,사회계열,48,166,42
148,2024,물리치료학과,의약계열,44,625,44
148,2024,미네르바학부,인문계열,65,30,25
148,2024,반려동식물학과,자연계열,40,35,20
148,2024,방사선학과,의약계열,45,491,45
148,2024,법학과,사회계열,46,155,45
148,2024,보건관리학과,의약계열,44,206,42
148,2024,부동산국토정보학과,사회계열,40,98,30
148,2024,사회과학계열,사회계열,0,31,13
148,2024,사회복지학과,사회계열,62,318,59
148,2024,산업디자인학과,예체능계열,36,90,25
148,2024,상담심리학과,인문계열,61,237,59
148,2024,생활체육학과,예체능계열,40,163,40
148,2024,소방안전공학과,공학계열,46,230,46
148,2024,소프트웨어계열,공학계열,0,25,8
148,2024,수학교육과,교육계열,30,94,28
148,2024,스마트미디어학과,공학계열,44,149,39
148,2024,시각디자인학과,예체능계열,38,95,33
148,2024,식품영양학과,자연계열,34,159,34
148,2024,신소재화학공학과,공학계열,28,101,22
148,2024,신학과경배찬양학과,인문계열,16,22,13
148,2024,역사콘텐츠학과,인문계열,27,72,15
148,2024,영어교육과,교육계열,34,126,33
148,2024,영어영문학과,인문계열,27,104,27
148,2024,영화방송학과,예체능계열,33,222,33
148,2024,예술심리치료학과,의약계열,31,104,31
148,2024,외식산업조리학과,자연계열,55,324,53
148,2024,운동처방학과,예체능계열,37,160,37
148,2024,웹툰만화콘텐츠학과,예체능계열,28,151,28
148,2024,음악학과,예체능계열,26,54,16
148,2024,의과학계열,자연계열,0,11,3
148,2024,인공지능학과,공학계열,41,121,32
148,2024,인문콘텐츠계열,인문계열,0,15,4
148,2024,일본언어문화학과,인문계열,36,189,36
148,2024,작업치료학과,의약계열,42,269,41
148,2024,재활학과,의약계열,37,160,33
148,2024,전기전자공학과,공학계열,46,191,44
148,2024,정보통신공학과,공학계열,33,109,22
148,2024,중국어중국학과,인문계열,22,65,17
148,2024,중등특수교육과,교육계열,31,116,26
148,2024,창업경영금융학과,사회계열,40,27,11
148,2024,체육계열,예체능계열,0,17,5
148,2024,축구학과,예체능계열,35,163,32
148,2024,친환경자동차학과,공학계열,30,12,9
148,2024,컴퓨터공학과,공학계열,65,229,63
148,2024,태권도학과,예체능계열,40,144,38
148,2024,토목환경공학과,공학계열,37,134,32
148,2024,패션산업학과,자연계열,41,185,40
148,2024,평생교육계열,인문계열,0,19,18
148,2024,한국어문학창작학부,인문계열,42,115,33
148,2024,한문교육과,교육계열,30,80,17
148,2024,한식조리학과,자연계열,59,317,57
148,2024,행정학과,사회계열,41,144,31
148,2024,호텔경영학과,사회계열,54,216,46
148,2024,환경생명과학과,자연계열,27,88,24
148,2024,회계세무학과,사회계열,54,154,51
148,2024,IT금융부동산계열,사회계열,0,12,6
148,2024,IT금융학과,사회계열,31,88,31
148,2025,가정교육과,교육계열,32,105,32
148,2025,간호학과,의약계열,104,1038,105
148,2025,건축공학과,공학계열,43,189,40
148,2025,건축학과,공학계열,42,189,42
148,2025,게임콘텐츠학과,공학계열,57,285,57
148,2025,경영대학,무전공,295,949,284
148,2025,경찰학과,사회계열,64,348,62
148,2025,공연예술학과,예체능계열,30,117,25
148,2025,과학교육과,교육계열,30,105,30
148,2025,관광경영학과,사회계열,41,152,37
148,2025,국어교육과,교육계열,33,177,30
148,2025,기계공학과,공학계열,28,126,26
148,2025,기계자동차공학과,공학계열,24,151,22
148,2025,기타모집단위,인문계열,22,0,0
148,2025,농식품경영학과,자연계열,35,44,30
148,2025,데이터공학과,공학계열,27,91,25
148,2025,로컬벤처학부,사회계열,57,21,13
148,2025,문헌정보학과,인문계열,41,180,40
148,2025,물리치료학과,의약계열,45,558,45
148,2025,미네르바학부,인문계열,65,48,25
148,2025,반려동물산업학과,자연계열,30,210,31
148,2025,반려동식물학과,자연계열,40,27,13
148,2025,방사선학과,의약계열,45,533,45
148,2025,법학과,사회계열,45,149,44
148,2025,보건관리학과,의약계열,44,204,43
148,2025,사회복지학과,사회계열,57,328,55
148,2025,산업디자인학과,예체능계열,25,83,25
148,2025,상담심리학과,인문계열,57,270,52
148,2025,생활체육학과,예체능계열,40,166,40
148,2025,소방안전공학과,공학계열,45,213,45
148,2025,수학교육과,교육계열,30,105,30
148,2025,스마트미디어학과,공학계열,42,134,39
148,2025,시각디자인학과,예체능계열,37,88,35
148,2025,식품영양학과,자연계열,33,164,31
148,2025,신소재화학공학과,공학계열,22,98,22
148,2025,영어교육과,교육계열,33,109,31
148,2025,영화방송학과,예체능계열,32,191,32
148,2025,예술심리치료학과,의약계열,30,87,30
148,2025,외식산업조리학과,자연계열,50,289,49
148,2025,운동처방학과,예체능계열,34,185,34
148,2025,웹툰만화콘텐츠학과,예체능계열,0,85,20
148,2025,인공지능학과,공학계열,30,120,30
148,2025,인문콘텐츠대학,무전공,151,467,130
148,2025,자유전공학부,무전공,176,613,176
148,2025,작업치료학과,의약계열,42,278,41
148,2025,재활학과,의약계열,35,179,36
148,2025,전기전자공학과,공학계열,44,216,40
148,2025,정보통신공학과,공학계열,28,122,26
148,2025,중등특수교육과,교육계열,31,105,30
148,2025,창업경영금융학과,사회계열,40,30,16
148,2025,축구학과,예체능계열,35,103,35
148,2025,친환경자동차학과,공학계열,33,21,15
148,2025,컴퓨터공학과,공학계열,59,230,55
148,2025,태권도학과,예체능계열,40,146,40
148,2025,토목환경공학과,공학계열,31,113,29
148,2025,패션산업학과,자연계열,39,164,37
148,2025,한문교육과,교육계열,20,77,20
148,2025,한식조리학과,자연계열,58,321,57
148,2025,행정학과,사회계열,36,164,37
148,2025,호텔경영학과,사회계열,48,208,45
148,2025,환경생명과학과,자연계열,21,94,20
148,2026,가정교육과,교육계열,30,140,29
148,2026,간호학과,의약계열,102,1087,102
148,2026,건축공학과,공학계열,52,278,45
148,2026,건축학과,공학계열,48,191,41
148,2026,게임콘텐츠학과,공학계열,57,246,49
148,2026,경영대학,무전공,258,1238,250
148,2026,경영학과,사회계열,0,2,2
148,2026,경찰학과,사회계열,68,298,66
148,2026,공연예술학과,예체능계열,29,77,26
148,2026,과학교육과,교육계열,29,115,27
148,2026,관광경영학과,사회계열,41,103,25
148,2026,국어교육과,교육계열,30,191,30
148,2026,국제학부,사회계열,30,30,30
148,2026,기계공학과,공학계열,30,246,26
148,2026,기계자동차공학과,공학계열,35,197,32
148,2026,기타모집단위,인문계열,7,0,0
148,2026,농식품경영학과,자연계열,19,27,19
148,2026,데이터사이언스학과,공학계열,30,49,12
148,2026,로컬벤처학부,사회계열,50,26,19
148,2026,문헌정보학과,인문계열,45,222,40
148,2026,문화관광대학,무전공,8,202,32
148,2026,문화융합대학,무전공,5,171,36
148,2026,물리치료학과,의약계열,46,598,46
148,2026,미네르바학부,인문계열,30,39,29
148,2026,반려동물산업학부,자연계열,66,343,64
148,2026,반려동식물학과,자연계열,37,13,9
148,2026,방사선학과,의약계열,46,414,47
148,2026,법학과,사회계열,49,111,40
148,2026,보건관리학과,의약계열,46,287,42
148,2026,사범대자율전공학부,무전공,15,61,15
148,2026,사회과학대학,사회계열,10,266,32
148,2026,사회복지학과,사회계열,54,261,50
148,2026,산업디자인학과,예체능계열,30,52,14
148,2026,상담심리학과,인문계열,55,218,49
148,2026,생활체육학과,예체능계열,40,159,40
148,2026,소방안전공학과,공학계열,50,267,47
148,2026,소프트웨어융합대학,공학계열,4,380,77
148,2026,수학교육과,교육계열,29,183,27
148,2026,스마트미디어학과,공학계열,44,96,18
148,2026,시각디자인학과,예체능계열,41,243,37
148,2026,식품영양학과,자연계열,52,170,42
148,2026,신소재화학공학과,공학계열,26,117,22
148,2026,영어교육과,교육계열,30,223,30
148,2026,영어영문학과,인문계열,0,2,2
148,2026,영화방송학과,예체능계열,39,171,34
148,2026,예술심리치료학과,의약계열,35,69,20
148,2026,외식산업조리학과,자연계열,53,262,48
148,2026,운동처방학과,예체능계열,33,160,32
148,2026,웹툰만화콘텐츠학과,예체능계열,25,96,25
148,2026,의과학대학,무전공,4,60,12
148,2026,인공지능학과,공학계열,35,78,22
148,2026,인문콘텐츠대학,무전공,139,684,137
148,2026,자유전공학부,무전공,196,1241,195
148,2026,작업치료학과,의약계열,46,305,44
148,2026,재활학과,의약계열,36,166,34
148,2026,전기전자공학과,공학계열,47,205,42
148,2026,정보통신공학과,공학계열,31,159,27
148,2026,중등특수교육과,교육계열,29,120,29
148,2026,창업경영금융학과,사회계열,40,21,13
148,2026,축구학과,예체능계열,35,191,37
148,2026,친환경자동차학과,공학계열,33,14,11
148,2026,컴퓨터공학과,공학계열,57,142,26
148,2026,태권도학과,예체능계열,40,224,40
148,2026,토목환경공학과,공학계열,33,195,29
148,2026,패션산업학과,자연계열,43,159,36
148,2026,한국어문학과,인문계열,0,1,1
148,2026,한문교육과,교육계열,21,109,20
148,2026,한식조리학과,자연계열,59,240,55
148,2026,행정학과,사회계열,38,114,27
148,2026,호텔경영학과,사회계열,43,147,36
149,2024,건설공학부,공학계열,55,14,4
149,2024,경찰학부,사회계열,44,8,0
149,2024,기타모집단위,인문계열,19,0,0
149,2024,복지상담학부,사회계열,55,9,2
149,2024,안전공학부,공학계열,44,0,0
149,2024,에너지기계공학부,공학계열,44,3,1
149,2024,융합경영학부,사회계열,127,121,73
149,2024,체육학부,예체능계열,117,71,35
149,2025,건설공학부,공학계열,54,4,0
149,2025,경찰학부,사회계열,33,4,0
149,2025,기타모집단위,인문계열,19,0,0
149,2025,복지상담학부,사회계열,55,2,0
149,2025,안전공학부,공학계열,44,1,0
149,2025,에너지기계공학부,공학계열,44,2,0
149,2025,예술학부,예체능계열,33,0,0
149,2025,융합경영학부,사회계열,85,56,30
149,2025,체육학부,예체능계열,88,27,10
149,2026,건설공학부,공학계열,54,9,1
149,2026,경찰학부,사회계열,33,7,1
149,2026,기타모집단위,인문계열,19,0,0
149,2026,복지상담학부,사회계열,55,6,0
149,2026,안전공학부,공학계열,44,2,0
149,2026,에너지기계공학부,공학계열,44,6,0
149,2026,예술학부,예체능계열,33,8,0
149,2026,융합경영학부,사회계열,55,9,1
149,2026,체육학부,예체능계열,88,13,0
150,2024,간호학과,의약계열,74,684,73
150,2024,건강뷰티향장학과,예체능계열,39,20,12
150,2024,건축공학전공,공학계열,24,118,23
150,2024,건축학전공,공학계열,22,176,21
150,2024,경영정보학과,사회계열,32,129,30
150,2024,경영학과,사회계열,70,240,70
150,2024,경제학과,사회계열,37,203,36
150,2024,관광개발학과,사회계열,35,146,35
150,2024,관광경영학과,사회계열,57,247,56
150,2024,관광융복합학과,사회계열,39,33,26
150,2024,국어교육과,교육계열,19,110,19
150,2024,국어국문학과,인문계열,33,115,32
150,2024,기계시스템공학과,공학계열,62,210,61
150,2024,데이터사이언스학과,공학계열,44,202,43
150,2024,독일학과,인문계열,30,172,29
150,2024,무역학과,사회계열,37,168,36
150,2024,물리교육전공,교육계열,14,50,13
150,2024,물리학과,자연계열,24,153,23
150,2024,미술학과,예체능계열,28,106,28
150,2024,바이오메디컬정보학과,자연계열,30,148,30
150,2024,부동산관리학과,사회계열,39,51,33
150,2024,사학과,인문계열,35,138,34
150,2024,사회교육과,교육계열,14,84,13
150,2024,사회학과,사회계열,32,134,31
150,2024,산업응용경제학과,사회계열,27,151,25
150,2024,생명공학부,자연계열,66,291,66
150,2024,생물교육전공,교육계열,14,56,13
150,2024,생물학과,자연계열,29,144,28
150,2024,생활환경복지학부,사회계열,34,213,33
150,2024,수산생명의학과,자연계열,36,146,36
150,2024,수의예과,자연계열,41,1325,41
150,2024,수학과,자연계열,32,158,31
150,2024,수학교육과,교육계열,19,99,18
150,2024,스포츠과학과,예체능계열,30,63,30
150,2024,식물자원환경전공,자연계열,24,149,24
150,2024,식품생명공학과,자연계열,26,113,26
150,2024,식품영양학과,자연계열,33,135,32
150,2024,실버케어복지학과,사회계열,38,36,24
150,2024,약학과,의약계열,33,1474,33
150,2024,언론홍보학과,사회계열,37,153,36
150,2024,영어교육과,교육계열,19,92,18
150,2024,영어영문학과,인문계열,33,107,32
150,2024,원예환경전공,자연계열,26,147,26
150,2024,윤리교육과,교육계열,14,73,13
150,2024,융합디자인학과,예체능계열,44,150,44
150,2024,음악학부,예체능계열,30,62,0
150,2024,의예과,의약계열,42,314,42
150,2024,인공지능전공,공학계열,25,121,25
150,2024,일어일문학과,인문계열,33,204,32
150,2024,전기에너지공학과,공학계열,60,217,59
150,2024,전자공학과,공학계열,34,123,33
150,2024,정치외교학과,사회계열,35,173,35
150,2024,중어중문학과,인문계열,34,203,32
150,2024,지구해양과학과,자연계열,29,132,28
150,2024,지리교육과,교육계열,15,79,14
150,2024,철학과,인문계열,27,106,26
150,2024,체육교육과,교육계열,13,73,13
150,2024,초등교육과,교육계열,118,691,115
150,2024,컴퓨터공학전공,공학계열,37,197,37
150,2024,컴퓨터교육과,교육계열,17,88,16
150,2024,토목공학과,공학계열,36,197,35
150,2024,통신공학과,공학계열,34,165,34
150,2024,패션의류학과,자연계열,33,165,32
150,2024,해양산업경찰학과,사회계열,33,177,31
150,2024,해양생명과학과,자연계열,28,150,27
150,2024,해양시스템공학과,공학계열,27,190,26
150,2024,행정학과,사회계열,72,280,72
150,2024,화학·코스메틱스학과,자연계열,32,127,31
150,2024,화학공학과,공학계열,25,92,23
150,2024,환경공학과,자연계열,34,142,32
150,2024,회계학과,사회계열,53,179,52
150,2025,간호학과,의약계열,74,620,75
150,2025,건강뷰티향장학과,예체능계열,39,14,9
150,2025,건축공학과,공학계열,22,108,21
150,2025,건축학과,공학계열,21,150,20
150,2025,경영정보학과,사회계열,30,125,29
150,2025,경영학과,사회계열,68,239,65
150,2025,경제학과,사회계열,35,119,34
150,2025,관?현악전공,예체능계열,13,0,13
150,2025,관광개발학과,사회계열,33,162,32
150,2025,관광경영학과,사회계열,53,259,54
150,2025,관광융복합학과,사회계열,39,31,19
150,2025,국어교육과,교육계열,19,121,18
150,2025,국어국문학과,인문계열,31,136,31
150,2025,글로벌자율전공,무전공,40,22,17
150,2025,기계시스템공학과,공학계열,59,265,58
150,2025,데이터사이언스학과,공학계열,42,191,41
150,2025,독일학과,인문계열,28,138,26
150,2025,무역학과,사회계열,34,212,33
150,2025,물리교육전공,교육계열,15,80,14
150,2025,물리학과,자연계열,22,131,20
150,2025,미술학과,예체능계열,27,63,27
150,2025,바이오메디컬정보학과,자연계열,31,143,30
150,2025,부동산관리학과,사회계열,39,57,32
150,2025,사학과,인문계열,33,160,33
150,2025,사회교육과,교육계열,14,77,13
150,2025,사회학과,사회계열,30,118,30
150,2025,산업응용경제학과,사회계열,26,141,25
150,2025,생명공학부,자연계열,63,320,62
150,2025,생물교육전공,교육계열,14,87,13
150,2025,생물학과,자연계열,28,140,27
150,2025,생활환경복지학부,사회계열,32,224,32
150,2025,성악전공,예체능계열,6,0,6
150,2025,수산생명의학과,자연계열,34,168,33
150,2025,수의예과,자연계열,41,1050,41
150,2025,수학과,자연계열,30,143,29
150,2025,수학교육과,교육계열,19,91,18
150,2025,스포츠과학과,예체능계열,30,109,30
150,2025,식물자원환경전공,자연계열,23,118,22
150,2025,식품생명공학과,자연계열,25,122,24
150,2025,식품영양학과,자연계열,31,200,31
150,2025,실버케어복지학과,사회계열,38,37,22
150,2025,약학과,의약계열,35,1006,35
150,2025,언론홍보학과,사회계열,35,210,34
150,2025,영어교육과,교육계열,19,156,18
150,2025,영어영문학과,인문계열,30,178,32
150,2025,원예과학전공,자연계열,25,115,25
150,2025,원자력공학과,공학계열,27,116,26
150,2025,윤리교육과,교육계열,14,65,13
150,2025,융합디자인학과,예체능계열,44,154,44
150,2025,음악학부,예체능계열,0,71,0
150,2025,의예과,의약계열,72,1106,72
150,2025,인공지능학과,공학계열,26,117,25
150,2025,일어일문학과,인문계열,31,206,32
150,2025,자유전공,무전공,78,734,77
150,2025,작곡전공,예체능계열,3,0,3
150,2025,전기공학과,공학계열,30,143,29
150,2025,전자공학과,공학계열,32,144,31
150,2025,정치외교학과,사회계열,33,151,32
150,2025,중어중문학과,인문계열,32,139,31
150,2025,지구해양과학과,자연계열,27,181,25
150,2025,지리교육과,교육계열,14,88,13
150,2025,철학과,인문계열,26,136,25
150,2025,체육교육과,교육계열,13,69,13
150,2025,초등교육학부,교육계열,104,607,103
150,2025,컴퓨터공학과,공학계열,34,203,33
150,2025,컴퓨터교육과,교육계열,17,89,16
150,2025,토목공학과,공학계열,33,201,31
150,2025,통신공학과,공학계열,32,175,31
150,2025,패션의류학과,자연계열,32,230,33
150,2025,피아노전공,예체능계열,8,0,8
150,2025,해양산업경찰학과,사회계열,32,187,30
150,2025,해양생명과학과,자연계열,27,162,27
150,2025,해양시스템공학과,공학계열,26,135,24
150,2025,행정학과,사회계열,74,300,68
150,2025,화공그린에너지학과,공학계열,23,99,21
150,2025,화학·코스메틱스학과,자연계열,28,124,27
150,2025,환경공학과,자연계열,31,133,29
150,2025,회계학과,사회계열,50,174,49
150,2026,간호학과,의약계열,74,846,74
150,2026,건강뷰티향장학과,예체능계열,39,16,9
150,2026,건축공학과,공학계열,22,114,21
150,2026,건축학과,공학계열,21,118,21
150,2026,경영정보학과,사회계열,31,204,30
150,2026,경영학과,사회계열,69,566,62
150,2026,경제학과,사회계열,35,162,34
150,2026,공업디자인전공,예체능계열,14,38,14
150,2026,관·현악전공,예체능계열,12,19,12
150,2026,관광개발학과,사회계열,33,273,32
150,2026,관광경영학과,사회계열,55,407,55
150,2026,관광융복합학과,사회계열,39,26,16
150,2026,국어교육과,교육계열,19,128,18
150,2026,국어국문학과,인문계열,31,282,30
150,2026,글로벌자율전공,무전공,16,33,16
150,2026,기계시스템공학과,공학계열,59,266,58
150,2026,데이터사이언스학과,공학계열,42,236,41
150,2026,독일학과,인문계열,28,147,27
150,2026,무역학과,사회계열,34,214,33
150,2026,문화공예디자인전공,예체능계열,15,38,15
150,2026,물리교육전공,교육계열,14,67,13
150,2026,물리학과,자연계열,22,154,22
150,2026,미술학과,예체능계열,27,54,27
150,2026,바이오메디컬정보학과,자연계열,36,193,35
150,2026,부동산관리학과,사회계열,39,50,30
150,2026,사학과,인문계열,32,143,31
150,2026,사회교육과,교육계열,14,94,13
150,2026,사회학과,사회계열,30,245,30
150,2026,산업응용경제학과,사회계열,26,147,25
150,2026,생명공학부,자연계열,63,271,62
150,2026,생물교육전공,교육계열,14,71,13
150,2026,생물학과,자연계열,28,124,27
150,2026,생활환경복지학과,사회계열,33,240,33
150,2026,성악전공,예체능계열,6,7,6
150,2026,수산생명의학과,자연계열,34,161,33
150,2026,수의예과,자연계열,41,1287,41
150,2026,수학과,자연계열,30,147,29
150,2026,수학교육과,교육계열,19,148,18
150,2026,스포츠과학과,예체능계열,31,124,31
150,2026,시각영상디자인전공,예체능계열,15,63,15
150,2026,식물자원환경전공,자연계열,24,109,24
150,2026,식품생명공학과,자연계열,26,152,25
150,2026,식품영양학과,자연계열,31,163,30
150,2026,실버케어복지학과,사회계열,37,32,24
150,2026,약학과,의약계열,36,1189,36
150,2026,언론홍보학과,사회계열,35,203,34
150,2026,영어교육과,교육계열,19,222,18
150,2026,영어영문학과,인문계열,31,124,30
150,2026,원예과학전공,자연계열,25,144,25
150,2026,원자력공학과,공학계열,27,172,27
150,2026,윤리교육과,교육계열,14,121,13
150,2026,의예과,의약계열,40,252,40
150,2026,인공지능학과,공학계열,36,177,34
150,2026,일어일문학과,인문계열,31,263,31
150,2026,자유전공,무전공,79,1069,78
150,2026,작곡전공,예체능계열,3,31,3
150,2026,전기공학과,공학계열,30,188,29
150,2026,전자공학과,공학계열,32,117,30
150,2026,정치외교학과,사회계열,33,197,33
150,2026,중어중문학과,인문계열,32,206,32
150,2026,지구해양과학과,자연계열,28,180,27
150,2026,지리교육과,교육계열,14,120,13
150,2026,철학과,인문계열,26,151,25
150,2026,체육교육과,교육계열,13,116,13
150,2026,초등교육학부,교육계열,105,819,103
150,2026,컴퓨터공학과,공학계열,34,202,32
150,2026,컴퓨터교육과,교육계열,17,99,17
150,2026,토목공학과,공학계열,34,224,33
150,2026,통신공학과,공학계열,32,210,32
150,2026,패션의류학과,자연계열,32,210,31
150,2026,피아노전공,예체능계열,9,31,9
150,2026,해양산업경찰학과,사회계열,32,237,31
150,2026,해양생명과학과,자연계열,28,251,25
150,2026,해양시스템공학과,공학계열,26,162,25
150,2026,행정학과,사회계열,74,431,68
150,2026,화공그린에너지학과,공학계열,24,103,23
150,2026,화학·코스메틱스학과,자연계열,28,121,27
150,2026,환경공학과,자연계열,31,137,29
150,2026,회계학과,사회계열,50,232,49
151,2024,간호학과,의약계열,83,889,83
151,2024,건축공학과,공학계열,64,374,63
151,2024,건축학과(5년제),공학계열,40,288,40
151,2024,경영학부,사회계열,272,1137,267
151,2024,경제학과,사회계열,139,573,137
151,2024,경찰행정학과,사회계열,44,358,43
151,2024,공공인재법무학과,사회계열,40,146,40
151,2024,공연예술무용과,예체능계열,24,67,24
151,2024,광기술공학과,공학계열,52,193,50
151,2024,교육학과,교육계열,20,117,20
151,2024,국어교육과,교육계열,38,181,38
151,2024,국어국문학부,인문계열,7,144,33
151,2024,국어국문학부(고전번역전공),인문계열,18,49,8
151,2024,국어국문학부(국어국문학전공),인문계열,50,134,31
151,2024,군사학과,사회계열,40,144,26
151,2024,글로벌비즈니스커뮤니케이션학과,인문계열,30,185,30
151,2024,기계공학과,공학계열,232,858,230
151,2024,디자인공학과,예체능계열,38,88,38
151,2024,라이프스타일디자인학부,예체능계열,1,8,47
151,2024,라이프스타일디자인학부(섬유?패션디자인전공),예체능계열,29,165,0
151,2024,라이프스타일디자인학부(실내디자인전공),예체능계열,18,61,0
151,2024,만화?애니메이션학과,예체능계열,39,266,39
151,2024,무역학과,사회계열,102,416,99
151,2024,문예창작학과,인문계열,37,157,37
151,2024,문화콘텐츠학부,인문계열,66,8,64
151,2024,문화콘텐츠학부(시각문화큐레이터전공),예체능계열,0,23,0
151,2024,문화콘텐츠학부(현대조형미디어전공),예체능계열,0,148,0
151,2024,물리교육과,교육계열,20,63,20
151,2024,미디어커뮤니케이션학과,사회계열,55,421,54
151,2024,미래융합학부,사회계열,144,89,57
151,2024,법학과,사회계열,110,406,108
151,2024,산업공학과,공학계열,38,132,38
151,2024,상담심리학과,인문계열,44,293,44
151,2024,생명과학과,자연계열,46,140,33
151,2024,생명화학공학과,자연계열,75,301,74
151,2024,생물교육과,교육계열,20,78,20
151,2024,소방재난관리학과,공학계열,36,236,36
151,2024,수학교육과,교육계열,30,126,28
151,2024,스마트이동체 융합시스템공학부,공학계열,0,170,116
151,2024,스마트이동체융합시스템공학부(선박해양공학전공),공학계열,36,79,0
151,2024,스마트이동체융합시스템공학부(자동차공학전공),공학계열,40,141,0
151,2024,스마트이동체융합시스템공학부(항공우주공학전공),공학계열,43,78,0
151,2024,스포츠산업학과,인문계열,42,382,42
151,2024,시각디자인학과,예체능계열,35,139,35
151,2024,식품영양학과,자연계열,53,346,53
151,2024,신소재공학과,공학계열,89,421,88
151,2024,아시아언어문화학부,인문계열,2,145,35
151,2024,아시아언어문화학부(아랍어전공),인문계열,31,75,16
151,2024,아시아언어문화학부(중국어문화학전공),인문계열,48,148,31
151,2024,아시아언어문화학부(철학전공),인문계열,22,82,18
151,2024,약학과(6년제),의약계열,81,1586,81
151,2024,언어치료학과,교육계열,32,192,31
151,2024,역사문화학과,인문계열,50,183,49
151,2024,영어교육과,교육계열,39,158,37
151,2024,영어영문학과,인문계열,90,274,87
151,2024,용접.접합과학공학과,공학계열,29,98,27
151,2024,원자력공학과,공학계열,43,149,43
151,2024,유럽언어문화학부,인문계열,0,78,14
151,2024,유럽언어문화학부(독일어문화학전공),인문계열,23,76,16
151,2024,유럽언어문화학부(러시아어전공),인문계열,20,62,17
151,2024,유럽언어문화학부(스페인어전공),인문계열,32,117,26
151,2024,융합수리과학부,자연계열,24,51,13
151,2024,음악교육과,교육계열,30,85,30
151,2024,의생명과학과,자연계열,45,162,40
151,2024,의예과,의약계열,127,905,127
151,2024,인공지능공학과,공학계열,50,209,50
151,2024,일본어과,인문계열,40,255,40
151,2024,자연과학계열,자연계열,5,248,72
151,2024,자유전공학부,인문계열,56,382,55
151,2024,작업치료학과,의약계열,43,412,42
151,2024,전기공학과,공학계열,92,647,92
151,2024,전자공학부(전자공학전공),공학계열,111,442,111
151,2024,전자공학부(지능IoT전공),공학계열,60,275,60
151,2024,정보통신공학부(정보보안전공),공학계열,30,119,30
151,2024,정보통신공학부(정보통신공학전공),공학계열,83,258,79
151,2024,정치외교학과,사회계열,56,248,55
151,2024,지구과학교육과,교육계열,20,94,20
151,2024,첨단에너지공학과,공학계열,50,188,50
151,2024,체육학과,예체능계열,107,463,106
151,2024,치의예과,의약계열,81,1187,81
151,2024,컴퓨터공학과,공학계열,140,737,134
151,2024,컴퓨터통계학과,자연계열,38,103,27
151,2024,태권도학과,예체능계열,44,113,42
151,2024,토목공학과,공학계열,72,458,72
151,2024,특수교육과,교육계열,33,128,33
151,2024,행정복지학부,사회계열,88,476,88
151,2024,화학과,자연계열,44,85,14
151,2024,화학교육과,교육계열,20,61,20
151,2024,환경공학과,자연계열,51,198,51
151,2024,회화학부,예체능계열,0,9,37
151,2024,회화학부(서양화전공),예체능계열,22,44,0
151,2024,회화학부(한국화전공),예체능계열,15,23,0
151,2024,K-컬처공연?기획학과,예체능계열,33,208,33
151,2025,간호학과,의약계열,83,893,83
151,2025,건축공학과,공학계열,64,396,60
151,2025,건축학과(5년제),공학계열,40,293,40
151,2025,경영학부,사회계열,278,1238,278
151,2025,경제학과,사회계열,139,533,138
151,2025,경찰행정학과,사회계열,44,389,44
151,2025,공공인재법무학과,사회계열,40,171,40
151,2025,공연예술무용과,예체능계열,29,72,29
151,2025,광기술공학과,공학계열,52,254,51
151,2025,교육학과,교육계열,22,95,22
151,2025,국어교육과,교육계열,38,179,38
151,2025,국어국문학부,인문계열,2,118,11
151,2025,국어국문학부(국어국문학전공),인문계열,55,273,50
151,2025,국어국문학부(한국어교육전공),교육계열,18,50,14
151,2025,군사학과,사회계열,30,137,30
151,2025,글로벌비즈니스커뮤니케이션학과,인문계열,30,189,29
151,2025,기계공학과,공학계열,230,1066,229
151,2025,디자인공학과,예체능계열,38,75,38
151,2025,라이프스타일디자인학부,예체능계열,1,1,48
151,2025,라이프스타일디자인학부(섬유?패션디자인전공),예체능계열,29,155,0
151,2025,라이프스타일디자인학부(실내디자인전공),예체능계열,18,43,0
151,2025,만화?애니메이션학과,예체능계열,39,317,39
151,2025,무역학과,사회계열,108,429,107
151,2025,문예창작학과,인문계열,34,185,33
151,2025,문화콘텐츠학부,인문계열,66,48,65
151,2025,문화콘텐츠학부(시각문화큐레이터전공),예체능계열,0,29,0
151,2025,문화콘텐츠학부(현대조형미디어전공),예체능계열,0,153,0
151,2025,물리교육과,교육계열,21,99,21
151,2025,미디어커뮤니케이션학과,사회계열,56,428,55
151,2025,미래융합학부,사회계열,126,77,50
151,2025,반도체화학과,자연계열,39,73,29
151,2025,법학과,사회계열,111,444,111
151,2025,산업공학과,공학계열,38,157,37
151,2025,상담심리학과,인문계열,43,257,42
151,2025,생명과학과,자연계열,47,197,43
151,2025,생명화학공학과,자연계열,75,271,74
151,2025,생물교육과,교육계열,21,170,21
151,2025,선박해양공학과,공학계열,34,144,34
151,2025,소방재난관리학과,공학계열,38,306,38
151,2025,수학교육과,교육계열,29,115,29
151,2025,스포츠산업학과,인문계열,43,467,43
151,2025,시각디자인학과,예체능계열,36,116,36
151,2025,식품영양학과,자연계열,54,337,53
151,2025,신소재공학과,공학계열,89,470,88
151,2025,아시아언어문화학부,인문계열,0,151,19
151,2025,아시아언어문화학부(아랍어전공),인문계열,28,65,18
151,2025,아시아언어문화학부(중국어문화학전공),인문계열,49,152,41
151,2025,아시아언어문화학부(철학전공),인문계열,22,69,17
151,2025,약학과(6년제),의약계열,79,1343,79
151,2025,언어치료학과,교육계열,32,129,32
151,2025,역사문화학과,인문계열,50,198,50
151,2025,영어교육과,교육계열,38,234,38
151,2025,영어영문학과,인문계열,88,379,87
151,2025,용접.접합과학공학과,공학계열,23,115,23
151,2025,원자력공학과,공학계열,43,195,42
151,2025,유럽언어문화학부,인문계열,0,126,21
151,2025,유럽언어문화학부(독일어문화학전공),인문계열,21,66,13
151,2025,유럽언어문화학부(러시아어전공),인문계열,20,53,11
151,2025,유럽언어문화학부(스페인중남미전공),인문계열,31,125,27
151,2025,융합수리과학부,자연계열,27,49,11
151,2025,음악교육과,교육계열,27,61,27
151,2025,의생명과학과,자연계열,47,155,40
151,2025,의예과,의약계열,152,2187,152
151,2025,일본어과,인문계열,40,282,40
151,2025,자연과학계열,자연계열,0,346,46
151,2025,자유전공학부,인문계열,90,720,90
151,2025,작업치료학과,의약계열,42,331,42
151,2025,전기공학과,공학계열,92,481,90
151,2025,전자공학과,공학계열,172,501,171
151,2025,정치외교학과,사회계열,56,343,55
151,2025,지구과학교육과,교육계열,20,126,20
151,2025,첨단에너지공학과,공학계열,50,179,50
151,2025,체육학과,예체능계열,107,398,107
151,2025,치의예과,의약계열,81,1137,81
151,2025,컴퓨터통계학과,자연계열,39,101,27
151,2025,태권도학과,예체능계열,44,131,41
151,2025,토목공학과,공학계열,72,535,70
151,2025,특수교육과,교육계열,33,167,33
151,2025,항공우주공학과,공학계열,42,255,42
151,2025,행정복지학부,사회계열,92,411,90
151,2025,화학교육과,교육계열,20,81,20
151,2025,환경공학과,자연계열,51,246,50
151,2025,회화학부,예체능계열,0,29,37
151,2025,회화학부(서양화전공),예체능계열,22,27,0
151,2025,회화학부(한국화전공),예체능계열,15,17,0
151,2025,AI소프트웨어학부(모빌리티SW전공),공학계열,38,161,38
151,2025,AI소프트웨어학부(인공지능공학전공),공학계열,51,166,51
151,2025,AI소프트웨어학부(정보보안전공),공학계열,33,113,33
151,2025,AI소프트웨어학부(정보통신공학전공),공학계열,78,304,78
151,2025,AI소프트웨어학부(컴퓨터공학전공),공학계열,141,570,139
151,2025,K-컬처공연?기획학과,예체능계열,35,191,34
151,2026,간호학과,의약계열,83,1048,83
151,2026,건축공학과,공학계열,65,364,65
151,2026,건축학과(5년제),공학계열,40,358,39
151,2026,경영학부,사회계열,275,1258,273
151,2026,경제학과,사회계열,138,654,135
151,2026,경찰행정학과,사회계열,44,450,44
151,2026,공공인재법무학과,사회계열,40,141,40
151,2026,공연예술무용과,예체능계열,21,70,21
151,2026,광기술공학과,공학계열,52,182,51
151,2026,교육학과,교육계열,22,139,22
151,2026,국어교육과,교육계열,37,242,37
151,2026,국어국문학부,인문계열,2,30,5
151,2026,국어국문학부(국어국문학전공),인문계열,51,235,48
151,2026,국어국문학부(한국어교육전공),교육계열,18,102,17
151,2026,군사학과,사회계열,30,234,30
151,2026,글로벌비즈니스커뮤니케이션학과,인문계열,30,188,30
151,2026,글로벌학부,사회계열,22,35,22
151,2026,기계공학과,공학계열,228,1139,226
151,2026,디자인공학과,예체능계열,38,91,38
151,2026,라이프스타일디자인학부,예체능계열,1,99,47
151,2026,라이프스타일디자인학부(섬유·패션디자인전공),예체능계열,28,205,0
151,2026,라이프스타일디자인학부(실내디자인전공),예체능계열,18,52,0
151,2026,만화·애니메이션학과,예체능계열,40,255,40
151,2026,무역학과,사회계열,96,522,96
151,2026,문예창작학과,인문계열,35,258,34
151,2026,문화콘텐츠학부,인문계열,64,210,64
151,2026,물리교육과,교육계열,20,96,20
151,2026,미디어커뮤니케이션학과,사회계열,56,543,55
151,2026,미래융합학부,사회계열,126,42,24
151,2026,미술학부,예체능계열,0,29,37
151,2026,미술학부(서양화전공),예체능계열,22,63,0
151,2026,미술학부(한국화전공),예체능계열,15,22,0
151,2026,반도체화학과,자연계열,40,115,38
151,2026,법학과,사회계열,111,544,110
151,2026,산업공학과,공학계열,37,149,37
151,2026,상담심리학과,인문계열,42,383,42
151,2026,생명과학과,자연계열,46,156,45
151,2026,생명화학공학과,자연계열,75,293,71
151,2026,생물교육과,교육계열,21,124,21
151,2026,선박해양공학과,공학계열,34,215,34
151,2026,소방재난관리학과,공학계열,39,375,39
151,2026,수학교육과,교육계열,30,174,30
151,2026,스포츠산업학과,인문계열,44,352,44
151,2026,시각디자인학과,예체능계열,35,239,34
151,2026,식품영양학과,자연계열,53,375,53
151,2026,신소재공학과,공학계열,89,348,89
151,2026,아시아언어문화학부,인문계열,0,34,3
151,2026,아시아언어문화학부(중국어문화학전공),인문계열,46,224,42
151,2026,아시아언어문화학부(철학전공),인문계열,22,99,21
151,2026,약학과(6년제),의약계열,79,1350,79
151,2026,언어치료학과,교육계열,33,214,32
151,2026,역사문화학과,인문계열,47,213,47
151,2026,영어교육과,교육계열,37,201,37
151,2026,영어영문학과,인문계열,83,377,83
151,2026,용접.접합과학공학과,공학계열,23,102,23
151,2026,원자력공학과,공학계열,42,157,41
151,2026,유럽언어문화학부,인문계열,0,166,5
151,2026,유럽언어문화학부(독일어문화학전공),인문계열,18,68,16
151,2026,유럽언어문화학부(러시아어전공),인문계열,20,70,20
151,2026,유럽언어문화학부(스페인중남미전공),인문계열,31,128,28
151,2026,융합수리과학부,자연계열,27,66,20
151,2026,음악교육과,교육계열,27,65,27
151,2026,의생명과학부,자연계열,56,162,51
151,2026,의예과,의약계열,127,1103,127
151,2026,일본어과,인문계열,37,291,37
151,2026,자연과학계열,자연계열,0,163,11
151,2026,자유전공학부,인문계열,142,904,142
151,2026,작업치료학과,의약계열,43,378,43
151,2026,전기공학과,공학계열,94,589,93
151,2026,전자공학과,공학계열,172,725,169
151,2026,정치외교학과,사회계열,56,320,55
151,2026,지구과학교육과,교육계열,20,183,20
151,2026,첨단에너지공학과,공학계열,50,223,50
151,2026,체육학과,예체능계열,108,433,107
151,2026,치의예과,의약계열,81,1147,81
151,2026,컴퓨터통계학과,자연계열,40,121,40
151,2026,태권도학과,예체능계열,44,116,42
151,2026,토목공학과,공학계열,73,470,71
151,2026,특수교육과,교육계열,33,234,32
151,2026,항공우주공학과,공학계열,42,239,41
151,2026,행정복지학부,사회계열,93,590,91
151,2026,화학교육과,교육계열,20,133,20
151,2026,환경공학과,자연계열,46,273,46
151,2026,AI·SW학부(모빌리티SW전공),공학계열,38,287,38
151,2026,AI·SW학부(인공지능공학전공),공학계열,50,268,49
151,2026,AI·SW학부(정보보안전공),공학계열,33,148,32
151,2026,AI·SW학부(정보통신공학전공),공학계열,79,332,78
151,2026,AI·SW학부(컴퓨터공학전공),공학계열,140,522,137
151,2026,K-컬처공연·기획학과,예체능계열,33,285,33
152,2024,간호학과,의약계열,95,1110,102
152,2024,건축학전공,공학계열,39,310,45
152,2024,게임소프트웨어전공,공학계열,40,442,47
152,2024,경영학전공,사회계열,43,464,48
152,2024,경찰경호학전공,사회계열,70,268,63
152,2024,경찰법학전공,사회계열,40,140,30
152,2024,경찰탐정수사학전공,사회계열,26,63,8
152,2024,경찰행정학전공,사회계열,100,474,103
152,2024,골프학전공,예체능계열,31,94,25
152,2024,공공안전학전공,사회계열,30,152,30
152,2024,국제통상학전공,사회계열,194,420,199
152,2024,글로벌K-POP전공,예체능계열,27,71,31
152,2024,기타모집단위,인문계열,95,0,0
152,2024,동물보건학과,자연계열,30,264,31
152,2024,레저스포츠학전공,예체능계열,32,125,29
152,2024,만화애니메이션학전공,예체능계열,55,773,59
152,2024,문헌정보학전공,인문계열,21,105,20
152,2024,물리치료학과,의약계열,38,526,44
152,2024,미디어커뮤니케이션학전공,사회계열,47,495,55
152,2024,반려동물학부,자연계열,75,405,77
152,2024,보건행정학과,사회계열,21,133,22
152,2024,뷰티?패션비즈니스학전공,예체능계열,35,560,37
152,2024,사진영상학전공,예체능계열,40,293,47
152,2024,사회복지학전공,사회계열,21,104,18
152,2024,산업디자인학전공,예체능계열,40,241,40
152,2024,스마트모빌리티공학전공,공학계열,40,227,42
152,2024,스마트IT전공,공학계열,31,229,34
152,2024,스포츠건강관리학전공,예체능계열,30,200,30
152,2024,실용음악학전공,예체능계열,45,505,45
152,2024,엔터테인먼트학전공,사회계열,40,202,44
152,2024,연극영화학전공,예체능계열,60,427,60
152,2024,유아교육과,교육계열,40,242,42
152,2024,자율설계전공,인문계열,58,141,56
152,2024,전기전자공학전공,공학계열,40,369,49
152,2024,정보보호학전공,공학계열,40,251,42
152,2024,토목공학전공,공학계열,40,345,42
152,2024,특수교육과(유아특수교육),교육계열,20,94,0
152,2024,특수교육과(중등특수교육),교육계열,20,92,0
152,2024,특수교육과(초등특수교육),교육계열,20,73,0
152,2024,특수체육교육과(고양),교육계열,20,184,21
152,2024,항공서비스학전공,사회계열,108,658,110
152,2024,호텔비즈니스전공,사회계열,61,126,49
152,2025,간호학과,의약계열,114,985,120
152,2025,건축학전공,공학계열,37,261,39
152,2025,게임소프트웨어전공,공학계열,40,288,51
152,2025,경영학전공,사회계열,43,361,50
152,2025,경찰경호학전공,사회계열,72,277,72
152,2025,경찰법학전공,사회계열,21,79,22
152,2025,경찰행정학전공,사회계열,100,354,102
152,2025,공공안전학전공,사회계열,30,201,30
152,2025,국제통상학전공,사회계열,67,230,70
152,2025,기타모집단위,인문계열,92,0,0
152,2025,만화애니메이션학전공,예체능계열,54,861,59
152,2025,문헌정보학전공(창의),인문계열,21,325,23
152,2025,물리치료학과,의약계열,38,512,44
152,2025,미디어커뮤니케이션학전공,사회계열,47,354,52
152,2025,반려동물보건학과,자연계열,30,511,35
152,2025,반려동물사육학전공,자연계열,15,196,18
152,2025,반려동물행동복지학전공,자연계열,15,108,16
152,2025,보건행정학과,사회계열,50,161,51
152,2025,뷰티?패션비즈니스학전공,예체능계열,35,474,38
152,2025,사진영상학전공,예체능계열,40,287,44
152,2025,산업디자인학전공,예체능계열,38,301,38
152,2025,스마트모빌리티공학전공,공학계열,40,262,42
152,2025,스포츠건강관리학전공,예체능계열,25,134,25
152,2025,스포츠재활복지학전공,예체능계열,26,125,26
152,2025,실용음악학전공,예체능계열,45,624,45
152,2025,엔터테인먼트학전공,사회계열,40,204,43
152,2025,연극영화학전공,예체능계열,60,477,60
152,2025,유아교육과,교육계열,40,300,42
152,2025,응급구조학과,의약계열,15,78,15
152,2025,인공지능전공,공학계열,30,133,32
152,2025,자율설계전공학부,무전공,177,720,177
152,2025,작업치료학과,의약계열,20,73,20
152,2025,전기전자공학전공,공학계열,39,231,39
152,2025,정보보호학전공,공학계열,39,159,40
152,2025,토목공학전공,공학계열,40,317,42
152,2025,특수교육과(유아특수교육),교육계열,20,82,0
152,2025,특수교육과(중등특수교육),교육계열,20,66,0
152,2025,특수교육과(초등특수교육),교육계열,20,92,0
152,2025,특수체육교육과(창의),교육계열,20,158,21
152,2025,항공서비스학전공(창의),사회계열,80,1495,91
152,2026,간호학과,의약계열,131,1760,135
152,2026,건축학전공,공학계열,40,217,42
152,2026,게임소프트웨어전공,공학계열,40,292,45
152,2026,경영학전공,사회계열,45,363,54
152,2026,경찰경호학전공,사회계열,52,416,53
152,2026,경찰행정학전공,사회계열,80,562,81
152,2026,공공안전학전공,사회계열,30,176,30
152,2026,국제통상학전공,사회계열,95,248,96
152,2026,글로벌보건행정학전공,사회계열,11,11,11
152,2026,기타모집단위,인문계열,93,0,0
152,2026,동물보건학과(창의),자연계열,30,497,37
152,2026,만화애니메이션학전공,예체능계열,55,1090,60
152,2026,문헌정보학전공(창의),인문계열,20,143,24
152,2026,물리치료학과,의약계열,38,613,44
152,2026,미디어커뮤니케이션학전공,사회계열,47,406,50
152,2026,반려동물사육학전공,자연계열,40,257,45
152,2026,뷰티·패션비즈니스학전공,예체능계열,35,488,43
152,2026,사진영상학전공,예체능계열,40,285,47
152,2026,산업디자인학전공,예체능계열,40,269,40
152,2026,스마트모빌리티공학전공,공학계열,40,259,40
152,2026,스마트팜학과,자연계열,9,43,9
152,2026,스포츠건강관리학전공,예체능계열,25,202,25
152,2026,스포츠재활복지학전공,예체능계열,24,236,24
152,2026,실용음악학전공,예체능계열,50,787,50
152,2026,엔터테인먼트학전공,사회계열,40,348,45
152,2026,연극영화학전공,예체능계열,55,655,55
152,2026,유아교육과,교육계열,40,483,40
152,2026,응급구조학과,의약계열,20,143,20
152,2026,인공지능전공,공학계열,30,297,34
152,2026,자유전공학부,무전공,10,66,10
152,2026,자율설계학부,무전공,187,1439,187
152,2026,작업치료학과,의약계열,20,142,20
152,2026,전기전자공학전공,공학계열,40,234,46
152,2026,정보보호학전공,공학계열,40,183,40
152,2026,토목공학전공,공학계열,40,239,40
152,2026,특수교육과(유아특수교육),교육계열,20,170,0
152,2026,특수교육과(중등특수교육),교육계열,20,100,0
152,2026,특수교육과(초등특수교육),교육계열,20,98,0
152,2026,특수체육교육과(창의),교육계열,20,260,20
152,2026,한국어학전공,인문계열,11,11,11
152,2026,항공서비스학전공(창의),사회계열,70,1764,81
152,2026,항공운항서비스학전공,사회계열,30,211,32
152,2026,호텔관광경영학전공,사회계열,18,22,18
153,2024,간호학과,의약계열,223,3607,222
153,2024,건축학부,공학계열,85,1686,88
153,2024,경영경제대학,사회계열,54,253,0
153,2024,경영학부(경영학전공),사회계열,516,11175,516
153,2024,경영학부(글로벌금융전공),사회계열,51,803,51
153,2024,경제학부,사회계열,120,1532,140
153,2024,공공인재학부,사회계열,113,2400,113
153,2024,공과대학,공학계열,31,385,0
153,2024,공연영상창작학부(공간연출전공),예체능계열,21,506,21
153,2024,공연영상창작학부(무용전공),예체능계열,34,317,34
153,2024,공연영상창작학부(문예창작전공),예체능계열,36,442,36
153,2024,공연영상창작학부(사진전공),예체능계열,47,276,47
153,2024,공연영상창작학부(연극전공),예체능계열,47,2838,47
153,2024,공연영상창작학부(영화전공),예체능계열,30,1386,30
153,2024,광고홍보학과,사회계열,67,892,73
153,2024,교육학과,교육계열,30,839,30
153,2024,국어국문학과,인문계열,46,759,54
153,2024,국제물류학과,사회계열,66,673,79
153,2024,글로벌예술학부(게임콘텐츠?애니메이션전공),예체능계열,10,213,10
153,2024,글로벌예술학부(실용음악전공),예체능계열,11,189,11
153,2024,글로벌예술학부(TV방송연예전공),예체능계열,28,697,28
153,2024,기계공학부,공학계열,160,3759,160
153,2024,기타모집단위,인문계열,10,0,0
153,2024,도시계획부동산학과,사회계열,46,879,49
153,2024,디자인학부(공예전공),예체능계열,30,308,30
153,2024,디자인학부(산업디자인전공),예체능계열,35,254,35
153,2024,디자인학부(시각디자인전공),예체능계열,36,283,36
153,2024,디자인학부(실내환경디자인전공),예체능계열,33,384,34
153,2024,디자인학부(패션전공),예체능계열,51,437,51
153,2024,문헌정보학과,인문계열,36,635,39
153,2024,물리학과,자연계열,41,872,40
153,2024,미디어커뮤니케이션학부,사회계열,84,1996,84
153,2024,미술학부(서양화전공),예체능계열,25,361,25
153,2024,미술학부(조소전공),예체능계열,25,308,25
153,2024,미술학부(한국화전공),예체능계열,25,239,25
153,2024,사회과학대학,사회계열,25,128,0
153,2024,사회기반시스템공학부(건설환경플랜트공학전공),공학계열,54,1216,54
153,2024,사회기반시스템공학부(도시시스템공학전공),공학계열,27,665,30
153,2024,사회복지학부,사회계열,58,933,59
153,2024,사회학과,사회계열,57,1191,60
153,2024,산업보안학과,사회계열,32,627,36
153,2024,생명공학대학,자연계열,65,234,0
153,2024,생명과학과,자연계열,47,1773,65
153,2024,생명자원공학부(동물생명공학전공),자연계열,56,545,74
153,2024,생명자원공학부(식물생명공학전공),자연계열,46,572,55
153,2024,소프트웨어학부,공학계열,202,7214,205
153,2024,수학과,자연계열,37,908,38
153,2024,스포츠과학부,예체능계열,122,1314,122
153,2024,시스템생명공학과,자연계열,51,740,69
153,2024,식품공학부(식품공학전공),자연계열,72,691,92
153,2024,식품공학부(식품영양전공),자연계열,43,314,44
153,2024,심리학과,인문계열,58,1489,65
153,2024,아시아문화학부(일본어문학전공),인문계열,37,551,38
153,2024,아시아문화학부(중국어문학전공),인문계열,43,606,43
153,2024,약학부,의약계열,131,5891,131
153,2024,에너지시스템공학부,공학계열,78,1700,104
153,2024,역사학과,인문계열,33,1059,40
153,2024,영어교육과,교육계열,53,840,53
153,2024,영어영문학과,인문계열,101,1652,118
153,2024,예술공학부,공학계열,134,1021,134
153,2024,유럽문화학부(독일어문학전공),인문계열,26,490,26
153,2024,유럽문화학부(러시아어문학전공),인문계열,26,466,26
153,2024,유럽문화학부(프랑스어문학전공),인문계열,33,526,34
153,2024,유아교육과,교육계열,31,272,31
153,2024,융합공학부,공학계열,75,2224,85
153,2024,음악학부(관현악전공),예체능계열,34,311,34
153,2024,음악학부(성악전공),예체능계열,20,331,20
153,2024,음악학부(작곡전공),예체능계열,14,111,14
153,2024,음악학부(피아노전공),예체능계열,20,514,20
153,2024,응용통계학과,자연계열,35,500,46
153,2024,의학부(의예),의약계열,91,4999,91
153,2024,인문대학,인문계열,37,294,0
153,2024,자연과학대학,자연계열,30,516,0
153,2024,전자전기공학부,공학계열,189,7031,237
153,2024,전통예술학부(연희예술전공),예체능계열,40,258,40
153,2024,전통예술학부(음악예술전공),예체능계열,45,306,45
153,2024,정치국제학과,사회계열,51,1032,59
153,2024,지식경영학부,사회계열,247,1734,246
153,2024,창의ICT공과대학,공학계열,58,434,0
153,2024,철학과,인문계열,34,776,38
153,2024,첨단소재공학과,공학계열,40,482,40
153,2024,체육교육과,교육계열,31,413,31
153,2024,화학공학과,공학계열,84,1890,84
153,2024,화학과,자연계열,37,883,49
153,2024,AI학과,공학계열,41,938,41
153,2025,간호학과,의약계열,221,3725,221
153,2025,건축학부,공학계열,88,2044,90
153,2025,경영경제대학,사회계열,52,507,0
153,2025,경영학부(경영학전공),사회계열,493,9701,493
153,2025,경영학부(글로벌금융전공),사회계열,55,661,55
153,2025,경제학부,사회계열,120,1413,136
153,2025,공공인재학부,사회계열,114,1969,114
153,2025,공과대학,공학계열,31,318,0
153,2025,공연영상창작학부(공간연출전공),예체능계열,20,559,20
153,2025,공연영상창작학부(무용전공),예체능계열,34,351,34
153,2025,공연영상창작학부(문예창작전공),예체능계열,36,403,36
153,2025,공연영상창작학부(사진전공),예체능계열,47,251,47
153,2025,공연영상창작학부(연극전공),예체능계열,48,2971,48
153,2025,공연영상창작학부(영화전공),예체능계열,30,1371,30
153,2025,광고홍보학과,사회계열,65,747,68
153,2025,교육학과,교육계열,30,735,30
153,2025,국어국문학과,인문계열,50,739,60
153,2025,국제물류학과,사회계열,59,723,65
153,2025,글로벌예술학부(게임콘텐츠?애니메이션전공),예체능계열,8,149,8
153,2025,글로벌예술학부(실용음악전공),예체능계열,16,168,16
153,2025,글로벌예술학부(TV방송연예전공),예체능계열,23,612,23
153,2025,기계공학부,공학계열,158,3403,157
153,2025,기타모집단위,인문계열,8,0,0
153,2025,도시계획부동산학과,사회계열,51,838,55
153,2025,디자인학부(공예전공),예체능계열,30,348,30
153,2025,디자인학부(산업디자인전공),예체능계열,33,230,33
153,2025,디자인학부(시각디자인전공),예체능계열,35,290,35
153,2025,디자인학부(실내환경디자인전공),예체능계열,31,341,32
153,2025,디자인학부(패션전공),예체능계열,52,431,52
153,2025,문헌정보학과,인문계열,35,612,36
153,2025,물리학과,자연계열,40,799,41
153,2025,미디어커뮤니케이션학부,사회계열,94,2206,94
153,2025,미술학부(서양화전공),예체능계열,25,384,24
153,2025,미술학부(조소전공),예체능계열,25,407,25
153,2025,미술학부(한국화전공),예체능계열,25,232,25
153,2025,사회과학대학,사회계열,25,314,0
153,2025,사회기반시스템공학부(건설환경플랜트공학전공),공학계열,54,1444,54
153,2025,사회기반시스템공학부(도시시스템공학전공),공학계열,30,739,32
153,2025,사회복지학부,사회계열,58,939,59
153,2025,사회학과,사회계열,54,1009,55
153,2025,산업보안학과,사회계열,35,371,43
153,2025,생명공학대학,자연계열,65,212,0
153,2025,생명과학과,자연계열,51,1275,66
153,2025,생명자원공학부(동물생명공학전공),자연계열,57,594,71
153,2025,생명자원공학부(식물생명공학전공),자연계열,46,755,52
153,2025,소프트웨어학부,공학계열,204,5226,205
153,2025,수학과,자연계열,37,740,38
153,2025,스포츠과학부,예체능계열,122,1363,122
153,2025,시스템생명공학과,자연계열,50,673,82
153,2025,식품공학부(식품공학전공),자연계열,71,601,82
153,2025,식품공학부(식품영양전공),자연계열,43,403,45
153,2025,심리학과,인문계열,66,1508,76
153,2025,아시아문화학부(일본어문학전공),인문계열,38,587,39
153,2025,아시아문화학부(중국어문학전공),인문계열,50,700,51
153,2025,약학부,의약계열,132,6764,132
153,2025,에너지시스템공학부,공학계열,79,1602,105
153,2025,역사학과,인문계열,32,625,40
153,2025,영어교육과,교육계열,53,850,53
153,2025,영어영문학과,인문계열,104,1435,118
153,2025,예술공학부,공학계열,134,892,134
153,2025,유럽문화학부(독일어문학전공),인문계열,27,644,29
153,2025,유럽문화학부(러시아어문학전공),인문계열,33,777,33
153,2025,유럽문화학부(프랑스어문학전공),인문계열,34,704,34
153,2025,유아교육과,교육계열,31,293,31
153,2025,융합공학부,공학계열,70,1906,80
153,2025,음악학부(관현악전공),예체능계열,32,284,32
153,2025,음악학부(성악전공),예체능계열,20,451,20
153,2025,음악학부(작곡전공),예체능계열,14,125,14
153,2025,음악학부(피아노전공),예체능계열,21,484,21
153,2025,응용통계학과,자연계열,37,532,56
153,2025,의학부(의예),의약계열,90,4012,89
153,2025,인문대학,인문계열,36,389,0
153,2025,자연과학대학,자연계열,30,356,0
153,2025,전자전기공학부,공학계열,101,3900,242
153,2025,전통예술학부(연희예술전공),예체능계열,40,215,40
153,2025,전통예술학부(음악예술전공),예체능계열,45,426,45
153,2025,정치국제학과,사회계열,51,902,59
153,2025,지식경영학부,사회계열,246,1920,245
153,2025,창의ICT공과대학,공학계열,150,2065,0
153,2025,철학과,인문계열,34,753,34
153,2025,첨단소재공학과,공학계열,40,508,40
153,2025,체육교육과,교육계열,31,384,31
153,2025,화학공학과,공학계열,83,1879,83
153,2025,화학과,자연계열,36,837,51
153,2025,AI학과,공학계열,41,1098,41
153,2026,간호학과,의약계열,210,3191,210
153,2026,건축학부,공학계열,92,1743,93
153,2026,경영경제대학,사회계열,52,383,0
153,2026,경영학부(경영학전공),사회계열,509,8999,505
153,2026,경영학부(글로벌금융전공),사회계열,55,745,54
153,2026,경제학부,사회계열,121,1541,145
153,2026,공공인재학부,사회계열,113,2044,112
153,2026,공과대학,공학계열,31,271,0
153,2026,공연영상창작학부(공간연출전공),예체능계열,20,511,20
153,2026,공연영상창작학부(무용전공),예체능계열,34,351,34
153,2026,공연영상창작학부(문예창작전공),예체능계열,36,396,36
153,2026,공연영상창작학부(사진전공),예체능계열,47,256,47
153,2026,공연영상창작학부(연극전공),예체능계열,46,3498,46
153,2026,공연영상창작학부(영화전공),예체능계열,30,738,30
153,2026,광고홍보학부(광고홍보학전공),사회계열,45,785,50
153,2026,광고홍보학부(글로벌광고PR전공),사회계열,31,154,31
153,2026,교육학과,교육계열,32,733,32
153,2026,국어국문학부(국어국문학전공),인문계열,42,778,53
153,2026,국어국문학부(한국어교육·한국문화전공),인문계열,19,33,19
153,2026,국제물류학과,사회계열,51,854,58
153,2026,글로벌예술학부(게임콘텐츠·애니메이션전공),예체능계열,9,191,9
153,2026,글로벌예술학부(실용음악전공),예체능계열,19,187,19
153,2026,글로벌예술학부(TV방송연예전공),예체능계열,18,633,18
153,2026,글로벌인터랙티브융합콘텐츠학과,공학계열,6,16,6
153,2026,기계공학부,공학계열,163,3108,163
153,2026,기타모집단위,인문계열,66,0,0
153,2026,도시계획부동산학과,사회계열,43,875,51
153,2026,디자인학부(공예전공),예체능계열,30,312,30
153,2026,디자인학부(산업디자인전공),예체능계열,33,221,33
153,2026,디자인학부(시각디자인전공),예체능계열,35,223,35
153,2026,디자인학부(실내환경디자인전공),예체능계열,29,251,29
153,2026,디자인학부(패션전공),예체능계열,50,431,50
153,2026,문헌정보학과,인문계열,35,632,38
153,2026,물리학과,자연계열,42,892,44
153,2026,미디어커뮤니케이션학부,사회계열,88,2153,89
153,2026,미술학부(서양화전공),예체능계열,25,318,25
153,2026,미술학부(조소전공),예체능계열,25,363,25
153,2026,미술학부(한국화전공),예체능계열,25,186,25
153,2026,사회과학대학,사회계열,25,288,0
153,2026,사회기반시스템공학부(건설환경플랜트공학전공),공학계열,54,1379,53
153,2026,사회기반시스템공학부(도시시스템공학전공),공학계열,29,760,34
153,2026,사회복지학부,사회계열,54,888,56
153,2026,사회학과,사회계열,44,996,48
153,2026,산업보안학과,사회계열,42,857,51
153,2026,생명공학대학,자연계열,65,219,0
153,2026,생명과학과,자연계열,54,1558,75
153,2026,생명자원공학부(동물생명공학전공),자연계열,57,578,73
153,2026,생명자원공학부(식물생명공학전공),자연계열,48,459,52
153,2026,소프트웨어학부,공학계열,188,3748,190
153,2026,수학과,자연계열,39,665,41
153,2026,스포츠과학부,예체능계열,121,1236,121
153,2026,시스템생명공학과,자연계열,50,523,82
153,2026,식품공학부(식품공학전공),자연계열,73,542,80
153,2026,식품공학부(식품영양학전공),자연계열,41,318,44
153,2026,심리학과,인문계열,56,1287,61
153,2026,아시아문화학부(일본어문학전공),인문계열,34,669,36
153,2026,아시아문화학부(중국어문학전공),인문계열,50,743,50
153,2026,약학부,의약계열,131,4784,131
153,2026,에너지시스템공학부,공학계열,76,1715,108
153,2026,역사학과,인문계열,37,655,41
153,2026,영어교육과,교육계열,54,779,54
153,2026,영어영문학과,인문계열,110,1539,136
153,2026,예술공학부,공학계열,132,738,130
153,2026,유럽문화학부(독일어문학전공),인문계열,26,630,26
153,2026,유럽문화학부(러시아어문학전공),인문계열,30,701,30
153,2026,유럽문화학부(프랑스어문학전공),인문계열,31,809,32
153,2026,유아교육과,교육계열,31,261,31
153,2026,융합공학부,공학계열,72,1922,97
153,2026,음악학부(관현악전공),예체능계열,33,280,33
153,2026,음악학부(성악전공),예체능계열,20,446,20
153,2026,음악학부(작곡전공),예체능계열,15,181,15
153,2026,음악학부(피아노전공),예체능계열,20,545,20
153,2026,응용통계학과,자연계열,36,661,53
153,2026,의학부(의예),의약계열,90,3333,90
153,2026,인문대학,인문계열,36,430,0
153,2026,자연과학대학,자연계열,30,208,0
153,2026,전자전기공학부,공학계열,112,3449,241
153,2026,전통예술학부(연희예술전공),예체능계열,40,231,40
153,2026,전통예술학부(음악예술전공),예체능계열,45,245,44
153,2026,정치국제학과,사회계열,52,1045,63
153,2026,지능형반도체공학과,공학계열,20,322,20
153,2026,지식경영학부,사회계열,242,1386,243
153,2026,창의ICT공과대학,공학계열,150,1525,0
153,2026,철학과,인문계열,34,714,37
153,2026,첨단소재공학과,공학계열,40,329,39
153,2026,체육교육과,교육계열,31,340,31
153,2026,화학공학과,공학계열,85,1729,84
153,2026,화학과,자연계열,34,946,47
153,2026,AI학과,공학계열,58,1282,61
154,2024,불교사회학부,사회계열,60,11,11
154,2024,불교학부,인문계열,60,4,4
154,2025,승가학부,인문계열,125,17,17
154,2026,승가학부,인문계열,123,25,21
155,2024,간호학과,의약계열,130,556,130
155,2024,경찰행정학과,사회계열,36,99,36
155,2024,경호학과,예체능계열,24,76,24
155,2024,국가안보학과,사회계열,23,54,23
155,2024,글로컬융합사회학과,사회계열,15,21,9
155,2024,기타모집단위,인문계열,25,0,0
155,2024,무인항공기계학과,공학계열,31,64,31
155,2024,바이오산업학부,자연계열,38,89,38
155,2024,보건행정학과,사회계열,26,78,26
155,2024,뷰티메디컬학과,예체능계열,20,91,20
155,2024,소방안전학과,공학계열,26,64,12
155,2024,스포츠산업학과,사회계열,25,84,25
155,2024,스포츠지도학과,예체능계열,25,49,26
155,2024,운동레저학부,예체능계열,76,205,76
155,2024,임상병리학과,의약계열,52,205,46
155,2024,자율전공학부,공학계열,65,131,55
155,2024,작업치료학과,의약계열,37,99,28
155,2024,전기반도체컴퓨터학부,공학계열,45,116,44
155,2024,종교문화학부,인문계열,16,17,16
155,2024,지역환경산업학과,사회계열,15,7,6
155,2024,항공서비스학과,사회계열,35,113,35
155,2024,항공운항학과,공학계열,31,117,9
155,2024,항공정비학과,공학계열,31,115,29
155,2025,간호학과,의약계열,170,170,170
155,2025,경찰행정학과,사회계열,31,31,31
155,2025,경호학과,예체능계열,24,24,24
155,2025,글로벌사회문화학과,사회계열,76,76,76
155,2025,글로컬융합인재학과,사회계열,32,32,32
155,2025,드론봇군사학과,사회계열,26,28,28
155,2025,만화애니메이션학과,예체능계열,20,21,21
155,2025,무인항공기계학과,공학계열,26,26,26
155,2025,바이오산업학과,자연계열,21,22,22
155,2025,반도체융합학과,공학계열,20,0,0
155,2025,보건복지학과,의약계열,26,26,26
155,2025,뷰티메디컬학과,예체능계열,20,20,20
155,2025,스포츠경영학부,예체능계열,52,52,52
155,2025,운동레저학부,예체능계열,80,81,81
155,2025,융합기계·전기전자부품공학과,공학계열,20,0,0
155,2025,임상병리학과,의약계열,51,48,48
155,2025,자율전공학부,공학계열,48,48,48
155,2025,작업치료학과,의약계열,34,26,26
155,2025,전기반도체컴퓨터공학과,공학계열,31,31,31
155,2025,종교문화학부,인문계열,15,15,15
155,2025,한국어교육문화학과,인문계열,53,53,53
155,2025,항공서비스학과,사회계열,30,30,30
155,2025,항공운항학과,공학계열,22,17,17
155,2025,항공정비학과,공학계열,27,27,27
155,2026,간호학과,의약계열,163,866,171
155,2026,경찰행정학과,사회계열,27,132,28
155,2026,골프과학과,예체능계열,28,83,27
155,2026,글로벌사회문화학과,사회계열,0,299,280
155,2026,글로벌항공서비스학과,사회계열,30,188,31
155,2026,글로컬융합인재학과,사회계열,37,87,39
155,2026,기계항공우주공학과,공학계열,25,62,30
155,2026,기타모집단위,인문계열,68,0,0
155,2026,드론봇군사학과,사회계열,20,76,22
155,2026,만화애니메이션학과,예체능계열,20,142,22
155,2026,바이오산업학과,자연계열,20,81,20
155,2026,보건복지학과,의약계열,25,101,27
155,2026,뷰티메디컬학과,예체능계열,20,154,22
155,2026,스마트농산림학과,자연계열,20,68,23
155,2026,스포츠가라테학과,예체능계열,20,61,23
155,2026,스포츠과학과,예체능계열,24,97,25
155,2026,스포츠산업학과,사회계열,20,84,20
155,2026,스포츠지도학과,예체능계열,30,69,30
155,2026,운동레저학부,예체능계열,55,161,63
155,2026,임상병리학과,의약계열,51,250,52
155,2026,자율전공학부,공학계열,46,156,49
155,2026,작업치료학과,의약계열,34,191,34
155,2026,전기반도체컴퓨터공학과,공학계열,31,160,31
155,2026,종교문화학부,인문계열,15,17,16
155,2026,항공운항학과,공학계열,21,95,21
155,2026,항공정비학과,공학계열,26,183,26
156,2024,초등교육과,교육계열,348,1833,0
156,2025,초등교육과,교육계열,312,1663,0
156,2026,초등교육과,교육계열,312,2473,302
157,2024,간호학과,의약계열,104,790,104
157,2024,기타모집단위,인문계열,10,23,0
157,2024,미래융합대학,사회계열,391,1721,391
157,2024,약학과,의약계열,36,651,36
157,2025,간호학과,의약계열,105,1302,105
157,2025,기타모집단위,인문계열,10,15,0
157,2025,미래융합대학,무전공,419,1911,419
157,2025,약학과,의약계열,36,646,36
157,2026,간호학과,의약계열,109,1245,108
157,2026,미래융합대학,무전공,505,2471,500
157,2026,약학과,의약계열,39,530,39
158,2024,간호학과,의약계열,132,1118,132
158,2024,디지털도시건설학과,공학계열,26,109,26
158,2024,미용예술학과,예체능계열,25,150,25
158,2024,보건안전학과,공학계열,20,86,20
158,2024,부동산경영학과,사회계열,25,124,25
158,2024,사회복지학과,사회계열,25,149,25
158,2024,식품영양학과,자연계열,15,118,15
158,2024,유아교육과,교육계열,30,135,30
158,2024,음악학과,예체능계열,15,40,15
158,2024,응급구조학과,의약계열,20,150,20
158,2024,중국비즈니스학과,사회계열,21,60,21
158,2024,항공정비기계학과,공학계열,20,125,20
158,2025,간호학과,의약계열,132,1096,132
158,2025,디지털도시건설학과,공학계열,31,118,31
158,2025,물리치료학과,의약계열,26,318,26
158,2025,미용예술학과,예체능계열,25,176,25
158,2025,부동산경영학과,사회계열,47,186,47
158,2025,사회복지학과,사회계열,30,122,30
158,2025,스마트팩토리학부,공학계열,35,130,35
158,2025,식품영양학과,자연계열,16,129,16
158,2025,유아교육과,교육계열,26,129,26
158,2025,음악학과,예체능계열,15,41,15
158,2025,응급구조학과,의약계열,20,154,20
158,2025,중국비즈니스학과,사회계열,37,81,37
158,2025,항공정비기계학과,공학계열,21,143,21
158,2026,간호학과,의약계열,133,1329,133
158,2026,글로벌비즈니스학과,사회계열,25,97,37
158,2026,디지털도시건설학과,공학계열,20,100,21
158,2026,물리치료학과,의약계열,31,455,31
158,2026,뮤직공연예술학과,예체능계열,35,83,29
158,2026,미용예술학과,예체능계열,35,202,44
158,2026,부동산경영학과,사회계열,35,253,27
158,2026,사회복지학과,사회계열,53,247,87
158,2026,스마트자산경영학과,사회계열,25,86,28
158,2026,스마트팩토리학과,공학계열,30,147,35
158,2026,스마트팩토리학부,공학계열,0,1,0
158,2026,식품영양학과,자연계열,35,170,26
158,2026,유아교육과,교육계열,25,116,25
158,2026,음악학과,예체능계열,0,1,0
158,2026,응급구조학과,의약계열,25,240,25
158,2026,중국비즈니스학과,사회계열,0,15,0
158,2026,지역산업자율전공학부,무전공,30,92,40
158,2026,항공정비기계학과,공학계열,30,159,31
159,2024,간호학과,의약계열,88,928,87
159,2024,건축공학과,공학계열,39,321,44
159,2024,경영학과,사회계열,49,404,98
159,2024,공간디자인학과,예체능계열,29,141,28
159,2024,공연기획경영학과,사회계열,25,76,25
159,2024,광고홍보학과,사회계열,44,383,51
159,2024,글로벌한국어교육학과,교육계열,25,67,25
159,2024,기타모집단위,인문계열,49,0,0
159,2024,농생명식품융합학과,자연계열,15,21,8
159,2024,멀티미디어학과,공학계열,50,371,54
159,2024,무역물류학과,사회계열,50,374,54
159,2024,뮤지컬학과,예체능계열,27,73,24
159,2024,뮤직트레이너학과,예체능계열,28,70,26
159,2024,미디어커뮤니케이션학과,사회계열,45,231,48
159,2024,방송영화영상학과,예체능계열,39,173,39
159,2024,부동산경영학과,사회계열,28,43,23
159,2024,뷰티산업학과,예체능계열,20,26,14
159,2024,사회복지상담학과,사회계열,24,31,19
159,2024,사회복지학과,사회계열,36,198,37
159,2024,사회적기업학과,사회계열,20,24,14
159,2024,설비소방학과,공학계열,25,233,27
159,2024,스포츠과학과,예체능계열,30,90,30
159,2024,식품영양학과,자연계열,25,132,25
159,2024,연극예술학과,예체능계열,78,232,75
159,2024,자율전공학부,공학계열,49,233,49
159,2024,전자공학과,공학계열,40,371,44
159,2024,창업경영학과,사회계열,20,19,16
159,2024,청소년상담교육학과,사회계열,20,29,14
159,2024,컴퓨터공학과,공학계열,50,449,69
159,2024,토목환경공학과,공학계열,35,360,38
159,2024,패션디자인학과,예체능계열,25,139,25
159,2024,항공서비스경영학과,사회계열,27,302,25
159,2024,호텔조리베이커리경영학과,사회계열,122,623,123
159,2024,화학생명공학과,자연계열,32,255,37
159,2025,간호학과,의약계열,88,952,88
159,2025,건축공학과,공학계열,37,247,38
159,2025,경영학과,사회계열,42,408,56
159,2025,공간디자인학과,예체능계열,33,130,28
159,2025,공연기획경영학과,사회계열,25,83,25
159,2025,광고홍보학과,사회계열,37,300,40
159,2025,글로벌커뮤니케이션학과,인문계열,13,0,0
159,2025,글로벌한국어교육학과,교육계열,18,50,6
159,2025,기타모집단위,인문계열,51,0,0
159,2025,농생명식품융합학과,자연계열,23,10,6
159,2025,멀티미디어학과,공학계열,40,325,42
159,2025,무역물류학과,사회계열,37,275,38
159,2025,뮤직트레이너학과,예체능계열,38,60,26
159,2025,미디어커뮤니케이션학과,사회계열,46,172,37
159,2025,미래융합자율전공학부,무전공,50,349,50
159,2025,방송영화영상학과,예체능계열,31,175,29
159,2025,부동산경영학과,사회계열,27,39,23
159,2025,뷰티산업학과,예체능계열,27,19,10
159,2025,사회복지상담학과,사회계열,20,41,19
159,2025,사회복지학과,사회계열,40,183,39
159,2025,사회적경제학과,사회계열,27,45,22
159,2025,설비소방학과,공학계열,35,217,35
159,2025,스포츠과학과,예체능계열,30,108,30
159,2025,식품영양학과,자연계열,26,163,25
159,2025,연극예술학과,예체능계열,94,208,64
159,2025,자율전공학부,무전공,42,250,42
159,2025,전자공학과,공학계열,38,330,37
159,2025,청소년상담교육학과,사회계열,17,23,12
159,2025,컴퓨터공학과,공학계열,45,356,50
159,2025,토목환경공학과,공학계열,30,301,30
159,2025,패션디자인학과,예체능계열,36,143,26
159,2025,항공서비스경영학과,사회계열,28,233,26
159,2025,호텔조리베이커리경영학과,사회계열,126,782,116
159,2025,화학생명공학과,자연계열,27,252,27
159,2025,e비즈니스창업학과,사회계열,16,26,12
159,2026,간호학과,의약계열,103,1295,101
159,2026,건축공학과,공학계열,34,376,34
159,2026,경영학과,사회계열,62,529,61
159,2026,공간디자인학과,예체능계열,30,131,30
159,2026,공연기획경영학과,사회계열,25,99,25
159,2026,광고홍보학과,사회계열,36,489,35
159,2026,글로벌한국학과,인문계열,19,19,19
159,2026,기타모집단위,인문계열,9,0,0
159,2026,멀티미디어학과,공학계열,44,430,41
159,2026,무역물류학과,사회계열,43,248,42
159,2026,미디어커뮤니케이션학과,사회계열,32,208,32
159,2026,미래융합자율전공학부,무전공,50,703,49
159,2026,바이오융합식품산업학과,자연계열,25,0,0
159,2026,방송영화영상학과,예체능계열,25,214,25
159,2026,부동산경영학과,사회계열,21,20,11
159,2026,뷰티산업학과,예체능계열,20,29,20
159,2026,사회복지상담학과,사회계열,27,37,20
159,2026,사회복지학과,사회계열,41,238,40
159,2026,사회적경제학과,사회계열,27,56,16
159,2026,서비스경영학과,사회계열,5,6,5
159,2026,설비소방학과,공학계열,35,244,34
159,2026,스포츠과학과,예체능계열,38,159,38
159,2026,식품산업관리학과,자연계열,15,14,10
159,2026,식품영양학과,자연계열,25,135,25
159,2026,실용음악과,예체능계열,32,120,30
159,2026,연극예술학과,예체능계열,67,216,65
159,2026,자율전공학부,무전공,40,314,40
159,2026,전자공학과,공학계열,39,268,39
159,2026,청소년상담교육학과,사회계열,20,20,14
159,2026,컴퓨터공학과,공학계열,51,372,50
159,2026,토목환경공학과,공학계열,34,172,34
159,2026,항공서비스경영학과,사회계열,27,374,25
159,2026,호텔외식경영학과,사회계열,15,10,1
159,2026,호텔조리베이커리경영학과,사회계열,121,880,121
159,2026,화학생명공학과,자연계열,27,237,27
159,2026,e비즈니스창업학과,사회계열,20,35,13
160,2024,초등교육학과,교육계열,311,1702,0
160,2025,초등교육학과,교육계열,279,1879,0
160,2026,초등교육학과,교육계열,277,1954,0
161,2024,간호학과,의약계열,117,727,117
161,2024,건축공학과,공학계열,41,210,48
161,2024,건축학과,공학계열,39,224,45
161,2024,경영학과,사회계열,89,379,101
161,2024,경제통상학과,사회계열,46,254,47
161,2024,경찰행정학과,사회계열,45,400,52
161,2024,공예디자인학과,예체능계열,45,192,45
161,2024,관광경영학과,사회계열,66,334,67
161,2024,광고홍보학과,사회계열,112,555,124
161,2024,국어교육과,교육계열,38,153,41
161,2024,군사학과,사회계열,40,145,35
161,2024,기타모집단위,인문계열,195,0,0
161,2024,데이터사이언스학과,공학계열,40,250,41
161,2024,동물보건복지학과,자연계열,40,510,47
161,2024,디지털미디어디자인학과,예체능계열,50,245,50
161,2024,디지털보안학과,공학계열,51,227,51
161,2024,만화애니메이션학과,예체능계열,50,638,50
161,2024,무역학과,사회계열,41,228,43
161,2024,무인항공기학과,공학계열,42,219,46
161,2024,문헌정보학과,인문계열,45,312,52
161,2024,물리치료학과,의약계열,41,317,41
161,2024,바이오의약학과,자연계열,40,241,43
161,2024,방사선학과,의약계열,33,234,33
161,2024,법학과,사회계열,36,235,40
161,2024,사회복지학과,사회계열,58,369,64
161,2024,산업디자인학과,예체능계열,45,240,45
161,2024,생활체육학과,예체능계열,55,169,54
161,2024,수학교육과,교육계열,38,96,40
161,2024,스포츠재활학과,예체능계열,56,185,56
161,2024,시각디자인학과,예체능계열,50,318,50
161,2024,시스템반도체공학과,공학계열,51,244,54
161,2024,신문방송학과,사회계열,60,308,65
161,2024,아트앤패션디자인학과,예체능계열,45,251,45
161,2024,에너지융합공학과,공학계열,46,296,47
161,2024,연극학과,예체능계열,55,1036,55
161,2024,영어영문학과,인문계열,40,216,43
161,2024,영화영상학과,예체능계열,63,595,63
161,2024,응용화학과,자연계열,32,183,33
161,2024,의료경영학과,사회계열,45,276,46
161,2024,인공지능소프트웨어학과,공학계열,58,255,64
161,2024,임상병리학과,의약계열,42,198,42
161,2024,작업치료학과,의약계열,40,270,40
161,2024,전기제어공학과,공학계열,46,242,48
161,2024,전자공학과,공학계열,70,333,71
161,2024,제약공학과,자연계열,61,289,65
161,2024,조경도시학과,공학계열,47,224,47
161,2024,지적학과,자연계열,50,208,54
161,2024,치위생학과,의약계열,40,190,40
161,2024,토목공학과,공학계열,30,160,31
161,2024,항공기계공학과,공학계열,41,212,48
161,2024,항공서비스학과,사회계열,65,372,65
161,2024,항공운항학과,공학계열,30,145,30
161,2024,호텔외식경영학과,사회계열,38,248,44
161,2024,환경공학과,자연계열,31,133,33
161,2024,회계학과,사회계열,47,235,47
161,2025,간호학과,의약계열,147,814,147
161,2025,건축공학과,공학계열,42,207,45
161,2025,건축학과,공학계열,39,248,44
161,2025,경영학과,사회계열,93,545,103
161,2025,경제통상학과,사회계열,44,186,46
161,2025,경찰행정학과,사회계열,46,430,55
161,2025,공예디자인학과,예체능계열,43,214,43
161,2025,관광경영학과,사회계열,66,344,72
161,2025,광고홍보학과,사회계열,91,511,105
161,2025,국어교육과,교육계열,38,183,40
161,2025,군사학과,사회계열,40,142,40
161,2025,기타모집단위,인문계열,195,0,0
161,2025,데이터사이언스학과,공학계열,40,160,41
161,2025,동물보건복지학과,자연계열,40,335,44
161,2025,디지털미디어디자인학과,예체능계열,50,339,50
161,2025,디지털보안학과,공학계열,50,191,55
161,2025,만화애니메이션학과,예체능계열,47,593,47
161,2025,무역학과,사회계열,43,179,44
161,2025,무인항공기학과,공학계열,40,245,42
161,2025,문헌정보학과,인문계열,46,307,50
161,2025,물리치료학과,의약계열,41,341,41
161,2025,바이오의약학과,자연계열,40,250,40
161,2025,방사선학과,의약계열,33,222,33
161,2025,법학과,사회계열,32,207,33
161,2025,사회복지학과,사회계열,55,355,62
161,2025,산업디자인학과,예체능계열,45,216,45
161,2025,생활체육학과,예체능계열,45,190,45
161,2025,수학교육과,교육계열,39,126,41
161,2025,스포츠재활학과,예체능계열,51,221,51
161,2025,시각디자인학과,예체능계열,50,305,50
161,2025,시스템반도체공학과,공학계열,50,248,56
161,2025,신문방송학과,사회계열,56,264,60
161,2025,신소재화학과,공학계열,30,161,32
161,2025,아트앤패션디자인학과,예체능계열,47,312,47
161,2025,에너지융합공학과,공학계열,46,258,51
161,2025,연극학과,예체능계열,55,1174,55
161,2025,영어영문학과,인문계열,33,208,35
161,2025,영화영상학과,예체능계열,60,441,60
161,2025,의료경영학과,사회계열,42,247,48
161,2025,인공지능소프트웨어학과,공학계열,59,269,64
161,2025,임상병리학과,의약계열,42,307,42
161,2025,자유전공학부,무전공,45,262,45
161,2025,작업치료학과,의약계열,40,272,40
161,2025,전기제어공학과,공학계열,47,222,52
161,2025,전자공학과,공학계열,65,370,69
161,2025,제약공학과,자연계열,61,287,65
161,2025,조경학과,공학계열,44,222,46
161,2025,지적학과,자연계열,50,249,55
161,2025,치위생학과,의약계열,43,337,43
161,2025,토목공학과,공학계열,33,151,35
161,2025,항공기계공학과,공학계열,40,283,48
161,2025,항공서비스학과,사회계열,65,470,65
161,2025,항공운항학과,공학계열,30,421,30
161,2025,호텔외식경영학과,사회계열,38,205,39
161,2025,환경공학과,자연계열,30,157,31
161,2025,회계학과,사회계열,45,168,46
161,2026,간호학과,의약계열,151,1038,151
161,2026,건축공학과,공학계열,42,313,45
161,2026,건축학과,공학계열,39,220,47
161,2026,경영학과,사회계열,80,589,93
161,2026,경제통상학과,사회계열,43,248,47
161,2026,경찰행정학과,사회계열,45,442,53
161,2026,공예디자인학과,예체능계열,40,192,40
161,2026,관광경영학과,사회계열,59,369,66
161,2026,광고홍보학과,사회계열,81,570,98
161,2026,국어교육과,교육계열,38,263,40
161,2026,군사학과,사회계열,41,145,41
161,2026,기타모집단위,인문계열,195,0,0
161,2026,데이터사이언스학과,공학계열,36,365,37
161,2026,동물보건복지학과,자연계열,40,322,42
161,2026,디지털미디어디자인학과,예체능계열,51,274,51
161,2026,디지털보안학과,공학계열,52,265,54
161,2026,만화애니메이션학과,예체능계열,47,936,47
161,2026,무역학과,사회계열,46,212,48
161,2026,무인항공기학과,공학계열,40,204,45
161,2026,문헌정보학과,인문계열,45,256,53
161,2026,물리치료학과,의약계열,41,388,41
161,2026,바이오의약학과,자연계열,40,222,43
161,2026,방사선학과,의약계열,33,297,33
161,2026,법학과,사회계열,31,190,34
161,2026,사회복지학과,사회계열,56,403,61
161,2026,산업디자인학과,예체능계열,45,211,45
161,2026,생활체육학과,예체능계열,46,260,46
161,2026,수학교육과,교육계열,38,128,39
161,2026,스포츠재활학과,예체능계열,52,495,52
161,2026,시각디자인학과,예체능계열,50,305,50
161,2026,시스템반도체공학과,공학계열,50,268,55
161,2026,신문방송학과,사회계열,51,258,54
161,2026,신소재화학과,공학계열,30,192,32
161,2026,아트앤패션디자인학과,예체능계열,52,248,52
161,2026,에너지융합공학과,공학계열,48,291,48
161,2026,연극학과,예체능계열,56,1336,56
161,2026,영어영문학과,인문계열,30,181,32
161,2026,영화영상학과,예체능계열,60,646,60
161,2026,의료경영학과,사회계열,40,208,42
161,2026,인공지능소프트웨어학과,공학계열,64,286,67
161,2026,임상병리학과,의약계열,42,305,42
161,2026,자유전공학부,무전공,49,597,49
161,2026,작업치료학과,의약계열,45,204,44
161,2026,전기제어공학과,공학계열,52,346,54
161,2026,전자공학과,공학계열,62,447,64
161,2026,제약공학과,자연계열,55,268,59
161,2026,조경학과,공학계열,40,307,43
161,2026,지적학과,자연계열,51,370,52
161,2026,치위생학과,의약계열,47,365,47
161,2026,토목공학과,공학계열,30,291,31
161,2026,항공기계공학과,공학계열,50,321,59
161,2026,항공서비스학과,사회계열,70,351,70
161,2026,항공운항학과,공학계열,36,397,36
161,2026,호텔외식경영학과,사회계열,35,362,38
161,2026,환경공학과,자연계열,30,173,31
161,2026,회계학과,사회계열,52,204,55
162,2024,간호학과,의약계열,236,1043,172
162,2024,경영학과,사회계열,30,38,16
162,2024,군사학과,사회계열,20,35,8
162,2024,글로벌혁신대학,사회계열,132,201,132
162,2024,뷰티디자인학과,예체능계열,20,70,10
162,2024,사회복지상담학과,사회계열,25,73,19
162,2024,소방행정학과,사회계열,20,31,3
162,2024,의약관리학과,사회계열,20,36,6
162,2024,창의융합대학,인문계열,0,135,68
162,2024,치위생학과,의약계열,32,102,23
162,2024,항공대학,공학계열,156,359,134
162,2024,호텔조리베이커리학과,자연계열,67,219,20
162,2025,간호학과,의약계열,250,851,138
162,2025,군사학과,사회계열,0,41,3
162,2025,글로벌자율전공학부,인문계열,6,6,6
162,2025,뷰티디자인학과,예체능계열,0,56,8
162,2025,사회복지상담학과,사회계열,0,61,9
162,2025,소방행정학과,사회계열,0,32,4
162,2025,스포츠경기지도학과,예체능계열,0,41,18
162,2025,의약관리학과,사회계열,0,54,6
162,2025,창의융합대학,인문계열,175,59,41
162,2025,치위생학과,의약계열,30,82,9
162,2025,평생교육대학,무전공,132,178,132
162,2025,항공관광서비스학과,사회계열,0,30,4
162,2025,항공대학,공학계열,85,36,17
162,2025,항공모빌리티학과,공학계열,0,18,2
162,2025,항공운항학과,공학계열,59,200,51
162,2025,항공정비학과,공학계열,0,77,20
162,2025,호텔조리베이커리학과,자연계열,0,188,23
162,2025,UCC자율전공학부,인문계열,25,34,25
162,2026,간호학과,의약계열,252,1064,207
162,2026,국방·소방·안전학부,사회계열,50,115,20
162,2026,미래평생교육학부,사회계열,80,124,80
162,2026,스포츠과학부,예체능계열,40,90,24
162,2026,웰니스라이프학부,자연계열,75,208,57
162,2026,치위생학과,의약계열,27,100,12
162,2026,항공관광서비스학과,사회계열,20,50,10
162,2026,항공운항학과,공학계열,60,281,56
162,2026,항공학부,공학계열,70,197,49
162,2026,호텔조리관광학부,자연계열,50,175,28
162,2026,UCC자율전공학부,인문계열,32,56,32
163,2024,교회음악과,예체능계열,54,130,54
163,2024,기독교교육과,교육계열,25,189,26
163,2024,기타모집단위,인문계열,52,0,0
163,2024,사회복지학과,사회계열,33,204,45
163,2024,신학과,인문계열,81,427,86
163,2024,아동학과,사회계열,17,77,19
163,2024,역사교육과,교육계열,25,91,27
163,2024,영어교육과,교육계열,25,110,28
163,2024,유아교육과,교육계열,45,167,49
163,2024,중독재활상담학과,사회계열,9,54,10
163,2025,교회음악과,예체능계열,54,177,54
163,2025,기독교교육과,교육계열,26,166,28
163,2025,기타모집단위,인문계열,52,0,0
163,2025,사회복지학과,사회계열,33,237,40
163,2025,신학과,인문계열,77,454,83
163,2025,아동학과,사회계열,17,101,17
163,2025,역사교육과,교육계열,25,118,30
163,2025,영어교육과,교육계열,25,180,26
163,2025,유아교육과,교육계열,44,228,47
163,2025,중독상담학과,사회계열,8,91,10
163,2026,교회음악과,예체능계열,54,179,54
163,2026,기독교교육과,교육계열,27,246,29
163,2026,기타모집단위,인문계열,39,0,0
163,2026,사회복지학과,사회계열,31,262,43
163,2026,신학과,인문계열,78,381,82
163,2026,아동학과,사회계열,17,101,18
163,2026,역사교육과,교육계열,25,141,28
163,2026,영어교육과,교육계열,25,128,28
163,2026,유아교육과,교육계열,45,294,50
163,2026,자율전공학부,무전공,6,30,6
163,2026,중독상담학과,사회계열,8,69,9
164,2024,관현악과,예체능계열,25,219,26
164,2024,국악과,예체능계열,29,175,28
164,2024,기타모집단위,인문계열,5,0,0
164,2024,문예창작과,인문계열,23,567,22
164,2024,미술창작학부,예체능계열,81,762,70
164,2024,성악과,예체능계열,26,167,26
164,2024,융합예술학부,예체능계열,62,377,54
164,2024,작곡과,예체능계열,19,151,16
164,2024,피아노과,예체능계열,25,249,25
164,2025,관현악과,예체능계열,24,201,24
164,2025,국악과,예체능계열,29,140,29
164,2025,국제학부(예술),예체능계열,0,14,0
164,2025,기타모집단위,인문계열,5,0,0
164,2025,문예창작과,인문계열,23,567,22
164,2025,미술창작학부,예체능계열,81,901,69
164,2025,성악과,예체능계열,26,152,26
164,2025,융합예술학부,예체능계열,62,428,55
164,2025,작곡과,예체능계열,19,146,17
164,2025,피아노과,예체능계열,26,303,27
164,2026,관현악과,예체능계열,24,198,24
164,2026,국악과,예체능계열,28,141,28
164,2026,국제학부(예술),예체능계열,9,14,9
164,2026,기타모집단위,인문계열,5,0,0
164,2026,문예창작과,인문계열,23,640,21
164,2026,미술창작학부,예체능계열,83,773,72
164,2026,성악과,예체능계열,25,215,24
164,2026,융합예술학부,예체능계열,63,278,54
164,2026,작곡과,예체능계열,18,141,16
164,2026,피아노과,예체능계열,26,339,26
165,2024,초등교육학과,교육계열,344,1961,0
165,2025,초등교육학과,교육계열,305,1607,0
165,2026,초등교육학과,교육계열,306,2780,0
166,2024,간호학과,의약계열,93,779,93
166,2024,건설공학교육과,교육계열,23,124,22
166,2024,건축학과(5),공학계열,31,392,32
166,2024,경영학부,사회계열,237,1675,237
166,2024,경제학과,사회계열,66,598,65
166,2024,고고학과,인문계열,21,157,20
166,2024,공공안전학전공,사회계열,17,223,16
166,2024,관현악과,예체능계열,25,78,25
166,2024,교육학과,교육계열,17,128,16
166,2024,국사학과,인문계열,21,152,20
166,2024,국어교육과,교육계열,15,92,14
166,2024,국어국문학과,인문계열,45,300,43
166,2024,국제학부,사회계열,21,145,22
166,2024,국토안보학전공,사회계열,30,179,30
166,2024,기계공학교육과,교육계열,34,160,32
166,2024,기계공학부,공학계열,111,860,113
166,2024,기술교육과,교육계열,34,146,33
166,2024,기타모집단위,인문계열,50,0,0
166,2024,농업경제학과,사회계열,32,224,31
166,2024,도시?자치융합학과,사회계열,27,202,26
166,2024,독어독문학과,인문계열,39,486,36
166,2024,동물자원과학부,자연계열,64,853,62
166,2024,디자인창의학과,예체능계열,25,163,25
166,2024,리더십과조직과학전공,사회계열,47,383,24
166,2024,메카트로닉스공학과,공학계열,44,335,42
166,2024,무역학과,사회계열,51,497,49
166,2024,무용학과,예체능계열,23,94,23
166,2024,문헌정보학과,인문계열,26,223,25
166,2024,물리학과,자연계열,65,535,64
166,2024,미생물?분자생명과학과,자연계열,29,270,29
166,2024,바이오시스템기계공학과,공학계열,30,290,29
166,2024,반도체융합학과,공학계열,60,417,60
166,2024,불어불문학과,인문계열,30,300,29
166,2024,사학과,인문계열,32,378,31
166,2024,사회복지학과,사회계열,26,364,26
166,2024,사회학과,사회계열,31,218,31
166,2024,산림환경자원학과,자연계열,29,348,29
166,2024,생명정보융합학과,자연계열,28,184,28
166,2024,생물과학과,자연계열,45,413,45
166,2024,생물환경화학과,자연계열,31,367,29
166,2024,생화학과,자연계열,33,214,33
166,2024,소비자학과,자연계열,29,216,28
166,2024,수의예과,자연계열,57,839,57
166,2024,수학과,자연계열,77,446,76
166,2024,수학교육과,교육계열,16,103,15
166,2024,스마트시티건축공학과,공학계열,56,426,55
166,2024,스포츠과학과,예체능계열,39,144,39
166,2024,식물자원학과,자연계열,31,300,30
166,2024,식품공학과,자연계열,29,282,31
166,2024,식품영양학과,자연계열,40,438,40
166,2024,신소재공학과,공학계열,85,717,83
166,2024,심리학과,인문계열,31,274,31
166,2024,약학과,의약계열,55,1059,55
166,2024,언론정보학과,사회계열,37,291,37
166,2024,언어학과,인문계열,23,245,22
166,2024,에너지공학과,공학계열,40,186,40
166,2024,영어교육과,교육계열,15,111,14
166,2024,영어영문학과,인문계열,79,487,77
166,2024,원예학과,자연계열,29,361,28
166,2024,유기재료공학과,공학계열,88,599,86
166,2024,음악과,예체능계열,38,52,38
166,2024,응용생물학과,자연계열,32,356,30
166,2024,응용화학공학과,공학계열,85,566,84
166,2024,의류학과,자연계열,42,569,40
166,2024,의예과,의약계열,113,1805,113
166,2024,인공지능학과,공학계열,43,417,43
166,2024,인문?사회과학전공,인문계열,16,169,15
166,2024,일어일문학과,인문계열,24,273,23
166,2024,자율운항시스템공학과,공학계열,58,387,56
166,2024,전기?전자?통신공학교육과,교육계열,34,170,33
166,2024,전기공학과,공학계열,48,390,49
166,2024,전자공학과,공학계열,57,416,58
166,2024,전파정보통신공학과,공학계열,70,529,68
166,2024,정보통계학과,자연계열,33,317,32
166,2024,정치외교학과,사회계열,32,292,30
166,2024,조소과,예체능계열,14,143,14
166,2024,중어중문학과,인문계열,42,334,40
166,2024,지역환경토목학과,공학계열,30,285,29
166,2024,지질환경과학과,자연계열,49,470,46
166,2024,천문우주과학과,자연계열,35,368,33
166,2024,철학과,인문계열,34,359,33
166,2024,체육교육과,교육계열,20,65,20
166,2024,컴퓨터융합학부,공학계열,110,1022,115
166,2024,토목공학과,공학계열,49,370,48
166,2024,한문학과,인문계열,23,161,22
166,2024,항공우주공학과,공학계열,43,520,42
166,2024,해양안보학전공,사회계열,40,169,38
166,2024,해양환경과학과,자연계열,32,343,31
166,2024,행정학부,사회계열,65,703,63
166,2024,화학공학교육과,교육계열,18,213,15
166,2024,화학과,자연계열,75,491,72
166,2024,환경공학과,자연계열,42,391,42
166,2024,환경소재공학과,공학계열,27,217,26
166,2024,회화과,예체능계열,26,66,26
166,2025,간호학과,의약계열,93,869,93
166,2025,건설공학교육과,교육계열,23,155,21
166,2025,건축학과(5),공학계열,30,357,30
166,2025,경영학부,사회계열,194,2005,193
166,2025,경제학과,사회계열,55,540,55
166,2025,고고학과,인문계열,18,151,17
166,2025,공공안전융합전공,사회계열,14,120,13
166,2025,공학융합학부,공학계열,116,448,105
166,2025,관현악과,예체능계열,33,86,26
166,2025,교육학과,교육계열,17,149,16
166,2025,국사학과,인문계열,18,201,18
166,2025,국어교육과,교육계열,15,182,14
166,2025,국어국문학과,인문계열,51,502,49
166,2025,국제학부,사회계열,18,188,19
166,2025,국토안보학전공,사회계열,30,217,30
166,2025,기계공학교육과,교육계열,34,242,30
166,2025,기계공학부,공학계열,90,886,88
166,2025,기술경영건설학부,공학계열,15,15,15
166,2025,기술교육과,교육계열,34,175,33
166,2025,기타모집단위,인문계열,50,0,0
166,2025,농생명융합학부,무전공,336,3730,330
166,2025,농업경제학과,사회계열,6,57,6
166,2025,도시?자치융합학과,사회계열,21,244,21
166,2025,독어독문학과,인문계열,34,344,30
166,2025,디자인창의학과,예체능계열,25,184,25
166,2025,리더십과조직과학전공,사회계열,44,239,21
166,2025,메카트로닉스공학과,공학계열,34,273,33
166,2025,무역학과,사회계열,48,368,49
166,2025,무용학과,예체능계열,23,78,23
166,2025,문헌정보학과,인문계열,22,245,22
166,2025,문화와사회융합전공,인문계열,13,135,12
166,2025,물리학과,자연계열,56,441,53
166,2025,미생물?분자생명과학과,자연계열,24,188,24
166,2025,반도체융합학과,공학계열,54,522,50
166,2025,불어불문학과,인문계열,23,256,22
166,2025,사학과,인문계열,26,408,25
166,2025,사회복지학과,사회계열,20,280,20
166,2025,사회학과,사회계열,26,278,26
166,2025,생명정보융합학과,자연계열,21,193,21
166,2025,생물과학과,자연계열,34,321,34
166,2025,생물환경화학과,자연계열,4,32,4
166,2025,생화학과,자연계열,27,265,26
166,2025,소비자학과,자연계열,22,268,21
166,2025,수의예과,자연계열,57,894,57
166,2025,수학과,자연계열,63,495,62
166,2025,수학교육과,교육계열,16,97,15
166,2025,스마트시티건축공학과,공학계열,44,403,42
166,2025,스포츠과학과,예체능계열,38,142,38
166,2025,식품공학과,자연계열,1,3,1
166,2025,식품영양학과,자연계열,30,406,28
166,2025,신소재공학과,공학계열,70,516,69
166,2025,심리학과,인문계열,27,535,27
166,2025,약학과,의약계열,55,1866,55
166,2025,언론정보학과,사회계열,28,358,28
166,2025,언어학과,인문계열,20,178,21
166,2025,에너지공학과,공학계열,35,268,34
166,2025,영어교육과,교육계열,15,105,14
166,2025,영어영문학과,인문계열,67,632,64
166,2025,원예학과,자연계열,4,48,4
166,2025,유기재료공학과,공학계열,70,508,68
166,2025,음악과,예체능계열,43,145,37
166,2025,응용화학공학과,공학계열,69,539,67
166,2025,의류학과,자연계열,36,450,33
166,2025,의예과,의약계열,158,1979,158
166,2025,인공지능학과,공학계열,34,313,34
166,2025,인문사회융합학부,무전공,150,900,148
166,2025,일어일문학과,인문계열,24,235,25
166,2025,자연과학융합학부,자연계열,81,555,79
166,2025,자율운항시스템공학과,공학계열,49,419,45
166,2025,자율전공융합학부,무전공,145,2797,147
166,2025,전기?전자?통신공학교육과,교육계열,34,196,33
166,2025,전기공학과,공학계열,41,371,41
166,2025,전자공학과,공학계열,48,447,48
166,2025,정보통계학과,자연계열,26,197,25
166,2025,정보통신융합학부,공학계열,56,745,84
166,2025,정치외교학과,사회계열,25,240,25
166,2025,조소과,예체능계열,14,89,14
166,2025,중어중문학과,인문계열,37,317,32
166,2025,지질환경과학과,자연계열,39,388,38
166,2025,천문우주과학과,자연계열,28,394,26
166,2025,철학과,인문계열,38,345,29
166,2025,첨단융합학부,무전공,55,245,75
166,2025,체육교육과,교육계열,20,63,20
166,2025,컴퓨터융합학부,공학계열,89,880,89
166,2025,토목공학과,공학계열,40,513,40
166,2025,한문학과,인문계열,24,240,21
166,2025,항공우주공학과,공학계열,36,372,35
166,2025,해양안보학전공,사회계열,40,231,40
166,2025,해양환경과학과,자연계열,29,399,26
166,2025,행정학부,사회계열,53,549,53
166,2025,화학공학교육과,교육계열,18,127,15
166,2025,화학과,자연계열,62,512,60
166,2025,환경공학과,자연계열,33,308,33
166,2025,회화과,예체능계열,26,150,26
166,2026,간호학과,의약계열,93,757,93
166,2026,건설공학교육과,교육계열,23,535,22
166,2026,건축학과(5),공학계열,31,234,31
166,2026,경영학부,사회계열,191,1381,190
166,2026,경제학과,사회계열,55,468,54
166,2026,고고학과,인문계열,18,195,16
166,2026,공공안전융합전공,사회계열,14,124,13
166,2026,공학융합학부,공학계열,83,686,83
166,2026,관현악과,예체능계열,33,131,27
166,2026,교육학과,교육계열,17,234,16
166,2026,국사학과,인문계열,18,267,18
166,2026,국어교육과,교육계열,15,606,14
166,2026,국어국문학과,인문계열,52,329,47
166,2026,국제학부,사회계열,24,170,24
166,2026,국토안보학전공,사회계열,30,207,30
166,2026,기계공학교육과,교육계열,34,374,33
166,2026,기계공학부,공학계열,90,856,89
166,2026,기술경영건설학부,공학계열,25,12,12
166,2026,기술교육과,교육계열,34,200,32
166,2026,농생명융합학부,무전공,337,2891,334
166,2026,농업경제학과,사회계열,4,64,4
166,2026,도시·자치융합학과,사회계열,21,260,21
166,2026,독어독문학과,인문계열,34,321,30
166,2026,디자인창의학과,예체능계열,25,152,25
166,2026,리더십과조직과학전공,사회계열,45,362,23
166,2026,메카트로닉스공학과,공학계열,33,252,33
166,2026,무역학과,사회계열,59,414,57
166,2026,무용학과,예체능계열,23,79,23
166,2026,문헌정보학과,인문계열,22,221,21
166,2026,문화와사회융합전공,인문계열,13,336,12
166,2026,물리학과,자연계열,57,646,55
166,2026,미생물·분자생명과학과,자연계열,24,218,24
166,2026,반도체융합학과,공학계열,66,841,63
166,2026,불어불문학과,인문계열,23,234,22
166,2026,사학과,인문계열,26,268,25
166,2026,사회복지학과,사회계열,23,195,21
166,2026,사회학과,사회계열,26,265,25
166,2026,생명정보융합학과,자연계열,27,515,27
166,2026,생물과학과,자연계열,35,502,35
166,2026,생물환경화학과,자연계열,4,44,4
166,2026,생화학과,자연계열,26,287,26
166,2026,소비자학과,자연계열,22,256,21
166,2026,수의예과,자연계열,57,879,57
166,2026,수학과,자연계열,63,522,62
166,2026,수학교육과,교육계열,16,103,15
166,2026,스마트시티건축공학과,공학계열,54,421,53
166,2026,스포츠과학과,예체능계열,41,361,39
166,2026,식품공학과,자연계열,0,4,1
166,2026,식품영양학과,자연계열,32,314,30
166,2026,신소재공학과,공학계열,96,666,96
166,2026,심리학과,인문계열,26,294,26
166,2026,약학과,의약계열,55,858,54
166,2026,언론정보학과,사회계열,34,266,34
166,2026,언어학과,인문계열,20,241,18
166,2026,에너지공학과,공학계열,43,436,43
166,2026,영어교육과,교육계열,15,188,14
166,2026,영어영문학과,인문계열,68,513,65
166,2026,원예학과,자연계열,4,58,4
166,2026,유기재료공학과,공학계열,71,441,70
166,2026,음악과,예체능계열,43,144,38
166,2026,응용화학공학과,공학계열,70,364,70
166,2026,의류학과,자연계열,37,338,34
166,2026,의예과,의약계열,113,1601,113
166,2026,인문사회융합학부,무전공,156,1043,156
166,2026,일어일문학과,인문계열,22,313,21
166,2026,자연과학융합학부,자연계열,84,447,84
166,2026,자율운항시스템공학과,공학계열,61,734,56
166,2026,자율전공융합학부,무전공,119,1171,119
166,2026,전기·전자·통신공학교육과,교육계열,34,321,33
166,2026,전기공학과,공학계열,40,327,40
166,2026,전자공학과,공학계열,45,603,45
166,2026,정보통계학과,자연계열,26,189,25
166,2026,정보통신융합학부,공학계열,105,730,105
166,2026,정치외교학과,사회계열,28,262,28
166,2026,조소과,예체능계열,14,130,14
166,2026,중어중문학과,인문계열,36,307,32
166,2026,지질환경과학과,자연계열,39,368,37
166,2026,천문우주과학과,자연계열,29,326,27
166,2026,철학과,인문계열,38,329,27
166,2026,체육교육과,교육계열,20,99,20
166,2026,컴퓨터인공지능학부,공학계열,183,1442,183
166,2026,토목공학과,공학계열,41,322,41
166,2026,한문학과,인문계열,24,210,22
166,2026,항공우주공학과,공학계열,34,395,34
166,2026,해양안보학전공,사회계열,40,220,40
166,2026,해양환경과학과,자연계열,29,403,27
166,2026,행정학부,사회계열,53,881,53
166,2026,화학공학교육과,교육계열,18,204,16
166,2026,화학과,자연계열,62,508,60
166,2026,환경공학과,자연계열,33,301,33
166,2026,환경소재공학과,공학계열,1,1,1
166,2026,회화과,예체능계열,26,173,26
167,2024,간호학과,의약계열,61,575,61
167,2024,건축공학과,공학계열,44,459,43
167,2024,건축학과,공학계열,34,391,35
167,2024,경영정보학과,사회계열,49,436,48
167,2024,경영학부,사회계열,144,1334,144
167,2024,경제학과,사회계열,49,370,48
167,2024,고고미술사학과,인문계열,26,215,25
167,2024,공업화학과,공학계열,39,288,38
167,2024,교육학과,교육계열,16,160,16
167,2024,국어교육과,교육계열,27,230,27
167,2024,국어국문학과,인문계열,31,298,30
167,2024,국제경영학과,사회계열,86,557,87
167,2024,기계공학부,공학계열,79,667,78
167,2024,농업경제학과,사회계열,32,241,31
167,2024,도시공학과,공학계열,47,324,47
167,2024,독일언어문화학과,인문계열,31,417,31
167,2024,동양화전공,예체능계열,10,23,11
167,2024,디자인학과,예체능계열,9,71,9
167,2024,러시아언어문화학과,인문계열,25,237,24
167,2024,목재?종이과학과,자연계열,26,308,24
167,2024,물리교육과,교육계열,16,117,16
167,2024,물리학과,자연계열,42,445,41
167,2024,미생물학과,자연계열,38,262,37
167,2024,바이오시스템공학과,자연계열,31,239,31
167,2024,바이오헬스학부,자연계열,73,527,72
167,2024,반도체공학부,공학계열,95,539,94
167,2024,사학과,인문계열,24,331,24
167,2024,사회교육과,교육계열,16,134,16
167,2024,사회학과,사회계열,30,304,30
167,2024,산림학과,자연계열,31,326,30
167,2024,생물교육과,교육계열,16,150,16
167,2024,생물학과,자연계열,40,314,39
167,2024,생화학과,자연계열,37,238,36
167,2024,서양화전공,예체능계열,9,40,9
167,2024,소비자학과,자연계열,21,287,21
167,2024,소프트웨어학부,공학계열,102,729,102
167,2024,수의예과,자연계열,51,1180,51
167,2024,수학과,자연계열,36,326,36
167,2024,수학교육과,교육계열,26,193,26
167,2024,식물의학과,자연계열,34,271,33
167,2024,식물자원학과,자연계열,34,428,34
167,2024,식품생명공학과,자연계열,36,291,35
167,2024,식품영양학과,자연계열,27,282,27
167,2024,신소재공학과,공학계열,40,300,38
167,2024,심리학과,인문계열,37,419,37
167,2024,아동복지학과,사회계열,27,287,26
167,2024,안전공학과,공학계열,40,284,39
167,2024,약학과,의약계열,28,414,28
167,2024,역사교육과,교육계열,17,133,17
167,2024,영어교육과,교육계열,26,198,26
167,2024,영어영문학과,인문계열,31,246,30
167,2024,원예과학과,자연계열,35,447,35
167,2024,윤리교육과,교육계열,16,99,16
167,2024,의류학과,자연계열,26,313,25
167,2024,의예과,의약계열,49,572,49
167,2024,자율전공학부(인문?자연),인문계열,55,543,55
167,2024,전기공학부,공학계열,70,583,70
167,2024,전자공학과,공학계열,47,354,47
167,2024,정보통계학과,자연계열,36,397,36
167,2024,정보통신공학부,공학계열,122,854,121
167,2024,정치외교학과,사회계열,32,236,32
167,2024,제약학과,의약계열,28,395,28
167,2024,조소전공,예체능계열,10,37,10
167,2024,주거환경학과,자연계열,22,238,21
167,2024,중어중문학과,인문계열,29,194,28
167,2024,지구과학교육과,교육계열,16,153,16
167,2024,지구환경과학과,자연계열,29,294,29
167,2024,지능로봇공학과,공학계열,46,346,45
167,2024,지리교육과,교육계열,16,143,16
167,2024,지역건설공학과,공학계열,32,336,31
167,2024,지역건설공학과 농촌관광개발전공,자연계열,20,20,13
167,2024,천문우주학과,자연계열,29,253,29
167,2024,철학과,인문계열,26,214,26
167,2024,체육교육과,교육계열,25,93,25
167,2024,축산학과,자연계열,41,415,41
167,2024,컴퓨터공학과,공학계열,61,396,58
167,2024,토목공학부,공학계열,115,1049,113
167,2024,특용식물학과,자연계열,27,210,27
167,2024,프랑스언어문화학과,인문계열,28,220,27
167,2024,행정학과,사회계열,34,260,34
167,2024,화학공학과,공학계열,40,290,40
167,2024,화학과,자연계열,46,355,46
167,2024,화학교육과,교육계열,16,111,16
167,2024,환경공학과,자연계열,38,418,37
167,2024,환경생명화학과,자연계열,34,562,33
167,2025,간호학과,의약계열,62,1049,63
167,2025,건축공학과,공학계열,40,383,39
167,2025,건축학과,공학계열,33,499,32
167,2025,경영정보학과,사회계열,47,413,45
167,2025,경영학부,사회계열,129,1459,127
167,2025,경영학자율전공학부,사회계열,11,80,11
167,2025,경제학과,사회계열,52,391,51
167,2025,고고미술사학과,인문계열,25,266,25
167,2025,공업화학과,공학계열,34,242,33
167,2025,공학자율전공학부,공학계열,61,580,61
167,2025,교육학과,교육계열,16,156,16
167,2025,국어교육과,교육계열,27,387,27
167,2025,국어국문학과,인문계열,29,380,30
167,2025,국제경영학과,사회계열,87,821,87
167,2025,기계공학부,공학계열,66,722,66
167,2025,농업경제학과,사회계열,30,327,30
167,2025,농업생명환경자율전공학부,자연계열,10,142,10
167,2025,도시공학과,공학계열,41,447,41
167,2025,독일언어문화학과,인문계열,30,414,30
167,2025,동양화전공,예체능계열,10,58,10
167,2025,디자인학과,예체능계열,9,97,9
167,2025,러시아언어문화학과,인문계열,28,246,27
167,2025,목재?종이과학과,자연계열,26,326,25
167,2025,물리교육과,교육계열,16,135,16
167,2025,물리학과,자연계열,40,364,39
167,2025,미생물학과,자연계열,37,226,38
167,2025,바이오시스템공학과,자연계열,31,467,30
167,2025,바이오헬스학부,자연계열,73,569,72
167,2025,반도체공학부,공학계열,49,459,48
167,2025,사학과,인문계열,24,319,24
167,2025,사회과학자율전공학부,사회계열,3,31,3
167,2025,사회교육과,교육계열,16,128,16
167,2025,사회학과,사회계열,30,466,29
167,2025,산림학과,자연계열,30,499,29
167,2025,생물교육과,교육계열,16,128,16
167,2025,생물학과,자연계열,38,258,37
167,2025,생화학과,자연계열,35,239,35
167,2025,생활과학자율전공학부,자연계열,2,24,2
167,2025,서양화전공,예체능계열,10,78,10
167,2025,소비자학과,자연계열,22,439,22
167,2025,소프트웨어학부,공학계열,75,557,77
167,2025,수의예과,자연계열,51,834,51
167,2025,수학과,자연계열,36,414,35
167,2025,수학교육과,교육계열,26,241,26
167,2025,식물의학과,자연계열,33,386,31
167,2025,식물자원학과,자연계열,32,300,31
167,2025,식품생명공학과,자연계열,33,290,34
167,2025,식품영양학과,자연계열,26,491,26
167,2025,신소재공학과,공학계열,32,268,31
167,2025,심리학과,인문계열,32,317,32
167,2025,아동복지학과,사회계열,25,254,24
167,2025,안전공학과,공학계열,33,295,33
167,2025,약학과,의약계열,28,1173,28
167,2025,역사교육과,교육계열,17,160,17
167,2025,영어교육과,교육계열,26,195,26
167,2025,영어영문학과,인문계열,31,425,31
167,2025,원예과학과,자연계열,34,643,34
167,2025,윤리교육과,교육계열,16,179,16
167,2025,의류학과,자연계열,24,405,24
167,2025,의예과,의약계열,126,2115,126
167,2025,인문학자율전공학부,인문계열,5,75,5
167,2025,자연과학자율전공학부,자연계열,7,82,7
167,2025,자율전공학부(인문사회자율전공계열),무전공,59,621,58
167,2025,자율전공학부(자연과학자율전공계열),무전공,172,1441,171
167,2025,전기공학부,공학계열,59,584,57
167,2025,전자공학과,공학계열,42,414,42
167,2025,전자정보자율전공학부,공학계열,63,866,63
167,2025,정보통계학과,자연계열,35,232,35
167,2025,정보통신공학부,공학계열,102,861,101
167,2025,정치외교학과,사회계열,32,322,32
167,2025,제약학과,의약계열,28,562,28
167,2025,조소전공,예체능계열,9,100,9
167,2025,주거환경학과,자연계열,22,223,22
167,2025,중어중문학과,인문계열,33,314,32
167,2025,지구과학교육과,교육계열,16,156,16
167,2025,지구환경과학과,자연계열,29,316,29
167,2025,지능로봇공학과,공학계열,38,276,37
167,2025,지리교육과,교육계열,16,240,16
167,2025,지역건설공학과,공학계열,30,586,30
167,2025,지역건설공학과 농촌관광개발전공,자연계열,20,19,7
167,2025,천문우주학과,자연계열,29,324,29
167,2025,철학과,인문계열,26,296,25
167,2025,체육교육과,교육계열,25,102,25
167,2025,축산학과,자연계열,39,567,37
167,2025,컴퓨터공학과,공학계열,57,380,55
167,2025,토목공학부,공학계열,99,1217,98
167,2025,특용식물학과,자연계열,27,243,26
167,2025,프랑스언어문화학과,인문계열,27,279,26
167,2025,행정학과,사회계열,31,468,32
167,2025,화학공학과,공학계열,33,247,32
167,2025,화학과,자연계열,44,421,43
167,2025,화학교육과,교육계열,17,125,17
167,2025,환경공학과,자연계열,33,434,32
167,2025,환경생명화학과,자연계열,32,315,31
167,2026,간호학과,의약계열,61,658,78
167,2026,건축공학과,공학계열,39,378,39
167,2026,건축학과,공학계열,30,320,29
167,2026,경영정보학과,사회계열,49,382,48
167,2026,경영학부,사회계열,130,1084,130
167,2026,경영학자율전공학부,사회계열,8,191,8
167,2026,경제학과,사회계열,43,397,43
167,2026,고고미술사학과,인문계열,25,534,25
167,2026,공업화학과,공학계열,34,242,32
167,2026,공학자율전공학부,공학계열,59,658,59
167,2026,교육학과,교육계열,16,182,16
167,2026,국어교육과,교육계열,27,288,26
167,2026,국어국문학과,인문계열,29,327,29
167,2026,국제경영학과,사회계열,87,961,85
167,2026,국제학부(글로벌교육학),교육계열,37,50,37
167,2026,국제학부(융합소프트웨어),공학계열,24,43,24
167,2026,글로벌K컬처학과,인문계열,2,3,2
167,2026,기계공학부,공학계열,65,732,65
167,2026,농업경제학과,사회계열,30,330,30
167,2026,농업생명환경자율전공학부,자연계열,10,431,10
167,2026,도시공학과,공학계열,41,375,43
167,2026,독일언어문화학과,인문계열,30,337,30
167,2026,동양화전공,예체능계열,9,52,9
167,2026,디자인학과,예체능계열,9,68,9
167,2026,러시아언어문화학과,인문계열,24,225,24
167,2026,목재·종이과학과,자연계열,26,419,25
167,2026,물리교육과,교육계열,16,119,16
167,2026,물리학과,자연계열,40,408,39
167,2026,미생물학과,자연계열,37,239,36
167,2026,바이오시스템공학과,자연계열,30,580,28
167,2026,바이오헬스학부,자연계열,73,696,72
167,2026,반도체공학부,공학계열,50,672,49
167,2026,사학과,인문계열,24,255,24
167,2026,사회과학자율전공학부,사회계열,3,48,3
167,2026,사회교육과,교육계열,16,162,16
167,2026,사회학과,사회계열,30,463,30
167,2026,산림학과,자연계열,30,699,30
167,2026,생물교육과,교육계열,16,113,16
167,2026,생물학과,자연계열,38,253,39
167,2026,생화학과,자연계열,35,230,35
167,2026,생활과학자율전공학부,자연계열,2,28,2
167,2026,서양화전공,예체능계열,10,91,10
167,2026,소비자학과,자연계열,22,294,23
167,2026,소프트웨어학부,공학계열,73,535,72
167,2026,수의예과,자연계열,47,520,47
167,2026,수학과,자연계열,35,326,34
167,2026,수학교육과,교육계열,26,654,26
167,2026,식물의학과,자연계열,32,284,32
167,2026,식물자원학과,자연계열,32,331,32
167,2026,식품생명공학과,자연계열,33,363,33
167,2026,식품영양학과,자연계열,24,298,24
167,2026,신소재공학과,공학계열,32,418,31
167,2026,심리학과,인문계열,29,400,36
167,2026,아동복지학과,사회계열,25,264,23
167,2026,안전공학과,공학계열,33,257,33
167,2026,약학과,의약계열,28,988,28
167,2026,역사교육과,교육계열,17,219,17
167,2026,영어교육과,교육계열,26,591,25
167,2026,영어영문학과,인문계열,28,330,27
167,2026,원예과학과,자연계열,34,497,34
167,2026,윤리교육과,교육계열,16,159,16
167,2026,의류학과,자연계열,26,338,26
167,2026,의예과,의약계열,50,612,50
167,2026,인문학자율전공학부,인문계열,5,81,5
167,2026,자연과학자율전공학부,자연계열,7,155,7
167,2026,자율전공학부(인문사회자율전공계열),무전공,62,1471,61
167,2026,자율전공학부(자연과학자율전공계열),무전공,182,2871,180
167,2026,전기공학부,공학계열,56,400,56
167,2026,전자공학과,공학계열,40,450,39
167,2026,전자정보자율전공학부,공학계열,61,407,61
167,2026,정보통계학과,자연계열,39,563,39
167,2026,정보통신공학부,공학계열,100,807,99
167,2026,정치외교학과,사회계열,31,311,30
167,2026,제약학과,의약계열,28,326,28
167,2026,조소전공,예체능계열,10,125,10
167,2026,주거환경학과,자연계열,22,209,22
167,2026,중어중문학과,인문계열,28,332,28
167,2026,지구과학교육과,교육계열,16,130,16
167,2026,지구환경과학과,자연계열,29,293,28
167,2026,지능로봇공학과,공학계열,39,466,38
167,2026,지리교육과,교육계열,16,186,16
167,2026,지역건설공학과,공학계열,30,517,30
167,2026,지역건설공학과 농촌관광개발전공,자연계열,20,31,18
167,2026,천문우주학과,자연계열,29,314,28
167,2026,철학과,인문계열,27,294,27
167,2026,체육교육과,교육계열,25,161,25
167,2026,축산학과,자연계열,39,562,40
167,2026,컴퓨터공학과,공학계열,38,277,37
167,2026,토목공학부,공학계열,98,1127,97
167,2026,특용식물학과,자연계열,27,323,26
167,2026,프랑스언어문화학과,인문계열,27,453,27
167,2026,행정학과,사회계열,30,303,30
167,2026,화학공학과,공학계열,33,205,32
167,2026,화학과,자연계열,44,313,43
167,2026,화학교육과,교육계열,17,123,16
167,2026,환경공학과,자연계열,33,295,32
167,2026,환경생명화학과,자연계열,32,359,31
168,2024,글로벌문화경영학과,인문계열,486,658,486
168,2024,복지상담학과,사회계열,15,41,15
168,2024,스포츠지도학과,예체능계열,20,56,20
168,2024,신학과,인문계열,25,45,23
168,2024,애완동물학과,자연계열,31,81,26
168,2025,글로벌문화경영학과,인문계열,268,407,267
168,2025,사회복지학과,사회계열,15,63,15
168,2025,스포츠지도학과,예체능계열,25,80,25
168,2025,신학과,인문계열,34,61,33
168,2025,애완동물학과,자연계열,26,97,21
168,2026,글로벌문화경영학과,인문계열,176,227,176
168,2026,사회복지학과,사회계열,15,68,15
168,2026,스포츠지도학과,예체능계열,20,106,20
168,2026,신학과,인문계열,40,74,36
168,2026,애완동물학과,자연계열,25,117,20
169,2024,경영학과,사회계열,44,517,44
169,2024,광고홍보학과,사회계열,39,402,39
169,2024,국제무역행정학과,사회계열,31,187,31
169,2024,국제물류학과,사회계열,35,203,35
169,2024,국제지역학부,인문계열,84,486,84
169,2024,글로벌자율전공학부,인문계열,20,88,20
169,2024,데이터정보학과,공학계열,41,195,41
169,2024,도시계획부동산학과,사회계열,31,178,31
169,2024,미디어디자인학과,예체능계열,42,297,42
169,2024,사회복지학과,사회계열,47,445,47
169,2024,스마트모빌리티학과,공학계열,46,280,47
169,2024,스마트콘텐츠학과,공학계열,45,175,45
169,2024,신학과,인문계열,10,67,10
169,2024,실용음악학과,예체능계열,26,149,26
169,2024,아동?청소년교육상담학과,사회계열,32,247,32
169,2024,연극영화과,예체능계열,35,453,35
169,2024,융합소프트웨어학과,공학계열,47,411,46
169,2024,음악학과,예체능계열,19,85,19
169,2024,재활상담학과,사회계열,32,287,32
169,2024,정보통신학과,공학계열,41,310,42
169,2024,커뮤니케이션디자인학과,예체능계열,32,587,32
169,2024,패션디자인및브랜딩학과,예체능계열,31,328,31
169,2024,ICT환경융합학과,자연계열,41,179,41
169,2025,경영학과,사회계열,37,367,37
169,2025,광고홍보학과,사회계열,37,405,37
169,2025,국제무역행정학과,사회계열,27,256,27
169,2025,국제물류학과,사회계열,32,183,32
169,2025,국제지역학부,인문계열,68,530,68
169,2025,글로벌자율전공학부,인문계열,71,494,64
169,2025,데이터정보학과,공학계열,37,205,37
169,2025,도시계획부동산학과,사회계열,27,203,27
169,2025,미디어디자인학과,예체능계열,42,318,42
169,2025,사회복지학과,사회계열,41,486,41
169,2025,스마트모빌리티학과,공학계열,37,245,37
169,2025,스마트콘텐츠학과,공학계열,36,237,36
169,2025,신학과,인문계열,8,38,8
169,2025,실용음악학과,예체능계열,26,160,26
169,2025,아동?청소년교육상담학과,사회계열,32,305,32
169,2025,연극영화과,예체능계열,35,616,35
169,2025,융합소프트웨어학과,공학계열,42,276,42
169,2025,음악학과,예체능계열,17,80,17
169,2025,인문사회계열,인문계열,31,215,31
169,2025,재활상담학과,사회계열,29,259,29
169,2025,정보통신학과,공학계열,37,242,37
169,2025,지능형반도체학과,공학계열,37,232,37
169,2025,커뮤니케이션디자인학과,예체능계열,32,556,32
169,2025,패션디자인및브랜딩학과,예체능계열,31,408,31
169,2025,ICT환경융합학과,자연계열,36,263,36
169,2025,IT공학계열,무전공,29,82,29
169,2026,경영학과,사회계열,39,396,39
169,2026,광고홍보학과,사회계열,37,680,37
169,2026,국제무역행정학과,사회계열,26,194,26
169,2026,국제물류학과,사회계열,34,182,34
169,2026,국제지역및신학자율전공학부,인문계열,52,402,52
169,2026,글로벌자율전공학부,인문계열,64,470,64
169,2026,데이터정보학과,공학계열,37,325,37
169,2026,도시계획부동산학과,사회계열,27,235,27
169,2026,동아시아융합자율전공학부,무전공,39,252,39
169,2026,미디어디자인학과,예체능계열,39,246,39
169,2026,사회복지학과,사회계열,44,552,44
169,2026,스마트모빌리티학과,공학계열,37,262,37
169,2026,스마트콘텐츠학과,공학계열,36,275,36
169,2026,실용음악학과,예체능계열,26,238,26
169,2026,아동·청소년교육상담학과,사회계열,31,291,31
169,2026,연극영화과,예체능계열,35,712,36
169,2026,융합소프트웨어학과,공학계열,41,350,41
169,2026,음악학과,예체능계열,17,99,17
169,2026,인문사회자율전공,무전공,21,203,21
169,2026,재활상담학과,사회계열,31,354,30
169,2026,정보통신학과,공학계열,36,208,36
169,2026,지능형반도체학과,공학계열,38,318,38
169,2026,커뮤니케이션디자인학과,예체능계열,33,471,33
169,2026,패션디자인및브랜딩학과,예체능계열,31,357,33
169,2026,ICT환경융합학과,자연계열,36,400,36
169,2026,IT공학자율전공,무전공,21,200,21
170,2024,단일계열,공학계열,340,2770,329
170,2024,반도체공학과,공학계열,40,409,39
170,2025,단일계열,공학계열,330,3097,321
170,2025,반도체공학과,공학계열,40,456,40
170,2026,단일계열,공학계열,328,3058,328
170,2026,반도체공학과,공학계열,38,495,38
171,2024,건설환경공학부,공학계열,85,525,85
171,2024,건축공학전공,공학계열,19,126,20
171,2024,건축학전공,공학계열,24,185,24
171,2024,귀금속보석공예전공,예체능계열,15,143,15
171,2024,글로벌창의인재학부,사회계열,0,35,18
171,2024,기타모집단위,인문계열,99,0,0
171,2024,기타모집단위(평택),인문계열,11,0,0
171,2024,노동복지전공,사회계열,0,17,15
171,2024,동물생명융합학부,자연계열,69,487,69
171,2024,법경영학부,사회계열,88,690,89
171,2024,사회복지학전공,사회계열,14,118,14
171,2024,사회안전시스템공학부,공학계열,80,441,79
171,2024,사회통합학부 공공행정전공,사회계열,13,36,8
171,2024,상담심리학전공,인문계열,13,27,10
171,2024,생명공학부,자연계열,65,343,65
171,2024,시각미디어디자인전공,예체능계열,55,393,57
171,2024,식물자원조경학부,자연계열,99,591,99
171,2024,식품생명공학전공,자연계열,26,168,31
171,2024,식품생명화학공학부,자연계열,94,600,95
171,2024,실용음악학전공,예체능계열,14,41,13
171,2024,웰니스산업융합학부,자연계열,94,635,96
171,2024,유아특수보육학전공,교육계열,15,153,15
171,2024,융합레포츠전공,예체능계열,0,17,17
171,2024,의료재활공학전공,의약계열,16,270,16
171,2024,인문융합공공인재학부,인문계열,87,750,87
171,2024,전자전기공학부,공학계열,84,554,86
171,2024,정보보안전공,사회계열,15,101,15
171,2024,제품공간디자인전공,예체능계열,19,164,19
171,2024,컴퓨터응용수학부,공학계열,78,496,80
171,2024,토목공학전공,공학계열,21,97,31
171,2024,특수체육학전공,예체능계열,13,21,11
171,2024,한국수어교육전공,교육계열,14,59,14
171,2024,AI반도체융합전공,공학계열,33,206,33
171,2024,ICT로봇기계공학부,공학계열,82,560,82
171,2025,건설환경공학부,공학계열,17,147,17
171,2025,건축공학전공,공학계열,15,127,15
171,2025,건축융합학부,공학계열,7,37,7
171,2025,건축학전공,공학계열,18,194,18
171,2025,경영학전공,사회계열,30,303,30
171,2025,귀금속보석공예전공,예체능계열,15,78,15
171,2025,글로벌창의인재학부,사회계열,4,6,4
171,2025,기계공학전공,공학계열,21,114,21
171,2025,기타모집단위,인문계열,101,0,0
171,2025,기타모집단위(평택),인문계열,4,0,0
171,2025,노동복지전공,사회계열,0,20,18
171,2025,동물생명과학전공,자연계열,26,202,26
171,2025,동물생명융합학부,자연계열,12,152,11
171,2025,동물응용과학전공,자연계열,25,138,25
171,2025,문예창작미디어콘텐츠홍보전공,인문계열,18,318,18
171,2025,법경영학부,사회계열,17,158,17
171,2025,법학전공,사회계열,33,196,33
171,2025,복지상담학전공,사회계열,18,146,18
171,2025,사회복지학전공,사회계열,14,111,14
171,2025,사회안전시스템공학부,공학계열,13,148,13
171,2025,사회통합학부 공공행정전공,사회계열,14,53,14
171,2025,상담심리교육전공,인문계열,14,36,13
171,2025,생명공학부,자연계열,10,117,10
171,2025,소프트웨어&서비스컴퓨팅전공,공학계열,22,218,22
171,2025,소프트웨어융합전공,공학계열,18,177,18
171,2025,스포츠과학전공,예체능계열,18,157,18
171,2025,시각미디어디자인전공,예체능계열,55,395,55
171,2025,식물생명환경전공,자연계열,41,198,41
171,2025,식물자원조경학부,자연계열,16,152,16
171,2025,식품생명공학전공,자연계열,47,240,47
171,2025,식품생명화학공학부,자연계열,20,131,20
171,2025,식품영양학전공,자연계열,18,138,18
171,2025,실용음악학전공,예체능계열,13,58,13
171,2025,안전공학전공,공학계열,40,186,40
171,2025,영미언어문화전공,인문계열,23,135,23
171,2025,원예생명공학전공,자연계열,28,100,28
171,2025,웰니스산업융합학부,자연계열,14,152,14
171,2025,유아특수보육학전공,교육계열,16,76,15
171,2025,융합레포츠전공,예체능계열,0,17,15
171,2025,응용생명공학전공,자연계열,20,123,20
171,2025,응용수학전공,자연계열,18,119,18
171,2025,의료재활공학전공,의약계열,16,172,16
171,2025,의류산업학전공,자연계열,18,170,18
171,2025,인문융합공공인재학부,인문계열,15,234,15
171,2025,전기공학전공,공학계열,21,110,21
171,2025,전자공학전공,공학계열,40,213,40
171,2025,전자전기공학부,공학계열,14,123,14
171,2025,정보보안전공,사회계열,12,209,12
171,2025,제품공간디자인전공,예체능계열,19,139,19
171,2025,조경학전공,공학계열,29,154,29
171,2025,지역자원시스템공학전공,공학계열,20,112,20
171,2025,컴퓨터응용수학부,공학계열,17,174,17
171,2025,토목공학전공,공학계열,42,182,42
171,2025,특수체육학전공,예체능계열,13,42,13
171,2025,한국수어교육전공,교육계열,14,88,13
171,2025,행정학전공,사회계열,23,127,23
171,2025,화학공학전공,공학계열,40,161,40
171,2025,환경공학전공,자연계열,35,186,35
171,2025,AI반도체융합전공,공학계열,34,192,33
171,2025,HK자율전공학부,무전공,105,971,105
171,2025,ICT로봇공학전공,공학계열,40,187,40
171,2025,ICT로봇기계공학부,공학계열,14,110,14
171,2026,건설환경공학부,공학계열,17,127,17
171,2026,건축공학전공,공학계열,18,120,15
171,2026,건축융합학부,공학계열,7,89,7
171,2026,건축학전공,공학계열,15,125,18
171,2026,경영학전공,사회계열,30,255,30
171,2026,귀금속보석공예전공,예체능계열,15,103,15
171,2026,글로벌창의인재학부,사회계열,0,43,34
171,2026,기계공학전공,공학계열,21,178,20
171,2026,노동복지전공,사회계열,15,20,15
171,2026,동물생명과학전공,자연계열,26,194,26
171,2026,동물생명융합학부,자연계열,12,99,12
171,2026,동물응용과학전공,자연계열,25,198,25
171,2026,레저스포츠매니지먼트,예체능계열,15,33,15
171,2026,문예창작미디어콘텐츠홍보전공,인문계열,18,284,18
171,2026,법경영학부,사회계열,16,116,16
171,2026,법학전공,사회계열,33,397,33
171,2026,복지상담학전공,사회계열,18,377,18
171,2026,사회복지학전공,사회계열,14,101,14
171,2026,사회안전시스템공학부,공학계열,13,122,15
171,2026,사회통합학부 공공행정전공,사회계열,13,87,13
171,2026,상담심리교육전공,인문계열,10,28,10
171,2026,생명공학부,자연계열,10,68,10
171,2026,소프트웨어융합전공,공학계열,18,327,17
171,2026,스포츠과학전공,예체능계열,18,103,18
171,2026,시각미디어디자인전공,예체능계열,55,404,55
171,2026,식물생명환경전공,자연계열,41,339,41
171,2026,식물자원조경학부,자연계열,16,143,16
171,2026,식품생명공학전공,자연계열,47,435,48
171,2026,식품생명화학공학부,자연계열,20,121,20
171,2026,식품영양학전공,자연계열,18,141,18
171,2026,실용음악학전공,예체능계열,13,47,13
171,2026,안전공학전공,공학계열,40,265,40
171,2026,영미언어문화전공,인문계열,23,171,25
171,2026,원예생명공학전공,자연계열,28,199,28
171,2026,웰니스산업융합학부,자연계열,14,109,14
171,2026,유아특수보육학전공,교육계열,15,74,15
171,2026,응용생명공학전공,자연계열,20,285,20
171,2026,응용수학전공,자연계열,18,193,18
171,2026,의료재활공학전공,의약계열,16,133,16
171,2026,의류산업학전공,자연계열,18,169,18
171,2026,인문융합공공인재학부,인문계열,14,112,14
171,2026,전기공학전공,공학계열,21,197,21
171,2026,전자공학전공,공학계열,40,287,40
171,2026,전자전기공학부,공학계열,14,139,14
171,2026,정보보안전공,사회계열,12,279,13
171,2026,제품공간디자인전공,예체능계열,18,164,18
171,2026,조경학전공,공학계열,29,227,29
171,2026,지역자원시스템공학전공,공학계열,20,127,20
171,2026,컴퓨터공학전공,공학계열,22,209,22
171,2026,컴퓨터응용수학부,공학계열,16,134,17
171,2026,토목공학전공,공학계열,42,487,42
171,2026,특수체육학전공,예체능계열,13,44,13
171,2026,한국수어교육전공,교육계열,14,178,14
171,2026,행정학전공,사회계열,23,415,23
171,2026,화학공학전공,공학계열,40,189,40
171,2026,환경공학전공,자연계열,35,213,35
171,2026,AI반도체융합전공,공학계열,28,294,27
171,2026,HK자율전공학부,무전공,104,1237,104
171,2026,HK자율전공학부(평택),무전공,14,65,14
171,2026,ICT로봇공학전공,공학계열,40,227,40
171,2026,ICT로봇기계공학부,공학계열,13,94,14
172,2024,게임공학과,공학계열,110,830,110
172,2024,경영학부 (IT경영전공),사회계열,43,318,43
172,2024,경영학부(경영학전공),사회계열,63,584,63
172,2024,경영학부(데이터사이언스경영전공),사회계열,43,375,43
172,2024,글로벌융합공학과,공학계열,24,26,24
172,2024,기계공학과,공학계열,115,848,115
172,2024,기계설계공학부(기계설계전공),공학계열,74,568,74
172,2024,기계설계공학부(지능형모빌리티전공),공학계열,38,442,38
172,2024,기계제조공학과,공학계열,14,19,14
172,2024,나노반도체공학과,공학계열,95,668,95
172,2024,디자인공학부(미디어디자인공학전공),예체능계열,35,300,35
172,2024,디자인공학부(산업디자인공학전공),예체능계열,70,439,70
172,2024,디지털경영학과,사회계열,41,112,41
172,2024,로봇메카트로닉스공학과,공학계열,42,46,42
172,2024,메카트로닉스공학부(메카트로닉스전공),공학계열,83,601,90
172,2024,메카트로닉스공학부(AI로봇전공),공학계열,38,254,38
172,2024,산업융합공학과,공학계열,36,158,36
172,2024,생명화학공학과,자연계열,89,804,89
172,2024,스마트그린소재공학과,공학계열,25,74,20
172,2024,스마트전자공학과,공학계열,30,138,25
172,2024,신소재공학과,공학계열,89,712,89
172,2024,에너지전기공학과,공학계열,95,726,95
172,2024,인공지능학과,공학계열,43,423,43
172,2024,전자공학부(임베디드시스템전공),공학계열,73,579,73
172,2024,전자공학부(전자공학전공),공학계열,110,753,110
172,2024,컴퓨터공학부(소프트웨어전공),공학계열,73,658,73
172,2024,컴퓨터공학부(컴퓨터공학전공),공학계열,74,603,74
172,2024,컴퓨터전자공학과,공학계열,80,87,80
172,2024,AI소프트웨어학과,공학계열,40,242,35
172,2024,AI컴퓨터전자융합공학과,공학계열,14,11,7
172,2024,IT융합디자인공학과,공학계열,25,96,20
172,2025,게임공학과,공학계열,84,584,84
172,2025,경영학부 (IT경영전공),사회계열,33,244,33
172,2025,경영학부(경영 자율전공),사회계열,21,157,21
172,2025,경영학부(경영학전공),사회계열,48,361,48
172,2025,경영학부(데이터사이언스경영전공),사회계열,33,224,33
172,2025,국제미래공학부,공학계열,34,39,34
172,2025,국제학부,사회계열,18,18,18
172,2025,기계공학과,공학계열,87,890,87
172,2025,기계설계공학부(기계설계전공),공학계열,57,379,57
172,2025,기계설계공학부(지능형모빌리티전공),공학계열,38,351,38
172,2025,기계제조공학과,공학계열,14,11,10
172,2025,디자인공학부,공학계열,95,773,95
172,2025,디지털경영학과,사회계열,41,114,19
172,2025,로봇메카트로닉스공학과,공학계열,40,45,40
172,2025,메카트로닉스공학부(메카트로닉스전공),공학계열,63,513,67
172,2025,메카트로닉스공학부(AI로봇전공),공학계열,29,241,29
172,2025,반도체공학부(나노반도체공학전공),공학계열,55,381,55
172,2025,반도체공학부(반도체시스템전공),공학계열,37,238,38
172,2025,산업융합공학과,공학계열,36,175,36
172,2025,생명화학공학과,자연계열,68,528,67
172,2025,스마트그린소재공학과,공학계열,25,62,22
172,2025,스마트기계융합 자율전공,공학계열,44,360,44
172,2025,스마트전자공학과,공학계열,30,153,25
172,2025,신소재공학과,공학계열,68,553,68
172,2025,에너지?전기공학부(미래에너지시스템전공),공학계열,37,233,38
172,2025,에너지?전기공학부(전력응용시스템전공),공학계열,55,388,55
172,2025,인공지능학과,공학계열,33,224,33
172,2025,자유전공학부,무전공,131,1794,131
172,2025,전자공학부(임베디드시스템전공),공학계열,56,417,56
172,2025,전자공학부(전자공학전공),공학계열,84,643,84
172,2025,첨단융합 자율전공,공학계열,36,255,36
172,2025,컴퓨터공학부(소프트웨어전공),공학계열,55,638,55
172,2025,컴퓨터공학부(컴퓨터공학전공),공학계열,57,574,57
172,2025,컴퓨터전자공학과,공학계열,75,86,75
172,2025,AI소프트웨어학과,공학계열,40,234,32
172,2025,IT반도체융합 자율전공,공학계열,37,276,37
172,2025,IT융합디자인공학과,공학계열,25,74,18
172,2025,SW 자율전공,공학계열,42,412,42
172,2026,게임공학과,공학계열,84,597,85
172,2026,경영학부 (IT경영전공),사회계열,33,238,33
172,2026,경영학부(경영 자율전공),사회계열,21,330,21
172,2026,경영학부(경영학전공),사회계열,48,503,48
172,2026,경영학부(데이터사이언스경영전공),사회계열,33,227,33
172,2026,국제미래공학부,공학계열,24,27,24
172,2026,기계공학과,공학계열,91,840,91
172,2026,기계설계공학부(기계설계전공),공학계열,59,381,60
172,2026,기계설계공학부(지능형모빌리티전공),공학계열,30,344,30
172,2026,디자인공학부,공학계열,95,692,95
172,2026,디지털경영학과,사회계열,41,98,13
172,2026,로봇메카트로닉스공학과,공학계열,39,41,39
172,2026,메카트로닉스공학부(메카트로닉스전공),공학계열,64,638,64
172,2026,메카트로닉스공학부(AI로봇전공),공학계열,32,337,32
172,2026,반도체공학부(나노반도체공학전공),공학계열,55,490,55
172,2026,반도체공학부(반도체시스템전공),공학계열,37,395,37
172,2026,산업융합공학과,공학계열,37,140,27
172,2026,생명화학공학과,자연계열,68,572,68
172,2026,스마트그린소재공학과,공학계열,25,117,23
172,2026,스마트기계융합 자율전공,공학계열,43,533,43
172,2026,스마트전자공학과,공학계열,30,173,27
172,2026,신소재공학과,공학계열,68,801,68
172,2026,에너지·전기공학부(에너지공학전공),공학계열,37,301,37
172,2026,에너지·전기공학부(전기공학전공),공학계열,55,577,55
172,2026,인공지능학과,공학계열,33,432,33
172,2026,자유전공학부,무전공,135,1746,135
172,2026,전자공학부(임베디드시스템전공),공학계열,56,428,56
172,2026,전자공학부(전자공학전공),공학계열,84,672,83
172,2026,첨단융합 자율전공,공학계열,35,411,35
172,2026,컴퓨터공학부(소프트웨어전공),공학계열,55,804,55
172,2026,컴퓨터공학부(컴퓨터공학전공),공학계열,57,439,57
172,2026,컴퓨터전자공학과,공학계열,75,92,75
172,2026,AI소프트웨어학과,공학계열,40,273,33
172,2026,AI융합 자율전공,공학계열,41,393,41
172,2026,IT반도체융합 자율전공,공학계열,36,359,36
172,2026,IT융합디자인공학과,공학계열,25,122,16
173,2024,반도체시스템공학과,공학계열,100,461,37
173,2024,새내기과정학부(공학계열),공학계열,535,5009,472
173,2024,새내기과정학부(인문사회계열),인문계열,26,239,22
173,2024,새내기과정학부(자연계열),자연계열,289,2704,255
173,2025,반도체시스템공학과,공학계열,100,374,39
173,2025,새내기과정학부(공학계열),공학계열,545,4940,431
173,2025,새내기과정학부(인문사회계열),인문계열,26,235,18
173,2025,새내기과정학부(자연계열),자연계열,294,2666,310
173,2026,반도체시스템공학과,공학계열,100,420,96
173,2026,새내기과정학부(무전공),무전공,875,8078,754
174,2024,가정교육과,교육계열,21,118,20
174,2024,교육학과,교육계열,10,63,10
174,2024,국어교육과,교육계열,38,206,38
174,2024,기술교육과,교육계열,21,197,20
174,2024,독어교육과,교육계열,10,51,10
174,2024,물리교육과,교육계열,20,91,20
174,2024,미술교육과,교육계열,20,36,20
174,2024,불어교육과,교육계열,10,76,9
174,2024,생물교육과,교육계열,21,98,20
174,2024,수학교육과,교육계열,27,246,27
174,2024,역사교육과,교육계열,21,130,21
174,2024,영어교육과,교육계열,26,160,26
174,2024,유아교육과,교육계열,21,116,20
174,2024,윤리교육과,교육계열,21,107,21
174,2024,음악교육과,교육계열,19,29,19
174,2024,일반사회교육과,교육계열,21,102,21
174,2024,중국어교육과,교육계열,10,49,9
174,2024,지구과학교육과,교육계열,22,120,21
174,2024,지리교육과,교육계열,21,120,21
174,2024,체육교육과,교육계열,20,81,20
174,2024,초등교육과,교육계열,123,936,121
174,2024,컴퓨터교육과,교육계열,23,91,23
174,2024,특수교육과,교육계열,10,57,10
174,2024,화학교육과,교육계열,21,89,21
174,2024,환경교육과,교육계열,21,80,21
174,2025,가정교육과,교육계열,21,97,20
174,2025,교육학과,교육계열,10,50,10
174,2025,국어교육과,교육계열,38,251,37
174,2025,기술교육과,교육계열,22,201,20
174,2025,독어교육과,교육계열,10,47,9
174,2025,물리교육과,교육계열,21,75,21
174,2025,미술교육과,교육계열,20,41,20
174,2025,불어교육과,교육계열,10,52,9
174,2025,생물교육과,교육계열,21,123,21
174,2025,수학교육과,교육계열,27,160,27
174,2025,역사교육과,교육계열,21,94,21
174,2025,영어교육과,교육계열,27,227,26
174,2025,유아교육과,교육계열,21,204,20
174,2025,윤리교육과,교육계열,22,107,22
174,2025,음악교육과,교육계열,20,34,20
174,2025,일반사회교육과,교육계열,22,111,22
174,2025,중국어교육과,교육계열,10,41,9
174,2025,지구과학교육과,교육계열,22,125,22
174,2025,지리교육과,교육계열,21,101,20
174,2025,체육교육과,교육계열,20,86,20
174,2025,초등교육과,교육계열,110,724,110
174,2025,컴퓨터교육과,교육계열,21,73,21
174,2025,특수교육과,교육계열,10,47,10
174,2025,화학교육과,교육계열,22,74,21
174,2025,환경교육과,교육계열,21,95,20
174,2026,가정교육과,교육계열,21,123,20
174,2026,교육학과,교육계열,10,56,9
174,2026,국어교육과,교육계열,38,193,37
174,2026,기술교육과,교육계열,23,92,22
174,2026,독어교육과,교육계열,10,57,9
174,2026,물리교육과,교육계열,21,92,20
174,2026,미술교육과,교육계열,20,41,19
174,2026,불어교육과,교육계열,10,61,9
174,2026,생물교육과,교육계열,21,118,21
174,2026,수학교육과,교육계열,27,151,27
174,2026,역사교육과,교육계열,21,122,21
174,2026,영어교육과,교육계열,27,166,26
174,2026,유아교육과,교육계열,21,391,20
174,2026,윤리교육과,교육계열,22,125,22
174,2026,음악교육과,교육계열,20,93,18
174,2026,일반사회교육과,교육계열,21,109,21
174,2026,중국어교육과,교육계열,10,60,9
174,2026,지구과학교육과,교육계열,22,128,22
174,2026,지리교육과,교육계열,21,131,21
174,2026,체육교육과,교육계열,20,115,20
174,2026,초등교육과,교육계열,111,733,111
174,2026,컴퓨터교육과,교육계열,21,95,20
174,2026,특수교육과,교육계열,10,86,10
174,2026,화학교육과,교육계열,22,125,21
174,2026,환경교육과,교육계열,21,361,20
175,2024,강소기업경영학과,사회계열,35,40,35
175,2024,고용서비스정책학과,사회계열,36,206,36
175,2024,공학,공학계열,85,528,90
175,2024,기계공학부,공학계열,122,1016,120
175,2024,기계설계공학과,공학계열,30,29,26
175,2024,기전융합공학과,공학계열,35,39,35
175,2024,디자인ㆍ건축공학부,공학계열,84,659,79
175,2024,메카트로닉스공학부,공학계열,122,880,120
175,2024,산업경영학부,사회계열,122,849,118
175,2024,에너지신소재화학공학부,공학계열,81,711,79
175,2024,전기ㆍ전자ㆍ통신공학부,공학계열,122,909,119
175,2024,컴퓨터공학부,공학계열,122,1097,123
175,2025,강소기업경영학과,사회계열,35,25,22
175,2025,고용서비스정책학과,사회계열,26,138,26
175,2025,공학,공학계열,187,966,193
175,2025,기계공학부,공학계열,107,1075,106
175,2025,기계설계공학과,공학계열,30,43,30
175,2025,기전융합공학과,공학계열,35,46,35
175,2025,디자인ㆍ건축공학부,공학계열,80,718,77
175,2025,메카트로닉스공학부,공학계열,99,898,95
175,2025,사회,사회계열,30,141,30
175,2025,산업경영학부,사회계열,102,671,100
175,2025,에너지신소재화학공학부,공학계열,73,615,71
175,2025,전기ㆍ전자ㆍ통신공학부,공학계열,96,961,90
175,2025,컴퓨터공학부,공학계열,96,954,98
175,2026,강소기업경영학과,사회계열,35,33,30
175,2026,건축공학과,공학계열,43,659,43
175,2026,경영학부,사회계열,87,855,83
175,2026,고용서비스정책학과,사회계열,25,158,25
175,2026,공학융합계열,공학계열,62,585,64
175,2026,기계공학부,공학계열,102,1251,120
175,2026,기계설계공학과,공학계열,30,31,30
175,2026,기전융합공학과,공학계열,35,35,35
175,2026,디자인공학과,예체능계열,43,431,41
175,2026,메카트로닉스공학부,공학계열,100,1259,99
175,2026,반도체·디스플레이공학과,공학계열,40,327,33
175,2026,사회융합계열,사회계열,33,177,33
175,2026,에너지신소재화학공학부,공학계열,70,829,68
175,2026,자율전공,무전공,84,812,84
175,2026,전기ㆍ전자ㆍ통신공학부,공학계열,105,1013,103
175,2026,컴퓨터공학부,공학계열,104,1000,150
175,2026,ICT융합계열,공학계열,38,288,41
176,2024,간호학과,의약계열,50,764,50
176,2024,기타모집단위,인문계열,11,0,0
176,2024,사회복지학과,사회계열,47,342,48
176,2024,성서학과,인문계열,64,126,64
176,2024,영유아보육학과,교육계열,42,228,42
176,2024,컴퓨터소프트웨어학과,공학계열,43,336,43
176,2025,간호학과,의약계열,52,552,52
176,2025,기타모집단위,인문계열,11,0,0
176,2025,사회복지학과,사회계열,39,228,39
176,2025,성서학과,인문계열,61,148,61
176,2025,영유아보육학과,교육계열,36,176,36
176,2025,AI융합학부,공학계열,61,247,61
176,2026,간호학과,의약계열,53,608,53
176,2026,기타모집단위,인문계열,10,0,0
176,2026,사회복지학과,사회계열,41,406,41
176,2026,성서학과,인문계열,60,151,60
176,2026,영유아보육학과,교육계열,36,211,36
176,2026,AI융합학부,공학계열,58,416,58
177,2024,에너지공학부,공학계열,110,1939,105
177,2025,에너지공학부,공학계열,110,2262,107
177,2026,에너지공학부,공학계열,110,2901,103
178,2024,경영학부,사회계열,155,4479,160
178,2024,경제학부,사회계열,83,1256,99
178,2024,국제금융학과,사회계열,30,404,33
178,2024,국제통상학과,사회계열,55,916,67
178,2024,국제학부,사회계열,47,517,49
178,2024,그리스?불가리아학과,인문계열,30,311,30
178,2024,글로벌스포츠산업학부,사회계열,51,740,61
178,2024,글로벌자유전공학부,인문계열,116,1232,134
178,2024,기타모집단위(글로벌),인문계열,119,0,0
178,2024,기타모집단위(서울),인문계열,133,0,0
178,2024,기후변화융합학부,자연계열,50,549,50
178,2024,네덜란드어과,인문계열,31,387,33
178,2024,노어과,인문계열,48,737,53
178,2024,독일어과,인문계열,86,877,93
178,2024,독일어교육전공,인문계열,14,403,14
178,2024,디지털콘텐츠학부,공학계열,70,689,70
178,2024,루마니아어과,인문계열,34,309,34
178,2024,말레이인도네시아어과,인문계열,32,406,33
178,2024,몽골어과,인문계열,21,220,21
178,2024,미디어커뮤니케이션학부,사회계열,82,1134,91
178,2024,바이오메디컬공학부,자연계열,51,574,51
178,2024,반도체전자공학부(반도체공학전공),공학계열,50,552,51
178,2024,반도체전자공학부(전자공학전공),공학계열,49,491,49
178,2024,베트남어과,인문계열,31,427,31
178,2024,사학과,인문계열,0,261,0
178,2024,산업경영공학과,공학계열,49,509,49
178,2024,생명공학과,자연계열,49,774,53
178,2024,세르비아?크로아티아어과,인문계열,34,267,34
178,2024,수학과,자연계열,39,458,42
178,2024,스칸디나비아어과,인문계열,31,443,33
178,2024,스페인어과,인문계열,96,1031,106
178,2024,아랍어과,인문계열,46,637,47
178,2024,아프리카학부,인문계열,50,527,50
178,2024,언어인지과학과,인문계열,0,262,0
178,2024,영미문학.문화학과,인문계열,79,844,83
178,2024,영어교육과,교육계열,27,393,27
178,2024,우크라이나어과,인문계열,20,226,20
178,2024,융합인재학부,인문계열,106,1023,118
178,2024,융합일본지역학부,사회계열,39,454,43
178,2024,이탈리아어과,인문계열,31,375,32
178,2024,인도어과,인문계열,31,423,31
178,2024,인문과학계열,인문계열,114,364,114
178,2024,일본언어문화학부,인문계열,56,814,57
178,2024,전자물리학과,자연계열,39,517,44
178,2024,정보통신공학과,공학계열,48,354,48
178,2024,정치외교학과,사회계열,53,897,62
178,2024,중국어교육전공,교육계열,14,184,14
178,2024,중국언어문화학부,인문계열,69,710,71
178,2024,중국외교통상학부,사회계열,58,653,62
178,2024,중앙아시아학과,인문계열,30,566,30
178,2024,철학과,인문계열,0,234,0
178,2024,체코슬로바키아어과,인문계열,34,294,34
178,2024,컴퓨터공학부,공학계열,107,1209,107
178,2024,태국어과,인문계열,37,467,38
178,2024,터키?아제르바이잔어과,인문계열,31,421,32
178,2024,통계학과,자연계열,39,365,41
178,2024,투어리즘 & 웰니스학부,사회계열,71,667,82
178,2024,페르시아어?이란학과,인문계열,31,399,31
178,2024,포르투갈어과,인문계열,31,350,34
178,2024,폴란드어과,인문계열,34,384,34
178,2024,프랑스어교육전공,교육계열,15,178,15
178,2024,프랑스어학부,인문계열,72,815,80
178,2024,한국어교육과,교육계열,21,241,21
178,2024,한국학과,인문계열,20,194,20
178,2024,행정학과,사회계열,53,873,59
178,2024,헝가리어과,인문계열,34,285,34
178,2024,화학과,자연계열,48,556,53
178,2024,환경학과,자연계열,48,597,52
178,2024,AI데이터융합학부,공학계열,50,580,50
178,2024,EICC학과,인문계열,68,590,74
178,2024,ELLT학과,인문계열,81,743,83
178,2024,Finance & AI융합학부,사회계열,50,482,55
178,2024,Global Business & Technology학부,사회계열,70,881,83
178,2024,KFL학부,인문계열,81,150,84
178,2024,Language & AI융합학부,공학계열,49,1997,51
178,2024,Language & Diplomacy학부,사회계열,37,646,38
178,2024,Language & Trade학부,사회계열,21,401,22
178,2024,Social Science & AI융합학부,자연계열,49,967,50
178,2025,경상대학[통합모집],사회계열,19,167,19
178,2025,경영학부,사회계열,173,3997,179
178,2025,경제학부,사회계열,68,1456,81
178,2025,공과계열,공학계열,67,385,67
178,2025,국가전략언어계열,인문계열,52,450,52
178,2025,국제금융학과,사회계열,24,319,27
178,2025,국제통상학과,사회계열,49,732,54
178,2025,국제학부,사회계열,46,437,47
178,2025,그리스?불가리아학과,인문계열,23,262,23
178,2025,글로벌스포츠산업학부,사회계열,38,638,44
178,2025,기타모집단위(글로벌),인문계열,110,0,0
178,2025,기타모집단위(서울),인문계열,142,0,0
178,2025,기후변화융합학부,자연계열,49,547,49
178,2025,네덜란드어과,인문계열,23,321,23
178,2025,노어과,인문계열,43,429,45
178,2025,독일어과,인문계열,65,1022,75
178,2025,디지털콘텐츠학부,공학계열,39,565,41
178,2025,루마니아학과,인문계열,26,263,26
178,2025,말레이인도네시아어과,인문계열,27,286,28
178,2025,몽골어과,인문계열,21,240,21
178,2025,미디어커뮤니케이션학부,사회계열,74,1354,85
178,2025,바이오메디컬공학부,자연계열,38,412,38
178,2025,반도체전자공학부(반도체공학전공),공학계열,39,411,40
178,2025,반도체전자공학부(전자공학전공),공학계열,37,415,37
178,2025,베트남어과,인문계열,27,256,27
178,2025,사학과,인문계열,29,268,29
178,2025,사회과학대학[통합모집],사회계열,31,607,37
178,2025,산업경영공학과,공학계열,38,446,38
178,2025,상경대학[통합모집],사회계열,26,317,29
178,2025,생명공학과,자연계열,37,690,44
178,2025,세르비아?크로아티아학과,인문계열,26,228,26
178,2025,수학과,자연계열,29,279,33
178,2025,스칸디나비아어과,인문계열,24,295,25
178,2025,스페인어과,인문계열,69,803,80
178,2025,아랍어과,인문계열,36,516,37
178,2025,아프리카학부,인문계열,39,455,39
178,2025,언어인지과학과,인문계열,29,238,29
178,2025,영미문학.문화학과,인문계열,57,778,66
178,2025,영어교육과,교육계열,27,361,27
178,2025,영어대학[통합모집],인문계열,38,546,43
178,2025,영어통번역학과,인문계열,54,587,59
178,2025,외국어교육학부(독일어교육전공),교육계열,14,182,14
178,2025,외국어교육학부(중국어교육전공),교육계열,15,183,15
178,2025,외국어교육학부(프랑스어교육전공),교육계열,14,184,14
178,2025,우크라이나학과,인문계열,20,208,20
178,2025,융합인재학부,인문계열,99,1002,113
178,2025,융합일본지역학부,사회계열,30,423,32
178,2025,이탈리아어과,인문계열,24,304,26
178,2025,인도어과,인문계열,23,285,24
178,2025,인문대학[통합모집],인문계열,21,169,21
178,2025,일본언어문화학부,인문계열,47,623,47
178,2025,일본학대학[통합모집],인문계열,17,283,18
178,2025,자연과학대학[통합모집],자연계열,48,492,52
178,2025,자유전공학부(글로벌),무전공,224,2850,257
178,2025,자유전공학부(서울),무전공,101,2172,100
178,2025,전자물리학과,자연계열,29,491,31
178,2025,정보통신공학과,공학계열,37,361,37
178,2025,정치외교학과,사회계열,41,758,50
178,2025,중국언어문화학부,인문계열,55,568,55
178,2025,중국외교통상학부,사회계열,56,580,60
178,2025,중국학대학[통합모집],인문계열,23,399,24
178,2025,중앙아시아학과,인문계열,23,274,23
178,2025,철학과,인문계열,29,409,29
178,2025,체코?슬로바키아학과,인문계열,26,253,26
178,2025,컴퓨터공학부,공학계열,83,1012,86
178,2025,태국학과,인문계열,24,248,24
178,2025,통계학과,자연계열,29,316,30
178,2025,투어리즘 & 웰니스학부,사회계열,38,577,40
178,2025,튀르키예?아제르바이잔학과,인문계열,23,316,24
178,2025,특수외국어(유럽지역)계열,인문계열,24,398,24
178,2025,특수외국어(인도?아세안지역)계열,인문계열,24,316,25
178,2025,특수외국어(중동지역)계열,인문계열,21,309,21
178,2025,페르시아어?이란학과,인문계열,23,245,23
178,2025,포르투갈어과,인문계열,24,289,24
178,2025,폴란드학과,인문계열,26,236,25
178,2025,프랑스어학부,인문계열,56,684,63
178,2025,한국어교육과,교육계열,21,229,21
178,2025,한국학과,인문계열,21,177,21
178,2025,핵심외국어계열,인문계열,54,898,56
178,2025,행정학과,사회계열,38,712,42
178,2025,헝가리학과,인문계열,26,339,26
178,2025,화학과,자연계열,37,452,40
178,2025,환경학과,자연계열,37,501,40
178,2025,AI데이터융합학부,공학계열,38,662,38
178,2025,AI융합대학[통합모집],무전공,20,163,21
178,2025,Culture & Technology융합대학[통합모집],무전공,30,312,32
178,2025,ELLT학과,인문계열,58,741,63
178,2025,Finance & AI융합학부,사회계열,38,469,42
178,2025,Global Business & Technology학부,사회계열,57,801,68
178,2025,KFL학부,인문계열,74,151,74
178,2025,Language & AI융합학부,공학계열,50,2023,54
178,2025,Language & Diplomacy학부,사회계열,35,614,38
178,2025,Language & Trade학부,사회계열,21,442,21
178,2025,Social Science & AI융합학부,자연계열,51,972,53
178,2026,경상대학[통합모집],사회계열,19,255,21
178,2026,경영학부,사회계열,160,3746,163
178,2026,경제학부,사회계열,67,1199,78
178,2026,공과계열,공학계열,67,245,66
178,2026,국가전략언어계열,인문계열,52,437,52
178,2026,국제금융학과,사회계열,23,516,27
178,2026,국제통상학과,사회계열,50,1233,62
178,2026,국제학부,사회계열,58,535,63
178,2026,그리스·불가리아학과,인문계열,23,359,23
178,2026,글로벌스포츠산업학부,사회계열,40,909,44
178,2026,기타모집단위(글로벌),인문계열,110,0,0
178,2026,기타모집단위(서울),인문계열,142,0,0
178,2026,기후변화융합학부,자연계열,48,485,48
178,2026,네덜란드어과,인문계열,23,420,23
178,2026,노어과,인문계열,38,513,43
178,2026,독일어과,인문계열,65,871,72
178,2026,디지털콘텐츠학부,공학계열,39,438,39
178,2026,루마니아학과,인문계열,26,298,27
178,2026,말레이인도네시아어과,인문계열,27,584,28
178,2026,몽골어과,인문계열,21,426,21
178,2026,미디어커뮤니케이션학부,사회계열,65,1075,74
178,2026,바이오메디컬공학부,자연계열,38,667,38
178,2026,반도체전자공학부(반도체공학전공),공학계열,39,408,39
178,2026,반도체전자공학부(전자공학전공),공학계열,37,589,37
178,2026,베트남어과,인문계열,29,624,30
178,2026,사학과,인문계열,29,414,29
178,2026,사회과학대학[통합모집],사회계열,33,189,40
178,2026,산업경영공학과,공학계열,37,396,37
178,2026,상경대학[통합모집],사회계열,26,127,31
178,2026,생명공학과,자연계열,37,600,43
178,2026,세르비아·크로아티아학과,인문계열,26,434,26
178,2026,수학과,자연계열,29,309,31
178,2026,스칸디나비아어과,인문계열,23,363,25
178,2026,스페인어과,인문계열,72,1093,77
178,2026,아랍어과,인문계열,34,502,35
178,2026,아프리카학부,인문계열,38,382,38
178,2026,언어인지과학과,인문계열,30,314,30
178,2026,영미문학.문화학과,인문계열,56,820,66
178,2026,영어교육과,교육계열,27,385,27
178,2026,영어대학[통합모집],인문계열,37,415,41
178,2026,영어통번역학과,인문계열,53,631,59
178,2026,외국어교육학부(독일어교육전공),교육계열,14,181,14
178,2026,외국어교육학부(중국어교육전공),교육계열,15,200,15
178,2026,외국어교육학부(프랑스어교육전공),교육계열,14,202,14
178,2026,우크라이나학과,인문계열,20,339,20
178,2026,융합인재학부,인문계열,100,1473,107
178,2026,융합일본지역학부,사회계열,35,550,38
178,2026,이탈리아어과,인문계열,24,385,24
178,2026,인도어과,인문계열,23,338,23
178,2026,인문대학[통합모집],인문계열,21,122,21
178,2026,일본언어문화학부,인문계열,52,889,53
178,2026,일본학대학[통합모집],인문계열,19,80,21
178,2026,자연과학대학[통합모집],자연계열,48,805,53
178,2026,자유전공학부(글로벌),무전공,225,3407,258
178,2026,자유전공학부(서울),무전공,102,2918,102
178,2026,전자물리학과,자연계열,29,332,32
178,2026,정보통신공학과,공학계열,37,355,37
178,2026,정치외교학과,사회계열,45,884,52
178,2026,중국언어문화학부,인문계열,53,638,56
178,2026,중국외교통상학부,사회계열,55,709,61
178,2026,중국학대학[통합모집],인문계열,23,99,27
178,2026,중앙아시아학과,인문계열,23,299,23
178,2026,철학과,인문계열,29,506,29
178,2026,체코·슬로바키아학과,인문계열,26,286,26
178,2026,컴퓨터공학부,공학계열,84,799,84
178,2026,태국학과,인문계열,26,350,26
178,2026,통계학과,자연계열,30,363,33
178,2026,투어리즘 & 웰니스학부,사회계열,38,531,41
178,2026,튀르키예·아제르바이잔학과,인문계열,23,400,23
178,2026,특수외국어(유럽지역)계열,인문계열,24,119,24
178,2026,특수외국어(인도·아세안지역)계열,인문계열,24,133,24
178,2026,특수외국어(중동지역)계열,인문계열,21,318,21
178,2026,페르시아어·이란학과,인문계열,23,404,23
178,2026,포르투갈어과,인문계열,24,365,27
178,2026,폴란드학과,인문계열,26,264,26
178,2026,프랑스어학부,인문계열,56,692,59
178,2026,한국어교육과,교육계열,20,267,21
178,2026,한국학과,인문계열,21,218,21
178,2026,핵심외국어계열,인문계열,54,227,58
178,2026,행정학과,사회계열,41,829,44
178,2026,헝가리학과,인문계열,26,258,26
178,2026,화학과,자연계열,37,473,39
178,2026,환경학과,자연계열,37,689,40
178,2026,AI데이터융합학부,공학계열,38,474,39
178,2026,AI융합대학[통합모집],무전공,20,142,24
178,2026,Culture & Technology융합대학[통합모집],무전공,30,245,33
178,2026,ELLT학과,인문계열,54,750,54
178,2026,Finance & AI융합학부,사회계열,38,690,41
178,2026,Global Business & Technology학부,사회계열,55,786,60
178,2026,KFL학부,인문계열,68,136,71
178,2026,Language & AI융합학부,공학계열,54,1736,56
178,2026,Language & Diplomacy학부,사회계열,34,598,35
178,2026,Language & Trade학부,사회계열,21,395,23
178,2026,Social Science & AI융합학부,자연계열,50,1142,54
179,2024,무형유산학과,인문계열,18,108,16
179,2024,문화재관리학과,인문계열,18,186,16
179,2024,문화재보존과학과,인문계열,23,161,20
179,2024,융합고고학과,인문계열,18,136,16
179,2024,전통건축학과,공학계열,23,172,22
179,2024,전통미술공예학과,예체능계열,43,122,40
179,2024,전통조경학과,공학계열,18,90,15
179,2025,국가유산관리학과,인문계열,18,141,16
179,2025,무형유산학과,인문계열,18,95,16
179,2025,보존과학과,인문계열,23,131,21
179,2025,융합고고학과,인문계열,18,119,16
179,2025,전통건축학과,공학계열,23,159,21
179,2025,전통미술공예학과,예체능계열,43,136,41
179,2025,전통조경학과,공학계열,18,101,15
179,2026,국가유산관리학과,인문계열,18,188,16
179,2026,무형유산학과,인문계열,18,120,16
179,2026,보존과학과,인문계열,23,154,21
179,2026,융합고고학과,인문계열,18,193,16
179,2026,전통건축학과,공학계열,23,179,21
179,2026,전통미술공예학과,예체능계열,43,167,41
179,2026,전통조경학과,공학계열,18,105,15
180,2024,경기지도학과,예체능계열,35,211,32
180,2024,공연예술학과,예체능계열,33,400,30
180,2024,노인체육복지학과,사회계열,37,316,35
180,2024,사회체육학과,예체능계열,70,540,65
180,2024,스포츠산업학과,사회계열,38,217,36
180,2024,스포츠청소년지도학과,예체능계열,37,337,34
180,2024,운동건강관리학과,예체능계열,37,202,33
180,2024,체육학과,예체능계열,236,367,236
180,2024,태권도학과,예체능계열,45,418,33
180,2024,특수체육교육과,교육계열,37,171,35
180,2025,경기지도학과,예체능계열,35,206,33
180,2025,공연예술학과,예체능계열,34,374,33
180,2025,노인체육복지학과,사회계열,37,339,35
180,2025,사회체육학과,예체능계열,69,580,64
180,2025,스포츠산업학과,사회계열,38,293,35
180,2025,스포츠청소년지도학과,예체능계열,37,324,33
180,2025,운동건강관리학과,예체능계열,37,196,34
180,2025,체육학과,예체능계열,235,382,237
180,2025,태권도학과,예체능계열,43,449,34
180,2025,특수체육교육과,교육계열,37,198,35
180,2026,경기지도학과,예체능계열,35,90,34
180,2026,공연예술학과,예체능계열,33,573,30
180,2026,노인체육복지학과,사회계열,37,325,35
180,2026,사회체육학과,예체능계열,69,631,65
180,2026,스포츠산업학과,사회계열,38,242,35
180,2026,스포츠청소년지도학과,예체능계열,37,313,34
180,2026,운동건강관리학과,예체능계열,37,171,38
180,2026,체육학과,예체능계열,235,378,235
180,2026,태권도학과,예체능계열,43,425,34
180,2026,특수체육교육과,교육계열,37,155,36
181,2024,기타모집단위,인문계열,16,0,0
181,2024,사범학부,교육계열,36,55,36
181,2024,신학부,인문계열,62,84,62
181,2024,음악학부,예체능계열,29,33,24
181,2024,인문사회과학부,인문계열,64,98,64
181,2025,기타모집단위,인문계열,18,0,0
181,2025,사범학부,교육계열,35,50,35
181,2025,신학부(자율전공학부),인문계열,62,92,62
181,2025,음악학부,예체능계열,29,39,23
181,2025,인문사회과학부,인문계열,63,85,63
181,2026,기타모집단위,인문계열,14,0,0
181,2026,사범학부,교육계열,35,25,25
181,2026,신학부(자율전공학부),인문계열,68,71,68
181,2026,음악학부,예체능계열,31,23,23
181,2026,인문사회과학부,인문계열,64,67,67
182,2024,경영학과,사회계열,71,1046,71
182,2024,국제교류학부 서비스경영전공,사회계열,4,10,4
182,2024,국제교류학부 항공운항관리전공,사회계열,11,18,11
182,2024,기계항공공학과,공학계열,87,814,88
182,2024,기타모집단위,인문계열,16,0,0
182,2024,소프트웨어학과,공학계열,65,745,67
182,2024,스마트드론공학과,공학계열,54,678,54
182,2024,신소재공학과,공학계열,45,453,45
182,2024,자유전공학부(공학계열),공학계열,70,821,70
182,2024,자유전공학부(전계열),인문계열,32,613,32
182,2024,전기전자공학과,공학계열,83,795,83
182,2024,컴퓨터공학과,공학계열,76,725,76
182,2024,항공경영학과,사회계열,41,574,41
182,2024,항공교통물류학부,공학계열,87,925,94
182,2024,항공우주공학과,공학계열,90,947,89
182,2024,항공운항학과,공학계열,70,961,74
182,2024,AI자율주행시스템공학과,공학계열,43,434,43
182,2025,공과대학,공학계열,208,2141,208
182,2025,국제교류학부 서비스경영전공,사회계열,16,21,16
182,2025,국제교류학부 항공경영전공,사회계열,14,23,14
182,2025,국제교류학부 항공교통물류전공,공학계열,0,2,0
182,2025,스마트드론공학과,공학계열,54,521,54
182,2025,자유전공학부(통합),무전공,150,2303,151
182,2025,항공?경영대학,무전공,157,2400,157
182,2025,항공운항학과,공학계열,57,1278,58
182,2025,AI융합대학,공학계열,223,2322,223
182,2025,AI자율주행시스템공학과,공학계열,43,463,43
182,2026,공과대학,공학계열,218,2997,222
182,2026,국제교류학부 서비스경영전공,사회계열,10,14,10
182,2026,국제교류학부 항공경영전공,사회계열,9,19,9
182,2026,국제교류학부 항공교통물류전공,공학계열,2,8,2
182,2026,스마트드론공학과,공학계열,54,631,56
182,2026,자유전공학부(통합),무전공,150,2388,150
182,2026,항공·경영대학,무전공,164,2450,173
182,2026,항공운항학과,공학계열,59,1428,64
182,2026,AI융합대학,공학계열,221,2033,227
182,2026,AI자율주행시스템공학과,공학계열,43,436,43
183,2024,간호학과,의약계열,60,848,60
183,2024,건축공학전공,공학계열,33,205,36
183,2024,건축학과(5년제),공학계열,39,287,48
183,2024,경영정보학과,사회계열,48,205,48
183,2024,경영학과,사회계열,145,676,157
183,2024,경제학과,사회계열,63,246,68
183,2024,경찰학과,사회계열,44,367,54
183,2024,교육학과,교육계열,31,131,32
183,2024,국어교육과,교육계열,29,117,31
183,2024,국어국문·창작학과,인문계열,71,301,74
183,2024,기계공학과,공학계열,77,367,79
183,2024,기독교학과,인문계열,25,85,25
183,2024,기타모집단위,인문계열,206,0,0
183,2024,린튼글로벌스쿨,사회계열,63,278,63
183,2024,멀티미디어공학과,공학계열,48,210,52
183,2024,무역물류학과,사회계열,68,276,71
183,2024,문헌정보학과,인문계열,44,285,48
183,2024,미디어영상학과,예체능계열,59,409,68
183,2024,미술교육과,교육계열,29,96,29
183,2024,바이오제약공학과,자연계열,40,205,42
183,2024,법학부,사회계열,78,259,79
183,2024,빅데이터응용학과,자연계열,45,179,45
183,2024,사학과,인문계열,31,149,31
183,2024,사회복지학과,사회계열,46,290,53
183,2024,사회적경제기업학과,사회계열,35,146,36
183,2024,산업경영공학과,공학계열,46,165,48
183,2024,상담심리학과,인문계열,44,307,51
183,2024,생명시스템과학과,자연계열,79,363,77
183,2024,수학과,자연계열,45,187,45
183,2024,수학교육과,교육계열,23,105,24
183,2024,스포츠과학과,예체능계열,52,361,52
183,2024,식품영양학과,자연계열,50,275,52
183,2024,신소재공학과,공학계열,39,179,41
183,2024,아동복지학과,사회계열,40,156,42
183,2024,역사교육과,교육계열,29,141,31
183,2024,영어교육과,교육계열,29,106,30
183,2024,영어영문학과,인문계열,76,313,76
183,2024,융합디자인학과,예체능계열,92,461,92
183,2024,응용영어콘텐츠학과,인문계열,30,172,30
183,2024,일어일문학전공,인문계열,31,245,33
183,2024,자유전공학부,인문계열,57,269,63
183,2024,전기전자공학과,공학계열,60,308,63
183,2024,정보통신공학과,공학계열,55,253,58
183,2024,정치ㆍ언론학과,사회계열,39,178,42
183,2024,중국경제통상학과,사회계열,47,181,48
183,2024,컴퓨터공학과,공학계열,68,338,75
183,2024,토목환경공학전공,공학계열,48,277,50
183,2024,패션디자인학과,예체능계열,38,286,43
183,2024,프랑스어문학전공,인문계열,27,143,27
183,2024,행정학과,사회계열,64,246,66
183,2024,호텔항공경영학과,사회계열,82,276,85
183,2024,화학공학과,공학계열,46,231,45
183,2024,화학과,자연계열,50,221,51
183,2024,회계학과,사회계열,89,304,89
183,2024,회화과,예체능계열,35,95,35
183,2024,AI융합학과,공학계열,61,299,61
183,2025,간호학과,의약계열,60,506,60
183,2025,건축공학전공,공학계열,33,223,36
183,2025,건축학과(5년제),공학계열,33,244,40
183,2025,경영정보학과,사회계열,44,296,48
183,2025,경영학과,사회계열,127,616,161
183,2025,경제학과,사회계열,60,329,67
183,2025,경찰학과,사회계열,44,387,53
183,2025,교육학과,교육계열,31,151,32
183,2025,국어교육과,교육계열,29,133,30
183,2025,국어국문·창작학과,인문계열,69,285,82
183,2025,기계공학과,공학계열,68,447,74
183,2025,기독교학과,인문계열,19,63,20
183,2025,기타모집단위,인문계열,206,0,0
183,2025,린튼글로벌스쿨,사회계열,54,329,81
183,2025,멀티미디어공학과,공학계열,47,241,51
183,2025,무역물류학과,사회계열,60,243,70
183,2025,문헌정보학과,인문계열,44,293,51
183,2025,미디어영상학과,예체능계열,52,522,67
183,2025,미술교육과,교육계열,29,103,29
183,2025,바이오제약공학과,자연계열,40,232,42
183,2025,법학부,사회계열,71,255,73
183,2025,빅데이터응용학과,자연계열,45,187,47
183,2025,사학과,인문계열,30,211,32
183,2025,사회복지학과,사회계열,46,321,55
183,2025,사회적경제기업학과,사회계열,35,129,37
183,2025,산업경영공학과,공학계열,43,164,44
183,2025,상담심리학과,인문계열,44,334,50
183,2025,생명시스템과학과,자연계열,75,280,74
183,2025,수학과,자연계열,41,206,42
183,2025,수학교육과,교육계열,23,94,24
183,2025,스포츠과학과,예체능계열,48,340,48
183,2025,식품영양학과,자연계열,50,226,52
183,2025,신소재공학과,공학계열,36,165,36
183,2025,아동복지학과,사회계열,40,266,42
183,2025,역사교육과,교육계열,29,167,31
183,2025,영어교육과,교육계열,29,144,30
183,2025,영어영문학과,인문계열,66,207,65
183,2025,융합디자인학과,예체능계열,91,394,91
183,2025,응용영어콘텐츠학과,인문계열,30,113,30
183,2025,일어일문학전공,인문계열,30,249,35
183,2025,자유전공학부,인문계열,110,758,121
183,2025,전기전자공학과,공학계열,56,338,61
183,2025,정보통신공학과,공학계열,55,208,56
183,2025,정치ㆍ언론학과,사회계열,37,139,39
183,2025,중국경제통상학과,사회계열,47,180,47
183,2025,컴퓨터공학과,공학계열,64,342,72
183,2025,토목환경공학전공,공학계열,48,275,50
183,2025,패션디자인학과,예체능계열,38,268,43
183,2025,프랑스어문학전공,인문계열,26,114,26
183,2025,행정학과,사회계열,64,271,71
183,2025,호텔항공경영학과,사회계열,58,300,87
183,2025,화학공학과,공학계열,46,217,46
183,2025,화학과,자연계열,48,175,48
183,2025,회계학과,사회계열,89,296,90
183,2025,회화과,예체능계열,35,152,35
183,2025,AI융합학과,공학계열,60,192,64
183,2026,간호학과,의약계열,60,388,60
183,2026,건설환경공학과,공학계열,40,227,44
183,2026,건축공학과,공학계열,27,178,29
183,2026,건축학과(5년제),공학계열,27,249,33
183,2026,경상대학자유전공학부,사회계열,61,267,63
183,2026,경영정보학과,사회계열,39,167,40
183,2026,경영학과,사회계열,121,917,131
183,2026,경제학과,사회계열,52,390,55
183,2026,경찰학과,사회계열,36,388,43
183,2026,공과대학자유전공학부,공학계열,53,428,56
183,2026,교육학과,교육계열,31,184,33
183,2026,국어교육과,교육계열,29,184,31
183,2026,국어국문·창작학과,인문계열,60,350,61
183,2026,기계공학과,공학계열,56,465,64
183,2026,기독교학과,인문계열,18,166,18
183,2026,기타모집단위,인문계열,206,0,0
183,2026,린튼글로벌스쿨,사회계열,58,232,58
183,2026,멀티미디어공학과,공학계열,40,194,43
183,2026,무역물류학과,사회계열,56,187,56
183,2026,문과대학자유전공학부,인문계열,35,276,35
183,2026,문헌정보학과,인문계열,37,262,44
183,2026,미디어영상학과,예체능계열,47,446,58
183,2026,미술교육과,교육계열,29,120,29
183,2026,바이오제약공학과,자연계열,33,181,34
183,2026,법학부,사회계열,59,275,60
183,2026,빅데이터응용학과,자연계열,37,172,37
183,2026,사학과,인문계열,25,176,26
183,2026,사회과학대학자유전공학부,사회계열,49,241,50
183,2026,사회복지학과,사회계열,38,391,41
183,2026,사회적경제기업학과,사회계열,29,207,29
183,2026,산업경영공학과,공학계열,37,157,40
183,2026,상담심리학과,인문계열,39,319,42
183,2026,생명나노과학대학자유전공학부,자연계열,24,175,25
183,2026,생명시스템과학과,자연계열,63,259,62
183,2026,수학과,자연계열,34,234,34
183,2026,수학교육과,교육계열,23,134,23
183,2026,스마트융합대학자유전공학부,공학계열,32,107,32
183,2026,스포츠과학과,예체능계열,46,567,46
183,2026,식품영양학과,자연계열,42,335,42
183,2026,신소재공학과,공학계열,30,177,31
183,2026,아동복지학과,사회계열,33,262,36
183,2026,역사교육과,교육계열,29,290,31
183,2026,영어교육과,교육계열,29,152,30
183,2026,영어영문학과,인문계열,55,252,55
183,2026,융합디자인학과,예체능계열,86,495,86
183,2026,응용영어콘텐츠학과,인문계열,25,198,25
183,2026,일어일문학과,인문계열,25,202,29
183,2026,자유전공학부,인문계열,235,1323,241
183,2026,전기전자공학과,공학계열,47,425,55
183,2026,정보통신공학과,공학계열,46,176,50
183,2026,정치ㆍ언론학과,사회계열,31,124,31
183,2026,중국경제통상학과,사회계열,40,252,40
183,2026,컴퓨터공학과,공학계열,55,433,57
183,2026,코스메틱사이언스학과,의약계열,4,5,4
183,2026,패션디자인학과,예체능계열,31,270,35
183,2026,프랑스어문학과,인문계열,22,96,24
183,2026,행정학과,사회계열,53,282,55
183,2026,호텔항공경영학과,사회계열,67,339,70
183,2026,화학공학과,공학계열,38,272,38
183,2026,화학과,자연계열,41,175,42
183,2026,회계학과,사회계열,73,349,77
183,2026,회화과,예체능계열,33,146,33
183,2026,AI융합학과,공학계열,50,247,54
184,2024,글로벌리더십학부,사회계열,811,3465,809
184,2025,글로벌리더십학부,사회계열,816,3847,810
184,2026,글로벌리더십학부,무전공,819,4174,810
185,2024,건축학과,공학계열,41,212,40
185,2024,경영학과,사회계열,40,199,32
185,2024,경찰행정학과,사회계열,60,278,66
185,2024,골프산업학과,예체능계열,37,74,31
185,2024,기계자동차로봇공학부,공학계열,73,250,56
185,2024,기타모집단위,인문계열,45,0,0
185,2024,도시인프라공학과,공학계열,31,99,17
185,2024,문화관광경영학과,사회계열,31,87,21
185,2024,문화예술학과,인문계열,28,33,20
185,2024,미디어광고콘텐츠학과,사회계열,36,221,36
185,2024,미래경영학과,사회계열,20,22,17
185,2024,미래모빌리티공학과,공학계열,41,130,40
185,2024,뷰티디자인학과,예체능계열,31,120,24
185,2024,사회복지학과,사회계열,61,335,53
185,2024,소방방재학과,공학계열,51,222,40
185,2024,스포츠학과,예체능계열,45,164,35
185,2024,영상제작학과,예체능계열,36,181,36
185,2024,전기전자공학과,공학계열,46,211,46
185,2024,철도운전시스템학과,공학계열,40,244,45
185,2024,컴퓨터공학과,공학계열,41,203,39
185,2024,호텔항공외식경영학과,사회계열,41,174,27
185,2024,화학공학과,공학계열,31,84,17
185,2024,AI정보보안학과,공학계열,31,106,30
185,2024,IT소프트웨어학과,공학계열,36,184,29
185,2024,K-인터넷비즈니스경영학과,사회계열,42,87,35
185,2025,건축학과,공학계열,40,214,46
185,2025,경영학과,사회계열,40,215,42
185,2025,경찰행정학과,사회계열,60,330,66
185,2025,골프산업학과,예체능계열,45,85,35
185,2025,기계자동차공학과,공학계열,55,274,56
185,2025,기타모집단위,인문계열,41,0,0
185,2025,도시인프라공학과,공학계열,30,145,30
185,2025,문화관광경영학과,사회계열,30,182,27
185,2025,문화예술학과,인문계열,30,56,23
185,2025,미디어광고콘텐츠학과,사회계열,40,231,40
185,2025,미래경영학과,사회계열,13,27,11
185,2025,미래모빌리티공학과,공학계열,40,169,40
185,2025,뷰티디자인학과,예체능계열,31,193,26
185,2025,사회복지학과,사회계열,61,352,58
185,2025,소방안전학과,공학계열,50,296,50
185,2025,스포츠학과,예체능계열,40,267,40
185,2025,영상제작학과,예체능계열,37,230,36
185,2025,자유전공학부,무전공,23,145,25
185,2025,전기전자공학과,공학계열,45,272,48
185,2025,철도운전시스템학과,공학계열,51,277,56
185,2025,컴퓨터공학과,공학계열,40,222,42
185,2025,호텔항공외식경영학과,사회계열,45,236,45
185,2025,AI정보보안학과,공학계열,30,154,30
185,2025,IT소프트웨어학과,공학계열,40,195,40
185,2026,건축학과,공학계열,40,205,40
185,2026,경영학과,사회계열,41,247,41
185,2026,경찰행정학과,사회계열,68,342,68
185,2026,골프산업학과,예체능계열,21,75,21
185,2026,글로벌비즈니스학과,사회계열,54,85,54
185,2026,기계자동차공학과,공학계열,57,275,57
185,2026,도시인프라공학과,공학계열,31,126,31
185,2026,문화관광경영학과,사회계열,34,280,34
185,2026,문화예술학과,인문계열,18,44,18
185,2026,미디어광고콘텐츠학과,사회계열,41,289,41
185,2026,미래경영학과,사회계열,11,23,11
185,2026,미래모빌리티공학과,공학계열,40,181,40
185,2026,뷰티디자인학과,예체능계열,28,226,28
185,2026,사회복지학과,사회계열,63,345,63
185,2026,소방안전학과,공학계열,46,282,46
185,2026,스포츠학과,예체능계열,50,244,50
185,2026,영상제작학과,예체능계열,36,217,36
185,2026,자유전공학부,무전공,35,254,35
185,2026,전기전자공학과,공학계열,47,405,47
185,2026,철도운전시스템학과,공학계열,58,319,57
185,2026,컴퓨터공학과,공학계열,41,236,41
185,2026,호텔항공외식경영학과,사회계열,59,318,59
185,2026,AI정보보안학과,공학계열,36,208,36
185,2026,IT소프트웨어학과,공학계열,41,468,40
186,2024,간호학과,의약계열,108,1187,107
186,2024,경영대학,사회계열,167,735,167
186,2024,경제학과,사회계열,54,255,54
186,2024,광고홍보학과,사회계열,40,180,40
186,2024,글로벌학부,사회계열,32,130,36
186,2024,기타모집단위,인문계열,3,0,0
186,2024,데이터사이언스학부,자연계열,62,341,62
186,2024,러시아학과,인문계열,33,199,33
186,2024,미디어스쿨,사회계열,92,466,93
186,2024,미래융합스쿨,사회계열,48,274,48
186,2024,바이오메디컬학과,자연계열,51,275,51
186,2024,반도체?디스플레이스쿨,공학계열,69,434,69
186,2024,법학과,사회계열,62,272,62
186,2024,사회복지학부,사회계열,63,386,63
186,2024,사회학과,사회계열,41,198,41
186,2024,생명과학과,자연계열,46,209,46
186,2024,소프트웨어학부,공학계열,183,665,183
186,2024,식품영양학과,자연계열,51,245,51
186,2024,심리학과,인문계열,42,283,41
186,2024,언어청각학부,교육계열,72,321,72
186,2024,영어영문학과,인문계열,40,216,40
186,2024,융합과학수사학과,공학계열,42,274,42
186,2024,의예과,의약계열,79,840,79
186,2024,인공지능융합학부,공학계열,92,377,92
186,2024,인문학부,인문계열,113,506,113
186,2024,일본학과,인문계열,37,258,37
186,2024,정치행정학과,사회계열,40,166,40
186,2024,중국학과,인문계열,42,223,41
186,2024,체육학과,예체능계열,56,344,56
186,2024,화학과,자연계열,34,132,34
186,2024,환경생명공학과,자연계열,41,217,40
186,2025,간호학과,의약계열,108,864,107
186,2025,경영대학,사회계열,169,776,169
186,2025,경제학과,사회계열,54,267,54
186,2025,광고홍보학과,사회계열,40,178,40
186,2025,글로벌학부,사회계열,33,140,33
186,2025,기타모집단위,인문계열,3,0,0
186,2025,데이터사이언스학부,자연계열,62,275,62
186,2025,러시아학과,인문계열,33,174,33
186,2025,미디어스쿨,사회계열,92,467,92
186,2025,미래융합스쿨,사회계열,48,234,48
186,2025,바이오메디컬학과,자연계열,41,206,41
186,2025,반도체?디스플레이스쿨,공학계열,68,289,67
186,2025,법학과,사회계열,62,442,62
186,2025,사회복지학부,사회계열,62,321,62
186,2025,사회학과,사회계열,41,190,41
186,2025,생명과학과,자연계열,37,209,37
186,2025,소프트웨어학부,공학계열,185,671,185
186,2025,식품영양학과,자연계열,41,209,41
186,2025,심리학과,인문계열,42,242,42
186,2025,언어청각학부,교육계열,57,222,57
186,2025,영어영문학과,인문계열,40,240,40
186,2025,융합과학수사학과,공학계열,42,192,42
186,2025,의학과,의약계열,104,1099,104
186,2025,인공지능융합학부,공학계열,92,365,92
186,2025,인문학부,인문계열,113,582,113
186,2025,일본학과,인문계열,37,236,37
186,2025,자연과학대학,자연계열,65,332,65
186,2025,정치행정학과,사회계열,40,213,40
186,2025,중국학과,인문계열,41,248,41
186,2025,체육학과,예체능계열,48,276,48
186,2025,화학과,자연계열,27,166,27
186,2025,환경생명공학과,자연계열,34,196,34
186,2026,간호학과,의약계열,107,771,107
186,2026,경영대학,사회계열,173,697,175
186,2026,경제학과,사회계열,54,323,54
186,2026,광고홍보학과,사회계열,40,259,40
186,2026,글로벌학부,사회계열,39,108,39
186,2026,기타모집단위,인문계열,60,0,0
186,2026,데이터사이언스학부,자연계열,62,267,63
186,2026,러시아학과,인문계열,33,248,33
186,2026,미디어스쿨,사회계열,90,443,93
186,2026,미래융합스쿨,사회계열,46,284,46
186,2026,바이오메디컬학과,자연계열,39,164,40
186,2026,반도체·디스플레이스쿨,공학계열,66,548,67
186,2026,법학과,사회계열,62,291,62
186,2026,사회복지학부,사회계열,64,489,64
186,2026,사회학과,사회계열,41,204,41
186,2026,생명과학과,자연계열,35,196,36
186,2026,소프트웨어·AI 계열,공학계열,275,1194,281
186,2026,식품영양학과,자연계열,39,317,41
186,2026,심리학과,인문계열,43,232,43
186,2026,언어청각학부,교육계열,55,248,55
186,2026,영어영문학과,인문계열,40,205,40
186,2026,융합과학수사학과,공학계열,42,176,43
186,2026,의학과,의약계열,79,864,79
186,2026,인문학부,인문계열,113,668,113
186,2026,일본학과,인문계열,37,415,37
186,2026,자연과학대학 자율전공,자연계열,68,472,71
186,2026,자유전공학부,무전공,90,597,90
186,2026,정치행정학과,사회계열,40,190,40
186,2026,중국학과,인문계열,46,245,46
186,2026,체육학과,예체능계열,46,308,49
186,2026,화학과,자연계열,27,123,28
186,2026,환경생명공학과,자연계열,32,159,33
187,2024,간호학과,의약계열,75,529,86
187,2024,경호비서학과,예체능계열,35,92,35
187,2024,공간디자인학과,예체능계열,35,129,34
187,2024,공항행정학과,사회계열,50,175,49
187,2024,국제관계학과,사회계열,18,63,17
187,2024,기타모집단위,인문계열,84,0,0
187,2024,레저해양스포츠학과,예체능계열,60,223,60
187,2024,무인항공기학과,공학계열,50,172,51
187,2024,문화재보존학과,인문계열,21,49,19
187,2024,물리치료학과,의약계열,40,312,47
187,2024,미디어문예창작학과,사회계열,21,125,19
187,2024,방사선학과,의약계열,40,282,44
187,2024,뷰티바이오산업학과,자연계열,30,79,13
187,2024,사회복지학과,사회계열,26,142,24
187,2024,산업디자인학과,예체능계열,30,92,30
187,2024,수산생명의학과,자연계열,16,58,12
187,2024,시각디자인학과,예체능계열,40,183,38
187,2024,식품공학과,자연계열,15,45,12
187,2024,신소재화학공학과,공학계열,51,164,41
187,2024,실용음악과,예체능계열,11,23,5
187,2024,안전보건학과,공학계열,20,55,19
187,2024,영상애니메이션학과,예체능계열,37,257,37
187,2024,영화영상학과,예체능계열,16,72,14
187,2024,의료재활학과,의약계열,26,111,26
187,2024,자유전공학과,인문계열,20,90,22
187,2024,작업치료학과,의약계열,40,178,40
187,2024,전기전자공학과,공학계열,21,90,21
187,2024,치위생학과,의약계열,40,268,42
187,2024,패션디자인학과,예체능계열,20,84,16
187,2024,항공관광학과,사회계열,92,3138,87
187,2024,항공교통물류학과,공학계열,62,389,73
187,2024,항공기계공학과,공학계열,40,161,47
187,2024,항공보안학과,사회계열,23,123,23
187,2024,항공산업공학과,공학계열,25,108,25
187,2024,항공소프트웨어공학과,공학계열,55,186,56
187,2024,항공외국어학과,인문계열,48,253,50
187,2024,항공운항학과,공학계열,76,540,82
187,2024,항공전자공학과,공학계열,40,149,41
187,2024,항공정비학과,공학계열,35,264,42
187,2024,항공컴퓨터학과,공학계열,20,90,20
187,2024,해양경찰학과,사회계열,30,119,28
187,2024,헬리콥터조종학과,공학계열,32,126,33
187,2024,호텔카지노관광학과,사회계열,31,117,31
187,2024,환경?토목?건축학과,공학계열,68,179,50
187,2025,간호학과,의약계열,75,573,84
187,2025,경호비서학과,예체능계열,35,85,35
187,2025,공간디자인학과,예체능계열,30,120,30
187,2025,공학전공자율학과,공학계열,80,211,80
187,2025,공항행정학과,사회계열,32,191,32
187,2025,기타모집단위,인문계열,83,0,0
187,2025,레저해양스포츠학과,예체능계열,60,215,60
187,2025,무인항공기학과,공학계열,40,264,48
187,2025,문화재보존학과,인문계열,16,53,16
187,2025,물리치료학과,의약계열,40,204,45
187,2025,미디어문예창작학과,사회계열,16,139,16
187,2025,방사선학과,의약계열,40,264,44
187,2025,사회복지학과,사회계열,21,132,21
187,2025,산업디자인학과,예체능계열,30,95,30
187,2025,수산생명의학과,자연계열,16,87,17
187,2025,시각디자인학과,예체능계열,42,165,42
187,2025,신소재화학공학과,공학계열,30,109,30
187,2025,실용음악과,예체능계열,11,24,10
187,2025,영상애니메이션학과,예체능계열,35,275,36
187,2025,영화영상학과,예체능계열,16,98,16
187,2025,예체능전공자율학과,무전공,20,95,20
187,2025,의료재활학과,의약계열,21,161,21
187,2025,인문사회전공자율학과,사회계열,60,192,60
187,2025,자연과학전공자율학과,무전공,40,193,40
187,2025,자유전공학과,무전공,55,154,55
187,2025,작업치료학과,의약계열,40,156,40
187,2025,치위생학과,의약계열,40,282,43
187,2025,항공관광학과,사회계열,101,4398,97
187,2025,항공교통물류학과,공학계열,51,346,62
187,2025,항공기계공학과,공학계열,40,175,44
187,2025,항공보안학과,사회계열,25,125,25
187,2025,항공산업공학과,공학계열,25,89,26
187,2025,항공외국어학과,인문계열,38,195,38
187,2025,항공운항학과,공학계열,55,815,61
187,2025,항공전자공학과,공학계열,40,144,42
187,2025,항공정비학과,공학계열,40,344,49
187,2025,항공AI소프트웨어학과,공학계열,40,119,40
187,2025,해양경찰학과,사회계열,20,112,21
187,2025,헬리콥터조종학과,공학계열,32,201,37
187,2025,호텔카지노관광학과,사회계열,21,101,21
187,2025,환경?토목?건축학과,공학계열,29,155,29
187,2025,AI로보틱스학과,공학계열,26,67,26
187,2025,AI모빌리티학과,공학계열,30,97,30
187,2026,간호학과,의약계열,80,712,92
187,2026,경호비서학과,예체능계열,35,129,35
187,2026,공간디자인학과,예체능계열,31,162,32
187,2026,공학전공자율학과,공학계열,80,352,80
187,2026,공항행정학과,사회계열,31,121,31
187,2026,기타모집단위,인문계열,83,0,0
187,2026,디지털산업디자인학과,예체능계열,30,120,30
187,2026,디지털융합학과,예체능계열,20,30,17
187,2026,레저해양스포츠학과,예체능계열,60,282,60
187,2026,모빌리티융합디자인학과,예체능계열,20,15,10
187,2026,무인항공기학과,공학계열,46,269,53
187,2026,문화유산보존학과,인문계열,16,113,16
187,2026,물리치료학과,의약계열,40,835,46
187,2026,뮤직프로덕션학과,예체능계열,11,108,11
187,2026,미디어문예창작학과,사회계열,16,105,16
187,2026,방사선학과,의약계열,40,650,49
187,2026,사회복지학과,사회계열,21,254,21
187,2026,수산생명의학과,자연계열,16,76,16
187,2026,시각디자인학과,예체능계열,41,214,41
187,2026,신소재화학공학과,공학계열,31,196,31
187,2026,영상애니메이션학과,예체능계열,35,384,36
187,2026,영화영상학과,예체능계열,16,233,16
187,2026,예체능전공자율학과,무전공,20,140,20
187,2026,의료재활학과,의약계열,20,177,20
187,2026,인문사회전공자율학과,사회계열,60,275,60
187,2026,자연과학전공자율학과,무전공,40,370,40
187,2026,자유전공학과,무전공,55,191,58
187,2026,작업치료학과,의약계열,41,224,41
187,2026,첨단항공학과,공학계열,20,28,5
187,2026,치위생학과,의약계열,40,422,40
187,2026,항공관광학과,사회계열,103,5308,97
187,2026,항공교통물류학과,공학계열,56,381,64
187,2026,항공기계공학과,공학계열,41,279,45
187,2026,항공보안학과,사회계열,25,204,26
187,2026,항공산업공학과,공학계열,25,80,25
187,2026,항공서비스경영학과,사회계열,20,27,9
187,2026,항공외국어학과,인문계열,38,206,39
187,2026,항공운항학과,공학계열,52,649,58
187,2026,항공전자공학과,공학계열,41,179,42
187,2026,항공정비학과,공학계열,40,447,50
187,2026,항공AI소프트웨어학과,공학계열,40,212,40
187,2026,해양경찰학과,사회계열,21,196,22
187,2026,헬리콥터조종학과,공학계열,32,155,34
187,2026,호텔카지노관광학과,사회계열,25,83,25
187,2026,환경·토목·건축학과,공학계열,29,214,29
187,2026,AI로보틱스학과,공학계열,25,79,25
187,2026,AI모빌리티학과,공학계열,30,87,30
188,2024,글로벌패션산업학부,예체능계열,111,996,113
188,2024,기타모집단위,인문계열,29,0,0
188,2024,동양화전공,예체능계열,13,75,13
188,2024,문학문화콘텐츠학과,인문계열,70,681,70
188,2024,미래모빌리티학과,공학계열,40,165,40
188,2024,미래인재학부,공학계열,10,49,10
188,2024,발레전공,예체능계열,10,109,10
188,2024,뷰티디자인매니지먼트학과,예체능계열,40,745,40
188,2024,뷰티디자인학과,예체능계열,12,37,12
188,2024,비즈니스컨설팅학과,사회계열,30,153,30
188,2024,사회과학부,사회계열,269,2115,268
188,2024,상상력인재학부,사회계열,119,907,119
188,2024,서양화전공,예체능계열,13,144,13
188,2024,융합보안학과,공학계열,40,340,40
188,2024,융합행정학과,사회계열,20,109,20
188,2024,크리에이티브인문학부,인문계열,201,1623,201
188,2024,한국무용전공,예체능계열,10,123,10
188,2024,현대무용전공,예체능계열,8,120,8
188,2024,호텔외식경영학과,사회계열,19,73,18
188,2024,AI응용학과,공학계열,80,658,80
188,2024,ICT디자인학부,예체능계열,104,3649,106
188,2024,ICT융합디자인학과,예체능계열,40,229,40
188,2024,IT공과대학,공학계열,429,2967,430
188,2025,글로벌인재학부,무전공,49,78,49
188,2025,글로벌패션산업학부,예체능계열,101,1012,103
188,2025,기타모집단위,인문계열,29,0,0
188,2025,동양화전공,예체능계열,13,96,13
188,2025,문학문화콘텐츠학과,인문계열,70,768,70
188,2025,미래모빌리티학과,공학계열,40,259,40
188,2025,미래융합사회과학대학,사회계열,248,2358,248
188,2025,미래인재학부,공학계열,20,101,20
188,2025,발레전공,예체능계열,10,108,10
188,2025,뷰티디자인매니지먼트학과,예체능계열,22,679,22
188,2025,뷰티디자인학과,예체능계열,12,33,11
188,2025,비즈니스컨설팅학과,사회계열,24,101,24
188,2025,상상력인재학부,무전공,175,1258,176
188,2025,서양화전공,예체능계열,13,155,13
188,2025,융합보안학과,공학계열,40,267,40
188,2025,융합행정학과,사회계열,20,95,19
188,2025,크리에이티브인문학부,인문계열,197,1712,197
188,2025,한국무용전공,예체능계열,10,108,10
188,2025,현대무용전공,예체능계열,8,65,8
188,2025,호텔외식경영학과,사회계열,19,71,19
188,2025,AI응용학과,공학계열,81,710,81
188,2025,ICT디자인학부,예체능계열,94,3182,97
188,2025,ICT융합디자인학과,예체능계열,25,117,25
188,2025,IT공과대학,공학계열,417,3432,417
188,2026,글로벌벤처창업학과,사회계열,2,2,2
188,2026,글로벌패션산업학부,예체능계열,104,871,104
188,2026,글로벌K비즈니스학과,사회계열,49,132,49
188,2026,기타모집단위,인문계열,19,0,0
188,2026,동양화전공,예체능계열,13,112,13
188,2026,문학문화콘텐츠학과,인문계열,68,638,68
188,2026,미래모빌리티학과,공학계열,40,335,40
188,2026,미래융합사회과학대학,사회계열,251,2607,251
188,2026,발레전공,예체능계열,10,86,10
188,2026,뷰티디자인매니지먼트학과,예체능계열,24,606,24
188,2026,뷰티디자인학과,예체능계열,12,37,12
188,2026,비즈니스컨설팅학과,사회계열,24,97,16
188,2026,상상력인재학부,무전공,175,1695,175
188,2026,서양화전공,예체능계열,13,206,13
188,2026,영상엔터테인먼트학과,예체능계열,6,8,6
188,2026,융합보안학과,공학계열,39,217,39
188,2026,융합행정학과,사회계열,20,114,16
188,2026,크리에이티브인문학부,인문계열,197,1756,197
188,2026,패션뷰티크리에이션학과,예체능계열,27,55,27
188,2026,한국무용전공,예체능계열,10,100,10
188,2026,한국언어문화교육학과,교육계열,10,20,10
188,2026,현대무용전공,예체능계열,8,77,8
188,2026,호텔외식경영학과,사회계열,19,69,10
188,2026,AI·소프트웨어학과,공학계열,20,154,17
188,2026,AI응용학과,공학계열,78,495,78
188,2026,ICT디자인학부,예체능계열,100,2657,100
188,2026,ICT융합디자인학과,예체능계열,25,122,22
188,2026,IT공과대학,공학계열,419,3367,419
188,2026,SW융합학과,공학계열,1,6,1
189,2024,간호학과,의약계열,41,390,44
189,2024,경영학과,사회계열,54,419,57
189,2024,경찰행정학과,사회계열,25,303,27
189,2024,공연예술학과,예체능계열,27,531,29
189,2024,국제관광학과,사회계열,30,249,30
189,2024,기독교교육?상담학과,인문계열,22,128,22
189,2024,기타모집단위,인문계열,33,0,0
189,2024,미디어영상광고학과,사회계열,47,451,51
189,2024,사회복지학과,사회계열,30,400,30
189,2024,산업보안학과,사회계열,25,158,25
189,2024,섬유패션디자인학과,예체능계열,37,254,37
189,2024,시각정보디자인학과,예체능계열,37,318,37
189,2024,신학과,인문계열,26,120,27
189,2024,실내건축디자인학과,예체능계열,37,248,37
189,2024,영어학과,인문계열,22,136,22
189,2024,음악학과,예체능계열,51,225,53
189,2024,중국어학과,인문계열,21,203,22
189,2024,컴퓨터공학과,공학계열,21,395,24
189,2024,ICT융합학과,공학계열,26,258,27
189,2025,간호학과,의약계열,40,668,42
189,2025,경영학과,사회계열,47,688,51
189,2025,경찰행정학과,사회계열,22,302,25
189,2025,공연예술학과,예체능계열,24,776,25
189,2025,관광경영학과,사회계열,27,358,27
189,2025,기타모집단위,인문계열,33,0,0
189,2025,디자인학부,예체능계열,96,1041,96
189,2025,미디어영상광고학과,사회계열,42,653,45
189,2025,사회복지학과,사회계열,26,380,27
189,2025,신학과,인문계열,38,244,37
189,2025,영어학과,인문계열,19,123,19
189,2025,음악학과,예체능계열,46,203,49
189,2025,자유전공학부,무전공,51,510,52
189,2025,중국어학과,인문계열,19,168,19
189,2025,IT학부,공학계열,84,798,87
189,2026,간호학과,의약계열,40,379,42
189,2026,경영학전공,사회계열,46,330,49
189,2026,경찰행정학전공,사회계열,22,187,24
189,2026,공연예술전공,예체능계열,26,793,28
189,2026,관광경영학전공,사회계열,25,390,29
189,2026,기타모집단위,인문계열,33,0,0
189,2026,디자인학부,예체능계열,96,953,96
189,2026,미디어커뮤니케이션전공,사회계열,38,360,42
189,2026,사회복지학전공,사회계열,26,283,26
189,2026,신학과,인문계열,35,241,36
189,2026,영어전공,인문계열,19,171,19
189,2026,음악전공,예체능계열,45,304,48
189,2026,인문사회학부,인문계열,5,0,0
189,2026,자유전공학부,무전공,51,901,54
189,2026,중국어전공,인문계열,19,185,19
189,2026,IT학부,공학계열,84,709,87
190,2024,경영?미디어계열,사회계열,78,427,80
190,2024,경영학,사회계열,20,150,19
190,2024,경제통상?국제지역계열,사회계열,81,698,82
190,2024,경제학,사회계열,14,55,14
190,2024,공공인재빅데이터융합학,사회계열,16,49,16
190,2024,국제경제학,사회계열,14,60,14
190,2024,글로벌?공공인재 융합계열,사회계열,49,317,50
190,2024,글로벌비즈니스학,사회계열,13,88,13
190,2024,글로벌인재학,사회계열,16,54,15
190,2024,독일어문화학,인문계열,12,27,12
190,2024,디지털영상문화콘텐츠학,인문계열,12,140,11
190,2024,문예창작학,인문계열,16,204,16
190,2024,미디어영상광고홍보학,사회계열,27,319,27
190,2024,사회복지학,사회계열,20,171,20
190,2024,사회학,사회계열,13,43,11
190,2024,수리금융학,사회계열,16,54,15
190,2024,신학,인문계열,20,28,13
190,2024,신학?인문융합계열,인문계열,207,971,223
190,2024,심리?아동학,인문계열,22,200,22
190,2024,영미문화학,인문계열,16,54,16
190,2024,응용통계학,자연계열,16,62,16
190,2024,이공계융합계열,자연계열,50,276,51
190,2024,일본학,인문계열,14,74,13
190,2024,재활상담학,사회계열,16,73,15
190,2024,종교문화학,인문계열,13,18,7
190,2024,중국어문화콘텐츠학,인문계열,15,36,15
190,2024,중국학,인문계열,15,37,15
190,2024,철학,인문계열,12,35,10
190,2024,특수체육학,예체능계열,32,460,32
190,2024,한국사학,인문계열,16,103,16
190,2024,한국어문학,인문계열,13,40,13
190,2024,휴먼서비스계열,사회계열,81,448,84
190,2024,AI?SW계열,공학계열,237,1233,237
190,2024,AI시스템반도체학,공학계열,32,248,32
190,2024,IT경영학,사회계열,13,82,12
190,2025,경영?미디어계열,사회계열,73,637,76
190,2025,경영학,사회계열,20,145,18
190,2025,경제금융학,사회계열,28,112,25
190,2025,경제통상?국제?공공인재융합계열,사회계열,88,513,92
190,2025,공공인재빅데이터융합학,사회계열,16,68,16
190,2025,국제관계학,사회계열,16,55,15
190,2025,글로벌비즈니스학,사회계열,13,58,13
190,2025,금융공학,사회계열,16,67,15
190,2025,독일어문화학,인문계열,12,49,12
190,2025,동아시아통상학,인문계열,15,68,15
190,2025,디지털영상문화콘텐츠학,인문계열,13,132,13
190,2025,문예창작학,인문계열,16,153,16
190,2025,미디어영상광고홍보학,사회계열,27,303,27
190,2025,빅데이터융합학,자연계열,16,62,16
190,2025,사회복지학,사회계열,20,180,20
190,2025,사회학,사회계열,13,55,14
190,2025,신학,인문계열,20,22,12
190,2025,신학?인문융합계열,인문계열,176,1279,184
190,2025,심리?아동학,인문계열,22,163,21
190,2025,영미문화학,인문계열,16,59,16
190,2025,일본학,인문계열,14,96,14
190,2025,자유전공학부,무전공,100,769,100
190,2025,재활상담학,사회계열,15,85,15
190,2025,중국어문화콘텐츠학,인문계열,15,58,15
190,2025,철학,인문계열,12,48,12
190,2025,첨단융합계열,자연계열,48,229,49
190,2025,특수체육학,예체능계열,32,626,32
190,2025,한국사학,인문계열,16,99,16
190,2025,한국어문학,인문계열,13,56,13
190,2025,휴먼서비스계열,사회계열,74,620,74
190,2025,AI?SW계열,공학계열,236,1425,236
190,2025,AI시스템반도체학,공학계열,32,275,32
190,2025,IT경영학,사회계열,13,68,12
190,2026,경영계열,사회계열,83,469,83
190,2026,경제금융학,사회계열,26,138,24
190,2026,공공인재빅데이터융합학,사회계열,16,62,16
190,2026,국제관계학,사회계열,16,72,16
190,2026,글로벌융합계열,인문계열,80,655,82
190,2026,금융공학,사회계열,16,66,16
190,2026,독일어문화학,인문계열,12,53,11
190,2026,동아시아통상학,인문계열,15,57,15
190,2026,디지털영상문화콘텐츠학,인문계열,14,196,16
190,2026,문예창작학,인문계열,16,168,16
190,2026,문화콘텐츠계열,인문계열,75,791,78
190,2026,미디어계열,사회계열,71,516,72
190,2026,미디어융합기독교교육,인문계열,8,21,8
190,2026,빅데이터융합학,자연계열,16,82,16
190,2026,사회복지학,사회계열,20,178,20
190,2026,사회학,사회계열,13,66,13
190,2026,신학,인문계열,14,43,14
190,2026,신학·인문융합계열,인문계열,87,384,89
190,2026,심리·아동학,인문계열,22,148,23
190,2026,영미문화학,인문계열,16,62,14
190,2026,일본학,인문계열,14,110,14
190,2026,자유전공학부,무전공,120,975,120
190,2026,재활상담학,사회계열,15,98,14
190,2026,중국어문화콘텐츠학,인문계열,15,88,15
190,2026,철학,인문계열,12,60,12
190,2026,첨단융합계열,자연계열,46,592,46
190,2026,특수체육학,예체능계열,32,618,32
190,2026,한국사학,인문계열,16,97,14
190,2026,한국어문학,인문계열,13,53,13
190,2026,휴먼서비스계열,사회계열,70,453,71
190,2026,AI·SW계열,공학계열,235,1399,234
190,2026,AI시스템반도체학,공학계열,32,159,32
191,2024,간호학과,의약계열,54,793,54
191,2024,건설환경공학과,공학계열,60,763,60
191,2024,건축공학부,공학계열,51,598,51
191,2024,건축학부,공학계열,59,924,60
191,2024,경영학부,사회계열,294,3455,299
191,2024,경제금융학부,사회계열,134,1823,138
191,2024,관광학부,사회계열,60,1290,60
191,2024,관현악과,예체능계열,39,411,39
191,2024,교육공학과,교육계열,20,297,20
191,2024,교육학과,교육계열,20,290,20
191,2024,국악과,예체능계열,32,418,32
191,2024,국어교육과,교육계열,23,690,23
191,2024,국어국문학과,인문계열,36,1346,38
191,2024,국제학전공,사회계열,56,593,59
191,2024,글로벌한국학전공,인문계열,8,357,8
191,2024,기계공학부,공학계열,173,2782,178
191,2024,기타모집단위,인문계열,69,613,0
191,2024,데이터사이언스학부,자연계열,95,1292,96
191,2024,도시공학과,공학계열,44,626,44
191,2024,독어독문학과,인문계열,20,181,21
191,2024,무용학과,예체능계열,37,343,37
191,2024,물리학과,자연계열,42,773,43
191,2024,미디어커뮤니케이션학과,사회계열,68,2198,71
191,2024,미래자동차공학과,공학계열,52,1042,53
191,2024,바이오메디컬공학전공,의약계열,38,897,40
191,2024,반도체공학과,공학계열,40,423,40
191,2024,사학과,인문계열,27,970,27
191,2024,사회학과,사회계열,42,1389,42
191,2024,산업공학과,공학계열,52,803,54
191,2024,산업융합학부,공학계열,155,1794,147
191,2024,생명공학과,자연계열,35,794,35
191,2024,생명과학과,자연계열,56,1355,58
191,2024,성악과,예체능계열,26,205,26
191,2024,수학과,자연계열,47,1285,47
191,2024,수학교육과,교육계열,19,297,19
191,2024,스포츠매니지먼트전공,사회계열,43,400,44
191,2024,스포츠사이언스전공,예체능계열,37,341,37
191,2024,식품영양학과,자연계열,51,835,52
191,2024,신소재공학부,공학계열,100,2045,104
191,2024,실내건축디자인학과,예체능계열,57,501,57
191,2024,에너지공학과,공학계열,39,768,39
191,2024,연극영화학과,예체능계열,49,1426,48
191,2024,영어교육과,교육계열,23,210,23
191,2024,영어영문학과,인문계열,65,432,67
191,2024,원자력공학과,공학계열,40,542,40
191,2024,유기나노공학과,자연계열,36,566,38
191,2024,융합전자공학부,공학계열,156,3436,159
191,2024,응용미술교육과,예체능계열,22,650,22
191,2024,의류학과,자연계열,46,568,46
191,2024,의예과,의약계열,112,1319,112
191,2024,자원환경공학과,자연계열,32,516,32
191,2024,작곡과,예체능계열,14,60,14
191,2024,전기공학전공,공학계열,69,1234,70
191,2024,정보시스템학과,공학계열,55,741,57
191,2024,정책학과,사회계열,93,985,98
191,2024,정치외교학과,사회계열,39,1354,41
191,2024,중어중문학과,인문계열,62,436,64
191,2024,철학과,인문계열,19,756,19
191,2024,컴퓨터소프트웨어학부,공학계열,155,4093,159
191,2024,파이낸스경영학과,사회계열,54,777,57
191,2024,피아노과,예체능계열,19,318,19
191,2024,행정학과,사회계열,48,583,47
191,2024,화학공학과,공학계열,69,1593,72
191,2024,화학과,자연계열,58,926,59
191,2025,간호학과,의약계열,64,842,66
191,2025,건설환경공학과,공학계열,57,890,57
191,2025,건축공학부,공학계열,47,673,46
191,2025,건축학부,공학계열,52,799,53
191,2025,경영학부,사회계열,291,3281,299
191,2025,경제금융학부,사회계열,128,1491,130
191,2025,관광학부,사회계열,48,1460,48
191,2025,관현악과,예체능계열,38,410,38
191,2025,교육공학과,교육계열,20,261,20
191,2025,교육학과,교육계열,20,324,20
191,2025,국악과,예체능계열,31,398,30
191,2025,국어교육과,교육계열,23,240,21
191,2025,국어국문학과,인문계열,43,1264,42
191,2025,국제학부,사회계열,57,788,60
191,2025,글로벌콘텐츠융합학부,인문계열,12,56,12
191,2025,기계공학부,공학계열,158,2616,162
191,2025,기타모집단위,인문계열,69,0,0
191,2025,데이터사이언스학부,자연계열,53,758,53
191,2025,도시공학과,공학계열,41,746,42
191,2025,독어독문학과,인문계열,20,283,20
191,2025,무용학과,예체능계열,38,346,37
191,2025,물리학과,자연계열,43,674,42
191,2025,미디어커뮤니케이션학과,사회계열,69,2289,69
191,2025,미래자동차공학과,공학계열,41,930,40
191,2025,바이오메디컬공학전공,의약계열,32,513,32
191,2025,반도체공학과,공학계열,40,1102,40
191,2025,사학과,인문계열,28,1110,28
191,2025,사회학과,사회계열,36,1355,36
191,2025,산업공학과,공학계열,54,871,54
191,2025,산업융합학부,공학계열,154,1735,145
191,2025,생명공학과,자연계열,34,472,36
191,2025,생명과학과,자연계열,59,1092,59
191,2025,성악과,예체능계열,29,221,28
191,2025,수학과,자연계열,46,886,46
191,2025,수학교육과,교육계열,19,344,19
191,2025,스포츠매니지먼트전공,사회계열,38,404,41
191,2025,스포츠사이언스전공,예체능계열,39,455,39
191,2025,식품영양학과,자연계열,45,849,45
191,2025,신소재공학부,공학계열,95,1839,96
191,2025,실내건축디자인학과,예체능계열,44,484,45
191,2025,에너지공학과,공학계열,31,407,31
191,2025,연극영화학과,예체능계열,50,1809,50
191,2025,영어교육과,교육계열,23,216,23
191,2025,영어영문학과,인문계열,60,556,63
191,2025,원자력공학과,공학계열,37,344,38
191,2025,유기나노공학과,자연계열,34,382,39
191,2025,융합전자공학부,공학계열,130,2316,133
191,2025,응용미술교육과,예체능계열,22,642,22
191,2025,의류학과,자연계열,46,544,46
191,2025,의예과,의약계열,112,1978,112
191,2025,자원환경공학과,자연계열,32,411,32
191,2025,작곡과,예체능계열,14,46,14
191,2025,전기공학전공,공학계열,70,1162,70
191,2025,정보시스템학과,공학계열,51,736,54
191,2025,정책학과,사회계열,85,1257,84
191,2025,정치외교학과,사회계열,37,1495,38
191,2025,중어중문학과,인문계열,53,435,52
191,2025,철학과,인문계열,19,830,19
191,2025,컴퓨터소프트웨어학부,공학계열,138,3109,143
191,2025,파이낸스경영학과,사회계열,49,758,50
191,2025,피아노과,예체능계열,19,380,19
191,2025,한양인터칼리지학부,무전공,250,13137,248
191,2025,행정학과,사회계열,39,404,39
191,2025,화학공학과,공학계열,66,1192,69
191,2025,화학과,자연계열,51,915,51
191,2026,간호학과,의약계열,56,804,56
191,2026,건설환경공학과,공학계열,54,852,54
191,2026,건축공학부,공학계열,42,725,42
191,2026,건축학부,공학계열,50,852,51
191,2026,경영학부,사회계열,304,3858,302
191,2026,경제금융학부,사회계열,134,1916,133
191,2026,관광학부,사회계열,51,1486,51
191,2026,관현악과,예체능계열,39,400,39
191,2026,교육공학과,교육계열,20,296,20
191,2026,교육학과,교육계열,20,295,20
191,2026,국악과,예체능계열,31,408,30
191,2026,국어교육과,교육계열,23,279,23
191,2026,국어국문학과,인문계열,38,1141,38
191,2026,국제학부,사회계열,57,811,57
191,2026,글로벌콘텐츠융합학부,인문계열,13,123,13
191,2026,기계공학부,공학계열,168,3093,167
191,2026,데이터사이언스학부,자연계열,67,816,67
191,2026,도시공학과,공학계열,43,765,43
191,2026,독어독문학과,인문계열,19,241,19
191,2026,무용학과,예체능계열,33,310,33
191,2026,물리학과,자연계열,39,853,39
191,2026,미디어커뮤니케이션학과,사회계열,72,2314,72
191,2026,미래자동차공학과,공학계열,64,1170,62
191,2026,바이오메디컬공학전공,의약계열,33,577,33
191,2026,반도체공학과,공학계열,40,1289,40
191,2026,사학과,인문계열,25,1091,25
191,2026,사회학과,사회계열,47,1483,47
191,2026,산업공학과,공학계열,51,940,51
191,2026,산업융합학부,공학계열,157,1525,149
191,2026,생명공학과,자연계열,36,427,36
191,2026,생명과학과,자연계열,58,1310,57
191,2026,성악과,예체능계열,25,243,25
191,2026,수학과,자연계열,44,897,44
191,2026,수학교육과,교육계열,19,382,18
191,2026,스포츠매니지먼트전공,사회계열,32,406,32
191,2026,스포츠사이언스전공,예체능계열,37,392,37
191,2026,식품영양학과,자연계열,48,850,48
191,2026,신소재공학부,공학계열,103,2095,102
191,2026,실내건축디자인학과,예체능계열,41,437,41
191,2026,에너지공학과,공학계열,33,514,32
191,2026,연극영화학과,예체능계열,51,1416,51
191,2026,영어교육과,교육계열,23,291,23
191,2026,영어영문학과,인문계열,61,538,61
191,2026,원자력공학과,공학계열,36,317,36
191,2026,유기나노공학과,자연계열,33,402,33
191,2026,융합전자공학부,공학계열,178,3172,176
191,2026,응용미술교육과,예체능계열,22,601,21
191,2026,의류학과,자연계열,40,526,40
191,2026,의예과,의약계열,110,3811,110
191,2026,자원환경공학과,자연계열,34,405,33
191,2026,작곡과,예체능계열,14,48,14
191,2026,전기공학전공,공학계열,73,1315,73
191,2026,정보시스템학과,공학계열,49,849,48
191,2026,정책학과,사회계열,84,1339,81
191,2026,정치외교학과,사회계열,39,1520,37
191,2026,중어중문학과,인문계열,57,435,57
191,2026,철학과,인문계열,20,792,20
191,2026,컴퓨터소프트웨어학부,공학계열,149,2866,148
191,2026,파이낸스경영학과,사회계열,52,864,52
191,2026,피아노과,예체능계열,19,124,19
191,2026,한양인터칼리지학부,무전공,250,9563,245
191,2026,행정학과,사회계열,39,367,39
191,2026,화학공학과,공학계열,69,1153,69
191,2026,화학과,자연계열,55,983,55
192,2024,건설환경공학과,공학계열,44,629,44
192,2024,건축공학전공,공학계열,36,378,36
192,2024,건축학전공,공학계열,36,695,37
192,2024,경영학부,사회계열,147,1398,148
192,2024,경제학부,사회계열,88,748,89
192,2024,광고홍보학과,사회계열,67,570,69
192,2024,교통물류공학과,공학계열,38,289,41
192,2024,국방정보공학과,공학계열,40,231,39
192,2024,기계공학과,공학계열,120,1092,124
192,2024,기타모집단위,인문계열,48,132,0
192,2024,나노광전자학과,공학계열,32,315,33
192,2024,로봇공학과,공학계열,62,590,61
192,2024,무용예술학과,예체능계열,30,278,31
192,2024,문화인류학과,인문계열,34,542,34
192,2024,문화콘텐츠학과,인문계열,39,503,39
192,2024,보험계리학과,사회계열,28,359,28
192,2024,산업경영공학과,공학계열,39,368,40
192,2024,생명나노공학과,자연계열,30,401,30
192,2024,수리데이터사이언스학과,자연계열,32,527,33
192,2024,스마트융합공학부 건축IT융합전공,공학계열,30,187,22
192,2024,스마트융합공학부 로봇융합전공,공학계열,30,190,26
192,2024,스마트융합공학부 소재?부품융합전공,공학계열,30,109,16
192,2024,스마트융합공학부 스마트ICT융합전공,공학계열,30,321,23
192,2024,스마트융합공학부 지속가능건축융합전공,공학계열,30,107,24
192,2024,스포츠과학부,예체능계열,75,2727,75
192,2024,실용음악학과,예체능계열,33,3009,33
192,2024,약학과(6년제),의약계열,36,869,36
192,2024,영미언어문화학과,인문계열,60,477,59
192,2024,영상디자인학과,예체능계열,40,387,40
192,2024,융합공학과,공학계열,39,375,39
192,2024,융합디자인학부,예체능계열,81,860,83
192,2024,응용물리학과,자연계열,33,246,33
192,2024,의약생명과학과,자연계열,39,514,41
192,2024,인공지능학과,공학계열,70,600,70
192,2024,일본학과,인문계열,39,894,40
192,2024,재료화학공학과,공학계열,100,678,100
192,2024,전자공학부,공학계열,177,1500,179
192,2024,정보사회미디어학과,사회계열,75,764,77
192,2024,주얼리ㆍ패션디자인학과,예체능계열,44,515,44
192,2024,중국학과,인문계열,38,503,37
192,2024,컴퓨터학부,공학계열,110,975,112
192,2024,프랑스학과,인문계열,29,262,29
192,2024,한국언어문학과,인문계열,32,437,32
192,2024,해양융합공학과,공학계열,36,323,36
192,2024,화학분자공학과,공학계열,46,519,46
192,2024,회계세무학과,사회계열,65,264,60
192,2024,ICT융합학부,공학계열,64,514,66
192,2025,건설환경공학과,공학계열,34,464,35
192,2025,건축공학전공,공학계열,28,383,29
192,2025,건축학전공,공학계열,28,319,30
192,2025,경영학부,사회계열,125,1416,126
192,2025,경제학부,사회계열,69,661,71
192,2025,광고홍보학과,사회계열,53,483,57
192,2025,교통물류공학과,공학계열,31,281,32
192,2025,국방전략기술공학과,공학계열,40,235,40
192,2025,글로벌문화통상학부,사회계열,124,1546,125
192,2025,기계공학과,공학계열,89,770,91
192,2025,기타모집단위,인문계열,50,0,0
192,2025,디자인계열,예체능계열,149,2252,154
192,2025,로봇공학과,공학계열,37,330,37
192,2025,무용예술학과,예체능계열,29,261,29
192,2025,문화인류학과,인문계열,27,426,27
192,2025,문화콘텐츠학과,인문계열,35,325,36
192,2025,미디어학과,공학계열,63,632,63
192,2025,바이오나노공학전공,자연계열,26,219,26
192,2025,바이오신약융합학부,무전공,73,685,73
192,2025,반도체?디스플레이공학전공,공학계열,31,193,31
192,2025,배터리소재화학공학과,공학계열,35,257,37
192,2025,보험계리학과,사회계열,22,170,22
192,2025,분자의약전공,자연계열,37,270,37
192,2025,산업경영공학과,공학계열,32,323,33
192,2025,수리데이터사이언스학과,자연계열,31,335,31
192,2025,스마트융합공학부 건축IT융합전공,공학계열,30,174,22
192,2025,스마트융합공학부 로봇융합전공,공학계열,30,226,15
192,2025,스마트융합공학부 소재?부품융합전공,공학계열,30,139,12
192,2025,스마트융합공학부 스마트컨스트럭션융합전공,공학계열,12,22,12
192,2025,스마트융합공학부 스마트ICT융합전공,공학계열,30,259,17
192,2025,스마트융합공학부 지속가능건축융합전공,공학계열,30,141,23
192,2025,스포츠과학부,예체능계열,74,3213,72
192,2025,신소재?반도체공학전공,공학계열,50,336,49
192,2025,실용음악학과,예체능계열,31,3387,31
192,2025,약학과(6년제),의약계열,36,1085,36
192,2025,에너지바이오학과,공학계열,41,451,41
192,2025,융합시스템공학과,공학계열,43,311,39
192,2025,인공지능학과,공학계열,50,417,50
192,2025,전자공학부,공학계열,126,1334,132
192,2025,지능정보양자공학전공,자연계열,63,369,63
192,2025,컴퓨터학부,공학계열,80,679,81
192,2025,해양융합공학과,공학계열,31,252,31
192,2025,회계세무학과,사회계열,67,243,60
192,2025,ICT융합학부,공학계열,40,319,41
192,2025,LIONS자율전공학부(인문사회계열),무전공,95,1637,95
192,2025,LIONS자율전공학부(자연계열),무전공,130,2375,130
192,2025,LIONS자율전공학부(전계열),무전공,223,2582,223
192,2026,건설환경공학과,공학계열,35,249,35
192,2026,건축공학전공,공학계열,31,191,31
192,2026,건축학전공,공학계열,29,237,29
192,2026,경영학부,사회계열,136,1034,135
192,2026,경제학부,사회계열,72,579,71
192,2026,광고홍보학과,사회계열,59,322,59
192,2026,교통물류공학과,공학계열,33,238,33
192,2026,국방전략기술공학과,공학계열,40,213,40
192,2026,글로벌문화통상학부,사회계열,126,1380,125
192,2026,기계공학과,공학계열,93,714,93
192,2026,기타모집단위,인문계열,1,0,0
192,2026,디자인계열,예체능계열,158,1834,158
192,2026,로봇공학과,공학계열,40,239,40
192,2026,무용예술학과,예체능계열,32,405,32
192,2026,문화인류학과,인문계열,31,441,27
192,2026,문화콘텐츠학과,인문계열,43,318,35
192,2026,미디어학과,공학계열,64,625,64
192,2026,바이오나노공학전공,자연계열,28,132,28
192,2026,바이오신약융합학부,무전공,73,774,72
192,2026,반도체·디스플레이공학전공,공학계열,30,189,30
192,2026,배터리소재화학공학과,공학계열,69,447,69
192,2026,보험계리학과,사회계열,22,131,22
192,2026,분자의약전공,자연계열,35,354,35
192,2026,산업경영공학과,공학계열,30,178,30
192,2026,수리데이터사이언스학과,자연계열,30,179,30
192,2026,스마트융합공학부 건축IT융합전공,공학계열,24,161,19
192,2026,스마트융합공학부 로봇융합전공,공학계열,24,208,13
192,2026,스마트융합공학부 소재·부품융합전공,공학계열,24,94,6
192,2026,스마트융합공학부 스마트건축구조시공융합전공,공학계열,54,223,46
192,2026,스마트융합공학부 스마트컨스트럭션융합전공,공학계열,16,29,16
192,2026,스마트융합공학부 스마트ICT융합전공,공학계열,24,270,13
192,2026,스포츠과학부,예체능계열,74,1388,74
192,2026,신소재·반도체공학전공,공학계열,54,444,54
192,2026,실용음악학과,예체능계열,32,3732,31
192,2026,약학과(6년제),의약계열,36,676,36
192,2026,에너지바이오학과,공학계열,41,264,41
192,2026,융합시스템공학과,공학계열,46,290,35
192,2026,인공지능학과,공학계열,43,379,43
192,2026,전자공학부,공학계열,131,829,131
192,2026,지능정보양자공학전공,자연계열,63,345,63
192,2026,지능형클라우드전공,공학계열,12,117,12
192,2026,차세대반도체융합공학부,공학계열,48,270,48
192,2026,컴퓨터전공,공학계열,63,324,62
192,2026,컴퓨터학부,공학계열,24,187,24
192,2026,해양융합공학과,공학계열,30,212,30
192,2026,회계세무학과,사회계열,68,213,54
192,2026,ICT융합학부,공학계열,40,243,40
192,2026,LIONS자율전공학부(인문사회계열),무전공,95,2185,95
192,2026,LIONS자율전공학부(자연계열),무전공,110,1953,109
192,2026,LIONS자율전공학부(전계열),무전공,223,3495,223
193,2024,간호학과,의약계열,73,199,62
193,2024,기타모집단위,인문계열,4,0,0
193,2024,사회복지학과,사회계열,45,55,33
193,2024,신학과,인문계열,29,35,23
193,2024,실용음악학과,예체능계열,27,29,20
193,2024,심리상담학과,인문계열,24,32,22
193,2024,운동처방재활학과,예체능계열,50,77,36
193,2025,간호학과,의약계열,103,166,36
193,2025,사회복지학과,사회계열,33,36,24
193,2025,소프트웨어엔지니어링학과,공학계열,12,12,12
193,2025,신학과,인문계열,26,27,19
193,2025,실용음악학과,예체능계열,17,12,8
193,2025,심리상담학과,인문계열,17,12,8
193,2025,엘리트스포츠학과,예체능계열,37,55,26
193,2025,운동처방재활학과,예체능계열,15,23,11
193,2025,혁신경영학과,사회계열,37,37,37
193,2026,간호학과,의약계열,103,199,33
193,2026,사회복지학과,사회계열,45,55,36
193,2026,소프트웨어엔지니어링학과,공학계열,16,16,10
193,2026,신학과,인문계열,26,22,15
193,2026,실용음악학과,예체능계열,23,19,14
193,2026,심리상담학과,인문계열,17,28,19
193,2026,엘리트스포츠학과,예체능계열,37,63,17
193,2026,운동처방재활학과,예체능계열,15,23,15
193,2026,혁신경영학과,사회계열,40,40,15
194,2024,가구디자인학과,예체능계열,32,251,32
194,2024,건축공학과,공학계열,43,293,43
194,2024,경영학과,사회계열,53,376,53
194,2024,관현악전공,예체능계열,11,16,3
194,2024,글로벌통상?문화학과,사회계열,37,250,37
194,2024,금융보험학과,사회계열,37,193,37
194,2024,도시공학과,공학계열,39,322,39
194,2024,도시행정학과,사회계열,42,488,42
194,2024,문예창작학과,인문계열,37,305,37
194,2024,미디어영상광고학과,사회계열,69,710,69
194,2024,보건관리학과,의약계열,43,343,44
194,2024,사회복지학과,사회계열,64,448,64
194,2024,산업디자인학과,예체능계열,46,387,46
194,2024,성악전공,예체능계열,9,8,1
194,2024,세무회계학과,사회계열,40,252,40
194,2024,소프트웨어공학과,공학계열,47,413,47
194,2024,시각디자인학과,예체능계열,47,507,47
194,2024,신학과,인문계열,50,146,50
194,2024,실내디자인학과,예체능계열,41,412,41
194,2024,실용음악전공,예체능계열,13,76,28
194,2024,아동보육학과,교육계열,43,262,43
194,2024,에이블아트?스포츠학과,예체능계열,80,47,16
194,2024,유통경영학과,사회계열,37,291,37
194,2024,의생명화학과,자연계열,41,236,42
194,2024,중국어문화학과,인문계열,36,248,36
194,2024,컴퓨터공학과,공학계열,46,378,46
194,2024,피아노전공,예체능계열,21,62,19
194,2024,호텔관광경영학과,사회계열,33,418,33
194,2025,가구디자인학과,예체능계열,26,251,26
194,2025,건축공학과,공학계열,36,276,35
194,2025,경영학과,사회계열,43,338,43
194,2025,관현악전공,예체능계열,10,31,6
194,2025,글로벌통상?문화학과,사회계열,31,176,31
194,2025,금융보험학과,사회계열,31,226,31
194,2025,도시공학과,공학계열,32,206,32
194,2025,도시행정학과,사회계열,35,248,35
194,2025,문예창작학과,인문계열,31,271,31
194,2025,미디어영상광고학과,사회계열,54,609,54
194,2025,보건관리학과,의약계열,36,422,36
194,2025,사회복지학과,사회계열,52,452,51
194,2025,산업디자인학과,예체능계열,39,332,39
194,2025,성악전공,예체능계열,7,23,9
194,2025,세무회계학과,사회계열,34,290,34
194,2025,소프트웨어공학과,공학계열,39,305,39
194,2025,시각디자인학과,예체능계열,38,598,38
194,2025,신학과,인문계열,41,141,41
194,2025,실내디자인학과,예체능계열,34,340,34
194,2025,실용음악전공,예체능계열,10,58,12
194,2025,아동보육학과,교육계열,36,278,36
194,2025,에이블아트?스포츠학과,예체능계열,36,57,25
194,2025,유통경영학과,사회계열,31,246,31
194,2025,의생명화학과,자연계열,33,306,33
194,2025,자율전공학부,무전공,185,1337,185
194,2025,중국어문화학과,인문계열,29,306,29
194,2025,컴퓨터공학과,공학계열,39,330,39
194,2025,피아노전공,예체능계열,16,82,16
194,2025,호텔관광경영학과,사회계열,28,264,28
194,2026,가구디자인학과,예체능계열,26,445,26
194,2026,건축공학과,공학계열,36,203,36
194,2026,경영학과,사회계열,208,719,208
194,2026,관현악전공,예체능계열,9,24,2
194,2026,글로벌통상·문화학과,사회계열,31,241,31
194,2026,금융보험학과,사회계열,31,440,31
194,2026,도시공학과,공학계열,31,354,31
194,2026,도시행정학과,사회계열,35,356,35
194,2026,문예창작학과,인문계열,31,269,31
194,2026,미디어영상광고학과,사회계열,55,653,55
194,2026,보건관리학과,의약계열,35,300,35
194,2026,사회복지학과,사회계열,51,425,51
194,2026,산업디자인학과,예체능계열,39,353,39
194,2026,성악전공,예체능계열,7,29,3
194,2026,세무회계학과,사회계열,34,218,34
194,2026,소프트웨어공학과,공학계열,39,218,39
194,2026,시각디자인학과,예체능계열,39,423,39
194,2026,신학과,인문계열,40,198,40
194,2026,실내디자인학과,예체능계열,35,371,35
194,2026,실용음악전공,예체능계열,11,116,22
194,2026,아동보육학과,교육계열,34,182,34
194,2026,에이블아트·스포츠학과,예체능계열,36,85,34
194,2026,유통경영학과,사회계열,32,304,32
194,2026,의생명화학과,자연계열,33,226,33
194,2026,자율전공학부,무전공,185,2059,185
194,2026,중국어문화학과,인문계열,28,252,27
194,2026,컴퓨터공학과,공학계열,39,246,39
194,2026,피아노전공,예체능계열,16,101,16
194,2026,호텔관광경영학과,사회계열,28,311,28
195,2024,간호학과,의약계열,180,1395,179
195,2024,건축학부,공학계열,40,143,32
195,2024,경영학부,사회계열,35,100,18
195,2024,경찰행정학과,사회계열,46,188,36
195,2024,관광경영학과,사회계열,20,53,9
195,2024,글로벌한국어교육학과,교육계열,17,10,2
195,2024,드림라이프대학,사회계열,60,134,59
195,2024,라이프코칭상담학과,사회계열,5,0,0
195,2024,로봇드론공학과,공학계열,28,80,5
195,2024,만화애니메이션학과,예체능계열,44,197,40
195,2024,문화예술체육대학,예체능계열,16,121,58
195,2024,물리치료학과,의약계열,42,561,41
195,2024,미디어영상공연학과,예체능계열,26,93,22
195,2024,미디어커뮤니케이션학과,사회계열,20,77,13
195,2024,미래자동차공학부,공학계열,40,78,13
195,2024,반려동물산업학과,자연계열,30,128,26
195,2024,보건과학대학,의약계열,11,65,25
195,2024,뷰티미용학과,예체능계열,47,280,42
195,2024,사회경영대학,사회계열,16,276,153
195,2024,사회복지학과,사회계열,50,226,22
195,2024,상담심리학과,인문계열,30,119,21
195,2024,소방행정학과,사회계열,40,193,30
195,2024,스포츠레저학과,예체능계열,45,109,38
195,2024,시각융합디자인학과,예체능계열,31,110,21
195,2024,식품영양학과,자연계열,20,109,14
195,2024,아트&스포츠학과,예체능계열,5,0,0
195,2024,외식조리학과,자연계열,60,297,55
195,2024,유아교육학과,교육계열,44,203,34
195,2024,응급구조학과,의약계열,56,385,53
195,2024,임상병리학과,의약계열,30,245,27
195,2024,작업치료학과,의약계열,57,225,38
195,2024,전기공학과,공학계열,40,163,23
195,2024,정보통신공학과,공학계열,20,49,3
195,2024,중국어학과,인문계열,20,41,6
195,2024,축구학과,예체능계열,48,142,43
195,2024,치기공학과,의약계열,32,74,17
195,2024,치위생학과,의약계열,46,323,45
195,2024,컴퓨터공학과,공학계열,40,148,19
195,2024,태권도경호학과,예체능계열,22,68,17
195,2024,토목환경공학과,공학계열,20,65,13
195,2024,패션디자인학과,예체능계열,30,113,28
195,2024,푸드케어학과,자연계열,5,0,0
195,2024,하우징&가든학과,공학계열,5,0,0
195,2024,항공서비스학과,사회계열,30,99,11
195,2024,행정학과,사회계열,20,37,9
195,2024,호텔경영학과,사회계열,30,89,21
195,2024,AI융합대학,공학계열,9,136,67
195,2024,e스포츠산업학과,예체능계열,39,205,38
195,2025,간호학과,의약계열,195,1466,195
195,2025,건축학부,공학계열,40,137,19
195,2025,경영학부,사회계열,40,102,15
195,2025,경찰행정학과,사회계열,43,186,38
195,2025,관광경영학과,사회계열,23,59,10
195,2025,글로벌한국어교육학과,교육계열,4,5,4
195,2025,드림라이프학부,사회계열,22,29,22
195,2025,로봇드론공학과,공학계열,20,48,12
195,2025,만화애니메이션학과,예체능계열,45,165,43
195,2025,문화예술체육대학,예체능계열,16,310,106
195,2025,물리치료학과,의약계열,44,518,44
195,2025,미디어영상공연학과,예체능계열,25,93,22
195,2025,미디어커뮤니케이션학과,사회계열,21,74,15
195,2025,미래모빌리티학과,공학계열,38,50,9
195,2025,반려동물산업학과,자연계열,30,175,25
195,2025,보건과학대학,의약계열,11,183,38
195,2025,뷰티미용학과,예체능계열,47,250,35
195,2025,사회경영대학,사회계열,17,372,125
195,2025,사회복지학과,사회계열,45,160,20
195,2025,상담심리학과,인문계열,28,85,8
195,2025,소방행정학과,사회계열,40,156,27
195,2025,스포츠레저학과,예체능계열,46,123,32
195,2025,시각융합디자인학과,예체능계열,32,72,10
195,2025,식품영양학과,자연계열,20,66,11
195,2025,외식조리학과,자연계열,60,221,50
195,2025,유아교육학과,교육계열,44,173,32
195,2025,응급구조학과,의약계열,56,263,49
195,2025,임상병리학과,의약계열,37,244,36
195,2025,자유전공학부,무전공,109,535,107
195,2025,작업치료학과,의약계열,47,200,46
195,2025,전기공학과,공학계열,35,94,17
195,2025,축구학과,예체능계열,48,96,31
195,2025,치기공학과,의약계열,32,109,15
195,2025,치위생학과,의약계열,48,323,42
195,2025,컴퓨터공학과,공학계열,40,123,28
195,2025,태권도학과,예체능계열,22,68,15
195,2025,토목환경공학과,공학계열,20,47,8
195,2025,패션디자인학과,예체능계열,30,82,16
195,2025,항공서비스학과,사회계열,29,129,26
195,2025,호텔컨벤션학과,사회계열,30,85,17
195,2025,AI융합대학,공학계열,8,252,73
195,2025,e스포츠산업학과,예체능계열,39,198,33
195,2026,간호학과,의약계열,203,1410,203
195,2026,건축학부,공학계열,0,94,15
195,2026,경영계열,사회계열,144,277,67
195,2026,경영학부,사회계열,10,65,21
195,2026,경찰행정학과,사회계열,0,113,19
195,2026,공학계열,공학계열,189,439,111
195,2026,관광경영학과,사회계열,16,49,23
195,2026,글로벌한국어교육학과,교육계열,5,6,5
195,2026,기계자동차학과,공학계열,2,80,18
195,2026,드림라이프학부,사회계열,185,278,185
195,2026,로봇드론공학과,공학계열,0,37,6
195,2026,만화애니메이션학과,예체능계열,0,145,27
195,2026,물리치료학과,의약계열,42,482,42
195,2026,미디어영상공연학과,예체능계열,2,66,18
195,2026,미디어커뮤니케이션학과,사회계열,0,79,12
195,2026,반려동물산업학과,자연계열,33,225,33
195,2026,보건계열,의약계열,148,288,76
195,2026,뷰티미용학과,예체능계열,1,225,28
195,2026,사회계열,사회계열,172,374,81
195,2026,사회복지학과,사회계열,0,126,23
195,2026,상담심리학과,인문계열,0,60,15
195,2026,소방행정학과,사회계열,0,108,22
195,2026,스포츠레저학과,예체능계열,0,119,34
195,2026,시각디자인학과,예체능계열,0,66,19
195,2026,식품영양학과,자연계열,0,73,12
195,2026,예술계열,예체능계열,184,404,78
195,2026,외식조리베이커리학과,자연계열,0,220,28
195,2026,유아교육학과,교육계열,44,195,41
195,2026,응급구조학과,의약계열,0,215,26
195,2026,임상병리학과,의약계열,35,271,35
195,2026,자유전공학부,무전공,80,334,79
195,2026,작업치료학과,의약계열,47,281,45
195,2026,전기공학과,공학계열,0,89,15
195,2026,체육계열,예체능계열,158,220,48
195,2026,축구학과,예체능계열,0,92,35
195,2026,치기공학과,의약계열,32,170,30
195,2026,치위생학과,의약계열,47,393,47
195,2026,컴퓨터공학과,공학계열,2,63,14
195,2026,태권도학과,예체능계열,0,38,18
195,2026,토목환경공학과,공학계열,0,34,9
195,2026,패션디자인학과,예체능계열,0,72,14
195,2026,항공서비스학과,사회계열,1,101,20
195,2026,호텔컨벤션학과,사회계열,0,60,12
195,2026,e스포츠산업학과,예체능계열,0,98,22
196,2024,교회음악학과,예체능계열,50,65,50
196,2024,기독교사회복지상담학과,사회계열,35,44,35
196,2024,신학과,인문계열,35,42,35
196,2025,교회음악학과,예체능계열,50,64,50
196,2025,기독교사회복지상담학과,사회계열,34,38,34
196,2025,신학과,인문계열,36,38,36
196,2026,교회음악학과,예체능계열,38,49,38
196,2026,기독교사회복지상담학과,사회계열,47,50,47
196,2026,신학과,인문계열,26,26,17
196,2026,자율전공학과,무전공,15,16,15
197,2024,간호학과,의약계열,74,659,74
197,2024,건축토목공학부,공학계열,84,354,84
197,2024,건축학과,공학계열,48,299,48
197,2024,게임소프트웨어학과,공학계열,92,388,92
197,2024,경영학부,사회계열,158,725,158
197,2024,골프산업학과,예체능계열,22,151,22
197,2024,공연예술학부,예체능계열,91,484,91
197,2024,국제학부,사회계열,12,22,12
197,2024,글로벌통상학과,사회계열,85,436,85
197,2024,기계공학과,공학계열,63,309,63
197,2024,기독교학과,인문계열,15,66,15
197,2024,기타모집단위,인문계열,89,0,0
197,2024,동물보건복지학과,자연계열,64,356,64
197,2024,디지털금융경영학과,사회계열,63,264,63
197,2024,디지털프로덕트디자인학과,예체능계열,31,327,31
197,2024,문화영상학부,예체능계열,81,429,81
197,2024,물리치료학과,의약계열,42,356,42
197,2024,미디어커뮤니케이션학과,사회계열,37,297,37
197,2024,미래자동차공학과,공학계열,64,364,65
197,2024,반도체공학과,공학계열,61,273,61
197,2024,법경찰행정학과,사회계열,122,545,122
197,2024,빅데이터AI학부,공학계열,89,334,89
197,2024,사회복지상담학과,사회계열,26,34,26
197,2024,사회복지학부,사회계열,89,466,89
197,2024,사회체육학과,예체능계열,42,699,42
197,2024,산업디자인학과,예체능계열,40,269,40
197,2024,산업심리학과,인문계열,57,312,57
197,2024,산업안전공학과,공학계열,36,62,36
197,2024,생명공학과,자연계열,44,202,44
197,2024,소방방재학과,공학계열,68,352,68
197,2024,스마트경영학과,사회계열,13,19,13
197,2024,시각디자인학과,예체능계열,45,341,45
197,2024,시스템제어공학과,공학계열,46,177,46
197,2024,식품공학과,자연계열,46,157,46
197,2024,식품영양학과,자연계열,47,206,47
197,2024,실내디자인학과,예체능계열,40,285,40
197,2024,실용미디어학과,예체능계열,12,27,12
197,2024,안전공학과,공학계열,54,283,54
197,2024,애니메이션학과,예체능계열,62,1143,62
197,2024,영어영문학과,인문계열,55,235,55
197,2024,유아교육과,교육계열,42,218,42
197,2024,임상병리학과,의약계열,45,290,45
197,2024,전기공학과,공학계열,75,361,75
197,2024,전자공학과,공학계열,64,273,64
197,2024,전자재료공학과,공학계열,41,242,41
197,2024,정보통신공학부,공학계열,70,327,70
197,2024,제약공학과,자연계열,48,199,48
197,2024,중국학과,인문계열,44,224,44
197,2024,지능로봇학과,공학계열,40,241,40
197,2024,청소년문화?상담학과,사회계열,37,245,37
197,2024,컴퓨터공학부,공학계열,162,516,162
197,2024,한국언어문화학과,인문계열,34,149,34
197,2024,항공서비스학과,사회계열,53,299,53
197,2024,화장품과학과,공학계열,46,279,46
197,2024,화학공학과,공학계열,49,244,48
197,2024,환경공학과,자연계열,39,166,39
197,2025,간호학과,의약계열,84,1002,84
197,2025,건축토목공학부,공학계열,74,392,86
197,2025,건축학과,공학계열,49,305,47
197,2025,게임소프트웨어학과,공학계열,80,405,92
197,2025,경영학부,사회계열,146,884,163
197,2025,골프산업학과,예체능계열,21,112,21
197,2025,공연예술학부,예체능계열,86,516,86
197,2025,국제학부,사회계열,37,80,37
197,2025,글로벌통상학과,사회계열,79,401,79
197,2025,기계공학과,공학계열,57,431,67
197,2025,기독교학과,인문계열,16,51,17
197,2025,기타모집단위,인문계열,143,0,0
197,2025,동물보건복지학과,자연계열,65,543,65
197,2025,디자인스쿨,예체능계열,156,1190,156
197,2025,디지털금융경영학과,사회계열,60,412,61
197,2025,문화영상학부,예체능계열,85,621,85
197,2025,물리치료학과,의약계열,41,503,41
197,2025,미디어커뮤니케이션학과,사회계열,29,403,35
197,2025,미래융합대학,사회계열,118,179,0
197,2025,미래자동차공학과,공학계열,59,323,62
197,2025,반도체공학과,공학계열,60,297,65
197,2025,법경찰행정학과,사회계열,116,744,114
197,2025,빅데이터AI학부,공학계열,83,298,83
197,2025,사회복지학부,사회계열,80,714,86
197,2025,사회체육학과,예체능계열,43,988,43
197,2025,산업심리학과,인문계열,56,297,59
197,2025,생명공학과,자연계열,44,240,47
197,2025,소방방재학과,공학계열,60,416,71
197,2025,시스템제어공학과,공학계열,38,143,39
197,2025,식품공학과,자연계열,43,221,45
197,2025,식품영양학과,자연계열,48,302,47
197,2025,안전공학과,공학계열,54,153,55
197,2025,애니메이션학과,예체능계열,75,1082,75
197,2025,영어영문학과,인문계열,52,293,55
197,2025,유아교육과,교육계열,43,376,42
197,2025,임상병리학과,의약계열,56,547,55
197,2025,자유전공학부,무전공,15,104,15
197,2025,전기공학과,공학계열,69,364,73
197,2025,전자공학과,공학계열,60,226,63
197,2025,전자재료공학과,공학계열,40,178,40
197,2025,정보통신공학부,공학계열,65,251,66
197,2025,제약공학과,자연계열,45,221,49
197,2025,중국학과,인문계열,42,228,42
197,2025,지능로봇학과,공학계열,40,131,41
197,2025,청소년문화?상담학과,사회계열,35,285,38
197,2025,컴퓨터공학부,공학계열,149,781,157
197,2025,한국언어문화학과,인문계열,29,153,30
197,2025,항공서비스학과,사회계열,56,609,56
197,2025,화장품과학과,공학계열,45,256,49
197,2025,화학공학과,공학계열,46,224,46
197,2025,환경공학과,자연계열,36,187,36
197,2026,간호학과,의약계열,84,826,84
197,2026,건축토목공학부,공학계열,74,388,82
197,2026,건축학과,공학계열,49,293,49
197,2026,게임소프트웨어학과,공학계열,81,508,91
197,2026,경찰행정학과,사회계열,113,747,113
197,2026,골프산업학과,예체능계열,20,148,20
197,2026,공연예술학부,예체능계열,81,597,81
197,2026,국제학부,사회계열,29,66,29
197,2026,기계공학과,공학계열,57,388,66
197,2026,기독교학과,인문계열,15,60,15
197,2026,기타모집단위,인문계열,135,0,0
197,2026,동물보건복지학과,자연계열,66,747,67
197,2026,디자인스쿨,예체능계열,159,1338,159
197,2026,문화영상학부,예체능계열,86,523,86
197,2026,물류유통학과,사회계열,20,21,9
197,2026,물리치료학과,의약계열,42,442,42
197,2026,미디어커뮤니케이션학과,사회계열,28,418,32
197,2026,미래융합스쿨,사회계열,118,123,0
197,2026,미래자동차공학과,공학계열,58,378,60
197,2026,반도체공학과,공학계열,60,259,63
197,2026,반도체디스플레이학과,공학계열,25,47,21
197,2026,비즈니스스쿨 경영학과,사회계열,147,861,159
197,2026,비즈니스스쿨 글로벌통상학과,사회계열,76,531,77
197,2026,비즈니스스쿨 디지털금융경영학과,사회계열,60,385,63
197,2026,빅데이터AI학부,공학계열,83,478,85
197,2026,사회복지학부,사회계열,80,710,92
197,2026,사회체육학과,예체능계열,42,1280,42
197,2026,생명공학과,자연계열,44,368,45
197,2026,소방방재학과,공학계열,60,412,68
197,2026,식품공학과,자연계열,42,275,47
197,2026,식품영양학과,자연계열,43,256,49
197,2026,심리학과,인문계열,55,343,57
197,2026,안전공학과,공학계열,54,432,57
197,2026,애니메이션스쿨,예체능계열,101,1503,101
197,2026,영어영문학과,인문계열,47,232,50
197,2026,유아교육과,교육계열,43,324,43
197,2026,임상병리학과,의약계열,55,431,54
197,2026,자유전공학부,무전공,30,504,30
197,2026,전기시스템공학과,공학계열,75,426,77
197,2026,전자재료공학과,공학계열,40,305,40
197,2026,제약공학과,자연계열,47,287,48
197,2026,중국학과,인문계열,41,257,42
197,2026,첨단산업AI공학과,공학계열,20,29,10
197,2026,청소년문화·상담학과,사회계열,35,175,35
197,2026,한국언어문화학과,인문계열,30,265,32
197,2026,항공서비스학과,사회계열,53,779,53
197,2026,화장품과학과,공학계열,48,367,52
197,2026,화학공학과,공학계열,45,203,46
197,2026,환경공학과,자연계열,36,315,37
197,2026,AIT스쿨,공학계열,40,130,40
197,2026,AIT스쿨 전자공학과,공학계열,60,462,66
197,2026,AIT스쿨 정보통신공학과,공학계열,66,397,67
197,2026,AIT스쿨 지능로봇학과,공학계열,41,259,42
197,2026,AIT스쿨 컴퓨터공학과,공학계열,150,660,160
198,2024,간호학과,의약계열,100,828,96
198,2024,건축인테리어학과,공학계열,40,86,37
198,2024,경영학과,사회계열,58,110,51
198,2024,공연미디어학부,예체능계열,208,798,186
198,2024,글로벌K-뷰티학과,예체능계열,50,149,40
198,2024,물리치료학과,의약계열,38,496,36
198,2024,사회복지상담학과,사회계열,75,85,69
198,2024,사회복지학과,사회계열,20,84,20
198,2024,스포츠무도학과,예체능계열,92,131,85
198,2024,실용음악학부,예체능계열,290,7056,279
198,2024,아동복지학과,사회계열,42,51,42
198,2024,유아교육과,교육계열,41,123,41
198,2024,응급구조학과,의약계열,43,240,40
198,2024,자동차기계공학과,공학계열,46,88,41
198,2024,작업치료학과,의약계열,21,75,19
198,2024,전기소방안전학과,공학계열,42,76,39
198,2024,치위생학과,의약계열,30,176,22
198,2024,컴퓨터정보보안학과,공학계열,15,61,14
198,2024,항공관광학과,사회계열,50,246,40
198,2024,호텔외식조리학과,자연계열,50,517,32
198,2024,K-뷰티소재학과,예체능계열,45,46,36
198,2024,K-콘텐츠제작학과,예체능계열,25,30,15
198,2024,K-푸드창업학과,자연계열,45,75,40
198,2024,K-POP학부,예체능계열,62,146,53
198,2025,간호학과,의약계열,125,688,118
198,2025,건축인테리어학과,공학계열,34,39,34
198,2025,경영학과,사회계열,58,122,52
198,2025,공연미디어학부,예체능계열,178,800,172
198,2025,글로벌관광학과,사회계열,60,35,26
198,2025,물리치료학과,의약계열,41,434,36
198,2025,보건헬스케어학과,의약계열,70,55,50
198,2025,사회복지상담학과,사회계열,80,89,70
198,2025,스포츠무도학과,예체능계열,88,121,88
198,2025,실용음악학부,예체능계열,263,7774,261
198,2025,아동복지학과,사회계열,42,42,40
198,2025,유아교육과,교육계열,30,84,30
198,2025,응급구조학과,의약계열,33,195,30
198,2025,자동차기계공학과,공학계열,45,88,42
198,2025,전기소방안전학과,공학계열,34,38,33
198,2025,치위생학과,의약계열,28,135,24
198,2025,컴퓨터학과,공학계열,20,44,19
198,2025,호텔외식조리학과,자연계열,45,369,45
198,2025,K-뷰티소재학과,예체능계열,50,50,39
198,2025,K-콘텐츠제작학과,예체능계열,60,58,41
198,2025,K-푸드창업학과,자연계열,50,61,40
198,2025,K-POP학과,예체능계열,56,199,52
198,2026,간호학과,의약계열,135,916,135
198,2026,건축인테리어학과,공학계열,30,40,30
198,2026,경영학과,사회계열,86,284,86
198,2026,공연미디어학부,예체능계열,184,1081,178
198,2026,글로컬자유전공학부(1유형),무전공,13,22,13
198,2026,물리치료학과,의약계열,39,509,39
198,2026,사회복지상담학과,사회계열,50,72,48
198,2026,스포츠건강관리학과,예체능계열,38,50,38
198,2026,스포츠무도학과,예체능계열,67,126,67
198,2026,실용음악학부,예체능계열,288,8880,276
198,2026,아동복지학과,사회계열,42,42,38
198,2026,에너지융합공학과,공학계열,40,61,40
198,2026,유아교육과,교육계열,20,133,20
198,2026,응급구조학과,의약계열,28,199,26
198,2026,자동차기계공학과,공학계열,59,177,57
198,2026,치위생학과,의약계열,28,171,28
198,2026,한국어문화학과,인문계열,45,47,42
198,2026,한국어학과,인문계열,47,48,42
198,2026,호텔외식조리학과,자연계열,36,473,36
198,2026,K-뷰티소재학과,예체능계열,47,49,38
198,2026,K-콘텐츠제작학과,예체능계열,30,30,21
198,2026,K-푸드창업학과,자연계열,27,47,26
198,2026,K-POP학과,예체능계열,53,220,52
199,2024,건설환경공학과,공학계열,54,951,54
199,2024,건축학부 건축학전공(5년제),공학계열,60,894,59
199,2024,건축학부 실내건축학전공,공학계열,30,304,30
199,2024,경영학부,사회계열,269,6415,269
199,2024,경제학부,사회계열,49,1180,49
199,2024,공연예술학부(뮤지컬전공),예체능계열,21,727,21
199,2024,공연예술학부(실용음악전공),예체능계열,31,3907,31
199,2024,교육학과,교육계열,30,666,30
199,2024,국어교육과,교육계열,30,763,30
199,2024,국어국문학과,인문계열,28,564,28
199,2024,금속조형디자인과,예체능계열,25,143,25
199,2024,기계ㆍ시스템디자인공학과,공학계열,159,2074,159
199,2024,도시공학과,공학계열,53,780,53
199,2024,도예ㆍ유리과,예체능계열,24,146,24
199,2024,독어독문학과,인문계열,29,645,29
199,2024,동양화과,예체능계열,27,140,26
199,2024,디자인?예술경영학부,사회계열,208,1466,207
199,2024,디자인학부,예체능계열,158,680,158
199,2024,목조형가구학과,예체능계열,25,129,25
199,2024,법학부,사회계열,135,3085,134
199,2024,불어불문학과,인문계열,29,801,29
199,2024,산업?데이터공학과,공학계열,76,1005,76
199,2024,서울캠퍼스 자율전공,인문계열,461,8356,461
199,2024,섬유미술ㆍ패션디자인과,예체능계열,36,184,36
199,2024,수학교육과,교육계열,30,591,30
199,2024,신소재?화공시스템공학부,공학계열,136,1987,136
199,2024,역사교육과,교육계열,23,509,23
199,2024,영어교육과,교육계열,30,639,30
199,2024,영어영문학과,인문계열,38,1050,38
199,2024,예술학과,예체능계열,28,562,28
199,2024,자율전공(미술대),예체능계열,79,523,79
199,2024,전자·전기공학부,공학계열,213,2411,213
199,2024,조소과,예체능계열,27,157,27
199,2024,컴퓨터공학과,공학계열,191,2173,190
199,2024,판화과,예체능계열,26,140,26
199,2024,회화과,예체능계열,57,261,57
199,2025,건설환경공학과,공학계열,53,789,53
199,2025,건축학부 건축학전공(5년제),공학계열,54,698,54
199,2025,건축학부 실내건축학전공,공학계열,29,273,29
199,2025,경영학부,사회계열,268,6757,266
199,2025,경제학부,사회계열,45,1072,45
199,2025,공연예술학부(뮤지컬전공),예체능계열,22,745,22
199,2025,공연예술학부(실용음악전공),예체능계열,34,4336,34
199,2025,교육학과,교육계열,29,602,29
199,2025,국어교육과,교육계열,29,790,29
199,2025,국어국문학과,인문계열,25,543,25
199,2025,금속조형디자인과,예체능계열,28,161,28
199,2025,기계ㆍ시스템디자인공학과,공학계열,159,1673,159
199,2025,도시공학과,공학계열,53,585,52
199,2025,도예ㆍ유리과,예체능계열,23,140,23
199,2025,독어독문학과,인문계열,26,664,26
199,2025,동양화과,예체능계열,27,149,27
199,2025,디자인?예술경영학부,사회계열,205,1670,205
199,2025,디자인학부,예체능계열,180,708,180
199,2025,목조형가구학과,예체능계열,24,153,24
199,2025,미술대학 자율전공,예체능계열,79,522,79
199,2025,법학부,사회계열,133,2638,133
199,2025,불어불문학과,인문계열,25,526,25
199,2025,산업?데이터공학과,공학계열,78,867,78
199,2025,서울캠퍼스 자율전공,무전공,460,9026,459
199,2025,섬유미술ㆍ패션디자인과,예체능계열,54,190,55
199,2025,수학교육과,교육계열,30,336,30
199,2025,신소재?화공시스템공학부,공학계열,138,1926,138
199,2025,역사교육과,교육계열,22,468,22
199,2025,영어교육과,교육계열,29,573,29
199,2025,영어영문학과,인문계열,35,779,33
199,2025,예술학과,예체능계열,31,535,30
199,2025,전자·전기공학부,공학계열,215,2608,213
199,2025,조소과,예체능계열,28,154,28
199,2025,컴퓨터공학과,공학계열,159,2061,159
199,2025,판화과,예체능계열,27,147,27
199,2025,회화과,예체능계열,57,266,57
199,2026,건설환경공학과,공학계열,53,830,53
199,2026,건축학부 건축학전공(5년제),공학계열,56,755,56
199,2026,건축학부 실내건축학전공,공학계열,25,437,26
199,2026,경영학부,사회계열,268,6273,268
199,2026,경제학부,사회계열,46,821,46
199,2026,공연예술학부(뮤지컬전공),예체능계열,23,772,23
199,2026,공연예술학부(실용음악전공),예체능계열,32,4856,32
199,2026,교육학과,교육계열,29,564,29
199,2026,국어교육과,교육계열,29,657,29
199,2026,국어국문학과,인문계열,25,470,25
199,2026,금속조형디자인과,예체능계열,25,128,25
199,2026,기계ㆍ시스템디자인공학과,공학계열,158,1921,158
199,2026,도시공학과,공학계열,53,953,53
199,2026,도예ㆍ유리과,예체능계열,23,135,23
199,2026,독어독문학과,인문계열,26,558,26
199,2026,동양화과,예체능계열,27,121,27
199,2026,디자인·예술경영학부,사회계열,205,1262,203
199,2026,디자인학부,예체능계열,166,596,167
199,2026,목조형가구학과,예체능계열,23,126,23
199,2026,미술대학 자율전공,예체능계열,79,486,79
199,2026,법학부,사회계열,133,2970,133
199,2026,불어불문학과,인문계열,25,468,24
199,2026,산업·데이터공학과,공학계열,78,1106,78
199,2026,서울캠퍼스 자율전공,무전공,460,8242,459
199,2026,섬유미술ㆍ패션디자인과,예체능계열,45,178,45
199,2026,수학교육과,교육계열,29,505,29
199,2026,신소재·화공시스템공학부,공학계열,137,2207,137
199,2026,역사교육과,교육계열,22,504,22
199,2026,영어교육과,교육계열,29,756,29
199,2026,영어영문학과,인문계열,35,689,34
199,2026,예술학과,예체능계열,27,516,27
199,2026,전자·전기공학부,공학계열,214,2964,213
199,2026,조소과,예체능계열,27,203,27
199,2026,컴퓨터공학과,공학계열,160,1777,160
199,2026,판화과,예체능계열,26,156,26
199,2026,회화과,예체능계열,62,279,62
200,2024,건축공학부,공학계열,60,397,58
200,2024,게임학부 게임그래픽디자인전공(미술계),예체능계열,51,280,50
200,2024,게임학부 게임소프트웨어전공(공학계),공학계열,41,378,39
200,2024,광고홍보학부,사회계열,103,716,100
200,2024,기계정보공학과,공학계열,53,445,52
200,2024,나노신소재학과,공학계열,48,396,48
200,2024,디자인컨버전스학부,예체능계열,158,749,157
200,2024,바이오화학공학과,공학계열,49,396,49
200,2024,산업스포츠학과,예체능계열,25,291,24
200,2024,상경학부,사회계열,182,1424,177
200,2024,세종캠퍼스 자율전공,공학계열,351,2461,351
200,2024,소프트웨어융합학과,공학계열,71,538,70
200,2024,영상ㆍ애니메이션학부,예체능계열,86,443,86
200,2024,자율전공(과기대),공학계열,50,534,48
200,2024,전자전기융합공학과,공학계열,66,463,58
200,2024,조선해양공학과,공학계열,38,277,38
200,2025,건축공학부,공학계열,60,428,60
200,2025,게임학부 게임그래픽디자인전공(미술계),예체능계열,52,245,51
200,2025,게임학부 게임소프트웨어전공(공학계),공학계열,41,283,39
200,2025,과학기술대학 자율전공,공학계열,51,323,51
200,2025,광고홍보학부,사회계열,101,853,98
200,2025,기계정보공학과,공학계열,52,278,51
200,2025,기타모집단위,인문계열,8,0,0
200,2025,나노신소재학과,공학계열,50,235,50
200,2025,디자인컨버전스학부,예체능계열,157,794,152
200,2025,바이오화학공학과,공학계열,49,260,49
200,2025,산업스포츠학과,예체능계열,26,377,26
200,2025,상경학부,사회계열,187,1475,182
200,2025,세종캠퍼스 자율전공,무전공,351,2276,351
200,2025,소프트웨어융합학과,공학계열,72,533,71
200,2025,영상ㆍ애니메이션학부,예체능계열,89,514,89
200,2025,전자전기융합공학과,공학계열,58,417,58
200,2025,조선해양공학과,공학계열,38,338,38
200,2026,건축공학부,공학계열,61,651,61
200,2026,게임학부 게임그래픽디자인전공(미술계),예체능계열,52,270,49
200,2026,게임학부 게임소프트웨어전공(공학계),공학계열,41,424,38
200,2026,광고홍보학부,사회계열,101,722,98
200,2026,기타모집단위,인문계열,8,0,0
200,2026,나노반도체공학과,공학계열,49,532,49
200,2026,디자인컨버전스학부,예체능계열,157,879,154
200,2026,바이오화학융합공학과,공학계열,49,788,47
200,2026,상경학부,사회계열,187,1577,182
200,2026,세종캠퍼스 자율전공,무전공,350,2686,350
200,2026,소프트웨어융합학과,공학계열,71,994,71
200,2026,스포츠지도학과,예체능계열,26,389,25
200,2026,영상ㆍ애니메이션학부,예체능계열,87,490,86
200,2026,전자전기융합공학과,공학계열,58,599,56
200,2026,조선해양모빌리티공학과,공학계열,38,493,38
200,2026,AI기계융합공학과,공학계열,53,525,53
200,2026,AID융합과학기술대학 자율전공,공학계열,51,536,50
201,2024,간호학과,의약계열,51,538,50
201,2024,경찰과학수사학과,사회계열,32,177,30
201,2024,데이터사이언스학과,공학계열,21,65,12
201,2024,바이오헬스케어학과,자연계열,36,105,17
201,2024,서비스디자인학과,예체능계열,20,59,9
201,2024,스타일테크학과,예체능계열,24,77,3
201,2024,스포츠과학부,예체능계열,23,137,21
201,2024,의료경영학과,사회계열,21,96,8
201,2024,의료복지학과,사회계열,24,65,13
201,2024,의료심리학과,인문계열,20,67,17
201,2024,의생명과학과,자연계열,31,142,24
201,2025,간호학과,의약계열,50,386,49
201,2025,경찰과학수사학과,사회계열,32,181,29
201,2025,데이터사이언스학과,공학계열,21,112,17
201,2025,미래디자인학부,사회계열,36,148,13
201,2025,바이오헬스케어학과,자연계열,22,94,12
201,2025,스포츠과학부 스포츠과학과,예체능계열,16,104,14
201,2025,스포츠과학부 태권도학과,예체능계열,15,67,15
201,2025,의료경영학과,사회계열,21,103,17
201,2025,의료사회복지학과,사회계열,18,113,14
201,2025,의료심리학과,인문계열,25,144,22
201,2025,의생명과학과,자연계열,30,161,30
201,2026,간호학과,의약계열,50,508,49
201,2026,경찰과학수사학과,사회계열,34,287,31
201,2026,데이터사이언스학과,공학계열,21,146,20
201,2026,라이프스타일테크학과,예체능계열,16,96,10
201,2026,바이오헬스케어학과,자연계열,33,173,33
201,2026,서비스디자인학과,예체능계열,21,113,13
201,2026,스포츠과학과,예체능계열,15,123,13
201,2026,의료경영학과,사회계열,21,129,21
201,2026,의료사회복지학과,사회계열,17,109,15
201,2026,의료심리학과,인문계열,26,153,27
201,2026,의생명과학과,자연계열,31,138,30
201,2026,태권도학과,예체능계열,16,89,14
